minsplayed,position,artificialkey,playerfact,teamid,playeroverall,playerid
13,3,320,10,111397,67,231310
29,14,18046,10,97,72,204412
36,25,20809,10,19,80,201818
12,16,17859,10,1945,66,192970
44,10,17900,10,8,72,282401
29,7,20450,10,52,83,205069
29,12,14414,10,110227,75,282760
255,62,12515,10,1795,75,192350
42,14,20769,13,1795,78,185132
11,14,20917,10,109,76,233957
13,4,20315,10,175,80,280537
0,5,14340,7,110374,79,281377
95,1,19056,10,19,81,199914
19,18,17226,10,1925,76,281386
15,25,20359,10,1819,67,281784
39,25,20371,10,485,78,201363
29,21,14728,10,1913,75,283688
33,18,20463,10,379,84,281304
0,5,20289,7,7,87,207599
42,12,20275,10,45,85,198784
90,25,20274,0,45,86,193301
90,18,20273,0,45,93,211110
90,16,20272,0,45,85,200104
90,12,20271,0,45,88,212404
48,14,20270,0,45,88,209658
90,10,20269,0,45,77,170890
90,7,20268,0,45,87,191043
90,5,20267,0,45,88,211320
26,5,14529,10,673,77,204121
7,25,20346,10,481,80,199451
100,2,12912,10,1806,83,207537
38,25,20358,10,1819,77,225652
26,14,19514,10,73,85,281385
40,18,19513,10,73,85,226226
90,27,19512,0,73,93,190871
90,25,19511,0,73,90,202126
90,23,19510,0,73,89,280289
64,14,19509,0,73,91,199556
50,14,19508,0,73,88,222509
90,14,19507,0,73,87,210896
90,7,19506,0,73,86,280324
90,5,19505,0,73,92,201535
17,25,14313,10,101014,62,199201
21,12,14146,10,86,75,283829
29,18,20302,10,237,83,208919
38,18,20301,10,237,84,228650
25,14,20372,10,485,81,218359
90,25,19446,0,21,85,188545
90,18,19445,0,21,85,208448
54,16,19444,0,21,93,283125
90,23,19443,0,21,87,210935
90,10,19442,0,21,79,283697
90,14,19441,0,21,88,211575
90,7,19440,0,21,88,197445
48,5,19439,0,21,89,212190
90,5,19438,0,21,87,213331
48,15,20316,10,175,84,206511
43,25,20250,10,240,86,221125
37,7,19461,10,241,83,282386
44,3,19460,10,241,83,190456
90,27,19459,0,241,89,202477
90,25,19458,0,241,89,208596
90,23,19457,0,241,86,201995
90,10,19456,0,241,80,208088
90,14,19455,1,241,89,189509
90,10,19454,0,241,83,189511
90,7,19453,0,241,84,211688
53,5,19452,0,241,87,184432
90,5,19451,0,241,87,201024
47,25,20249,0,240,88,194765
10,12,307,10,111400,77,234048
90,25,306,0,111400,54,183025
80,16,305,0,111400,79,280593
90,14,304,0,111400,62,240340
90,12,303,0,111400,67,284375
90,10,302,0,111400,73,203308
90,5,301,0,111400,69,183564
90,7,300,0,111400,65,183741
90,5,299,0,111400,65,185170
90,5,298,0,111400,70,283103
90,3,297,0,111400,63,213281
90,0,296,0,111400,60,183244
16,10,319,10,111397,75,225434
90,27,318,1,111397,62,223083
90,18,317,0,111397,71,172208
90,23,316,0,111397,68,182091
74,18,315,0,111397,64,284169
90,10,314,0,111397,75,282679
90,10,313,0,111397,67,220711
90,7,312,0,111397,68,159912
90,5,311,0,111397,68,228310
90,5,310,0,111397,71,211793
77,3,309,0,111397,70,212511
90,0,308,0,111397,72,283106
30,14,347,10,605,73,191269
27,18,346,10,605,74,192110
90,25,345,0,605,80,220685
90,21,344,0,605,75,280892
90,18,343,0,605,75,220075
63,10,342,0,605,77,210926
60,10,341,0,605,74,195087
90,10,340,0,605,74,235746
90,7,339,0,605,71,280450
90,5,338,0,605,75,203464
90,5,337,0,605,74,223873
90,3,336,0,605,71,234279
40,18,14528,10,673,80,203895
90,3,19437,0,21,83,280053
90,5,19504,0,73,85,282217
90,3,19503,0,73,87,204963
46,3,19450,0,241,88,203747
90,0,335,0,605,75,204234
90,25,20248,0,240,87,222357
90,16,20247,0,240,90,208418
90,10,20246,0,240,83,209989
90,18,20245,0,240,85,281626
90,14,20244,0,240,90,208421
90,7,20243,0,240,87,282295
90,5,20242,0,240,89,282835
90,5,20241,0,240,86,204639
90,3,20240,0,240,93,281931
90,0,19449,0,241,89,192448
44,14,20385,10,47,88,220971
33,10,14273,10,100767,82,281084
90,25,14272,0,100767,80,203757
27,14,20904,13,1960,82,281410
10,25,20534,10,112218,75,240547
46,3,19020,7,1799,78,194644
23,25,14004,10,191,75,234063
18,14,18413,10,15,72,203138
132,-1,19180,10,10,90,192985
36,16,19448,10,21,91,213565
127,-1,19020,10,1799,80,213666
90,5,20266,0,45,86,205452
12,-1,19124,13,1806,81,204289
44,14,17951,10,15015,69,236437
90,25,17950,0,15015,71,201346
90,16,17949,0,15015,67,282385
46,14,17948,0,15015,76,211378
90,14,17947,0,15015,75,211228
90,25,17946,0,15015,70,190722
90,10,17945,0,15015,69,193173
90,7,17944,0,15015,74,284370
90,5,17943,0,15015,74,281072
90,5,17942,0,15015,70,194785
90,3,17941,0,15015,68,215388
7,25,11113,10,1800,69,233915
39,14,11112,10,1800,66,280485
83,25,11111,0,1800,71,208559
90,16,11110,0,1800,63,226055
90,16,11109,0,1800,66,239554
51,12,11108,0,1800,69,231979
90,14,11107,0,1800,65,186449
90,14,11106,0,1800,67,280978
90,7,11105,0,1800,67,213889
90,5,11104,0,1800,72,206524
90,5,11103,0,1800,67,283590
90,3,11102,0,1800,71,205015
90,0,11101,0,1800,72,283340
90,0,17940,0,15015,67,280492
6,25,18469,10,1797,64,239024
23,16,18468,10,1797,73,283338
90,25,18467,0,1797,71,200779
90,25,18466,0,1797,67,195481
90,18,18465,0,1797,78,283726
67,10,18464,0,1797,72,191151
84,10,18463,0,1797,71,208769
90,18,18462,0,1797,77,229699
90,3,18461,0,1797,68,280975
90,5,18460,0,1797,74,284007
90,5,18459,0,1797,72,207952
11,25,18598,10,1952,68,188107
13,14,18716,10,106,72,282410
41,14,17376,10,1933,67,211928
90,16,17375,0,1933,70,229179
90,25,17374,0,1933,65,281151
90,23,17373,0,1933,71,224770
90,10,17372,0,1933,69,281149
49,14,17371,0,1933,71,215700
50,10,17370,0,1933,66,213201
90,3,17369,0,1933,58,204635
90,5,17368,0,1933,71,282655
90,5,17367,0,1933,66,281136
77,3,17366,0,1933,68,282149
90,0,17365,0,1933,60,152456
31,5,18045,10,97,71,193549
0,5,19140,7,110,74,202048
26,3,20015,10,91,67,186330
37,21,20014,10,91,74,283146
90,25,20013,1,91,78,205478
73,25,20012,0,91,73,198331
53,21,20011,0,91,77,211513
64,23,20010,0,91,75,200473
90,10,20009,0,91,77,280997
90,10,20008,0,91,76,198379
90,7,20007,0,91,75,212100
90,5,20006,0,91,78,201908
90,16,17224,0,1925,78,283021
90,25,17223,0,1925,80,211784
90,23,17222,0,1925,74,192362
71,10,17221,0,1925,75,205818
90,10,17220,0,1925,74,198704
48,10,17219,0,1925,76,199169
90,7,17218,0,1925,72,220149
90,5,17217,0,1925,76,204936
90,5,17216,0,1925,75,191079
90,3,17215,0,1925,74,201136
90,0,17214,0,1925,67,236663
14,16,13409,10,1962,62,205094
17,7,13408,10,1962,71,283587
39,18,17858,10,1945,66,234087
90,16,17857,0,1945,68,205161
90,25,17856,0,1945,64,167841
90,12,17855,0,1945,67,282156
51,18,17854,0,1945,68,281047
78,10,17853,0,1945,67,240805
90,14,17852,0,1945,71,207639
90,7,17851,0,1945,70,281613
90,5,17850,0,1945,71,201212
90,5,17849,0,1945,72,221322
90,3,17848,0,1945,56,210952
90,0,17847,0,1945,63,221457
21,18,20684,10,236,81,280812
35,16,13499,10,1790,68,200486
90,25,13498,0,1790,67,280503
90,25,13497,0,1790,70,211384
90,16,13496,0,1790,68,205054
90,14,13495,0,1790,69,222937
55,14,13494,0,1790,66,228584
90,12,13493,0,1790,68,198235
90,7,13492,0,1790,67,229895
90,5,13491,0,1790,73,221600
90,5,13490,0,1790,70,211166
90,5,13489,0,1790,67,192695
90,0,13488,0,1790,69,225361
0,14,16893,7,1801,77,282413
38,14,16892,10,1801,73,216464
90,27,16891,0,1801,71,202663
90,25,16890,0,1801,73,220862
90,12,16889,0,1801,68,199946
90,10,16888,0,1801,72,283570
90,14,16887,0,1801,74,283729
52,10,16886,0,1801,78,213689
90,7,16885,0,1801,76,283341
90,5,16884,0,1801,72,280979
90,5,16883,0,1801,70,199010
90,3,16882,0,1801,70,206094
90,0,16881,0,1801,73,209333
45,12,15264,10,1923,64,216155
11,14,15187,10,143,65,236623
34,14,13238,10,127,67,223004
90,25,13237,0,127,65,240347
90,25,13236,0,127,65,238368
90,16,13235,0,127,69,283592
90,14,13234,0,127,70,212682
90,14,13233,0,127,70,281899
56,12,13232,0,127,70,219447
90,7,13231,0,127,71,215855
90,5,13230,0,127,73,283625
90,5,13229,0,127,68,281162
90,3,13228,0,127,67,280780
90,0,13227,0,127,65,223727
11,14,18638,10,1935,72,200900
31,5,18637,10,1935,68,229643
39,7,18636,10,1935,71,283522
90,25,18635,0,1935,69,226172
90,25,18634,0,1935,68,204785
90,18,18633,0,1935,69,220139
90,10,18632,0,1935,72,213635
79,14,18631,0,1935,73,212515
90,8,18630,0,1935,72,207806
90,5,18629,0,1935,70,220140
59,5,18628,0,1935,69,282384
39,25,20796,10,95,70,234743
28,14,15236,10,1949,69,281230
43,14,17871,10,142,70,283891
39,25,17870,0,142,68,195126
90,25,17869,0,142,64,237332
90,18,17868,0,142,64,235703
90,16,17867,0,142,63,179663
90,12,17866,0,142,71,213673
47,10,17865,0,142,67,211511
90,7,17864,0,142,68,193014
90,5,17863,0,142,71,283153
90,5,17862,0,142,70,282520
61,3,17861,0,142,70,229401
28,7,20288,13,7,82,189332
34,12,20131,10,13,80,239441
41,25,20130,10,13,77,230294
90,25,20129,0,13,83,231745
49,25,20128,0,13,81,192387
90,27,20127,0,13,85,204077
56,10,20126,0,13,79,206115
90,14,20125,1,13,84,203535
90,12,20124,0,13,81,208977
90,7,20123,0,13,80,192557
90,5,20122,0,13,83,197948
90,5,20121,0,13,82,210897
19,18,11043,10,112259,61,228596
30,12,11042,10,112259,65,197990
90,16,11041,0,112259,59,234130
90,25,11040,0,112259,63,197932
90,18,11039,0,112259,70,282411
75,14,11038,0,112259,66,198692
71,18,11037,0,112259,66,232641
90,14,11036,0,112259,65,282379
90,7,11035,0,112259,67,194510
90,5,11034,0,112259,72,282965
90,5,11033,0,112259,68,204458
60,3,11032,0,112259,64,224604
90,0,11031,0,112259,60,223827
37,5,18755,10,12,74,229682
44,14,18754,10,12,74,193910
90,25,18753,0,12,76,206534
90,25,18752,0,12,76,213699
90,18,18751,0,12,66,223599
90,10,18750,0,12,74,281301
90,10,18749,0,12,73,186385
46,10,18748,0,12,76,217287
90,7,18747,0,12,73,216535
90,5,18746,0,12,80,200408
90,5,18745,0,12,74,194334
53,3,18744,0,12,69,211060
29,12,16930,10,1480,61,240668
47,25,17898,10,8,70,210404
120,25,17897,1,8,71,281866
120,18,17896,0,8,76,198143
73,16,17895,0,8,75,280841
120,12,17894,0,8,74,205360
61,10,17893,0,8,81,280741
76,10,17892,0,8,80,233943
120,7,17891,0,8,70,224097
120,5,17890,0,8,78,194201
120,5,17889,0,8,71,189456
120,3,17888,0,8,78,218658
120,0,17887,0,8,78,197439
25,16,20797,10,95,77,191388
40,7,18597,10,1952,69,223981
90,25,18596,0,1952,71,201911
79,14,18595,0,1952,71,193884
90,10,18594,0,1952,70,282442
90,14,18593,0,1952,77,190683
90,12,18592,0,1952,69,224371
50,10,18591,0,1952,78,206538
90,7,18590,0,1952,71,283405
90,5,18589,0,1952,68,283573
90,5,18588,0,1952,68,181175
90,3,18587,0,1952,63,229086
90,0,18586,0,1952,67,140498
134,-1,19124,10,1806,82,212523
90,18,14271,0,100767,78,193897
30,14,20001,10,1807,75,183465
26,25,18374,10,135,62,186112
20,18,18687,10,1804,69,237471
90,25,18686,0,1804,70,208869
90,25,18685,0,1804,67,204217
90,16,18684,0,1804,76,283585
70,10,18683,0,1804,63,206142
68,14,18682,0,1804,67,282519
90,12,18681,0,1804,70,223916
90,7,18680,0,1804,71,225496
76,5,18679,0,1804,71,281123
90,3,18678,0,1804,65,281144
0,10,18442,7,14,70,280481
19,14,18003,10,1955,66,283535
42,10,17225,10,1925,75,202808
11,14,17213,10,1798,70,225279
90,25,17212,0,1798,72,215420
79,25,17211,0,1798,71,283339
90,10,17210,0,1798,70,280976
90,10,17209,0,1798,66,171970
90,23,17208,0,1798,72,211373
90,10,17207,0,1798,82,282091
90,7,17206,0,1798,66,198071
90,5,17205,0,1798,72,163757
90,5,17204,0,1798,66,192496
90,3,17203,0,1798,67,203264
90,0,17202,0,1798,69,198285
90,5,20005,0,91,75,281139
23,27,18441,10,14,73,283868
41,14,18440,10,14,76,227174
90,25,18439,0,14,75,219948
90,18,18438,0,14,78,212803
90,14,18437,0,14,74,282370
90,12,18436,0,14,75,221251
67,5,18435,0,14,69,171831
49,7,18434,0,14,65,191566
90,7,18433,0,14,72,212645
90,5,18432,0,14,77,230708
90,5,18431,0,14,75,284550
90,3,18430,0,14,75,235977
90,3,18677,0,1804,66,283344
11,18,16931,10,1480,60,236776
29,14,18412,10,15,74,205347
90,25,18411,0,15,77,281867
90,25,18410,0,15,73,283545
90,10,18409,0,15,77,229739
61,14,18408,0,15,74,226012
72,10,18407,0,15,73,187818
90,7,18406,0,15,74,199027
90,5,18405,0,15,77,283972
90,5,18404,0,15,77,193504
90,5,18403,0,15,72,204761
90,3,18402,0,15,73,189300
22,5,15186,10,143,66,280783
11,14,15173,10,1954,66,282377
33,14,16691,10,1794,72,222477
44,7,18002,10,1955,70,202795
90,25,18001,0,1955,71,283407
90,18,18000,0,1955,74,212990
90,7,17999,0,1955,68,213797
90,14,17998,0,1955,72,219990
71,10,17997,0,1955,71,213147
90,14,17996,0,1955,68,235496
90,7,17995,0,1955,70,283003
73,5,17994,0,1955,68,203059
46,5,17993,0,1955,68,220038
17,5,18004,10,1955,68,187154
90,3,17992,0,1955,71,224361
90,25,13572,0,112254,67,193557
90,25,13571,0,112254,64,208850
90,25,13570,0,112254,63,282373
90,10,13569,0,112254,67,226681
90,14,13568,0,112254,66,225558
90,8,13567,0,112254,68,209315
59,5,13566,0,112254,65,194148
90,5,13565,0,112254,61,190240
90,5,13564,0,112254,62,170229
90,3,13563,0,112254,65,232621
90,0,13562,0,112254,65,203034
90,0,17860,0,142,69,209750
42,16,13735,10,1928,66,203328
90,25,13734,0,1928,66,281036
90,25,13733,0,1928,64,204365
90,16,13732,0,1928,67,283391
48,14,13731,0,1928,64,283547
90,14,13730,0,1928,59,238608
90,12,13729,0,1928,67,235333
76,7,13728,0,1928,67,282368
90,5,13727,0,1928,74,282145
90,5,13726,0,1928,68,186172
90,5,13725,0,1928,64,205160
90,0,13724,0,1928,62,225280
23,10,20770,13,1795,72,218880
0,14,18690,7,1804,71,203415
43,25,13360,10,110890,62,240331
47,25,13359,0,110890,66,239836
90,18,13358,0,110890,65,202099
90,16,13357,0,110890,66,206558
90,12,13356,0,110890,69,282287
90,10,13355,0,110890,61,192154
90,10,13354,0,110890,59,204410
90,7,13353,0,110890,66,282374
90,5,13352,0,110890,70,198497
90,5,13351,0,110890,70,283567
36,7,20903,10,1960,77,223747
40,12,13384,10,1940,63,169919
90,25,13383,0,1940,70,203500
90,25,13382,0,1940,66,210244
90,16,13381,0,1940,64,225734
90,14,13380,0,1940,72,215950
50,14,13379,0,1940,65,186198
90,12,13378,0,1940,63,189163
90,7,13377,0,1940,71,283401
90,5,13376,0,1940,72,282155
90,5,13375,0,1940,70,206535
90,3,13374,0,1940,69,213894
90,0,13373,0,1940,68,281046
32,12,17087,10,110313,63,227183
43,12,15223,10,1937,63,173836
90,25,15222,0,1937,66,281148
90,25,15221,0,1937,60,222872
47,16,15220,0,1937,70,204324
90,14,15219,0,1937,66,281044
90,14,15218,0,1937,64,205589
90,12,15217,0,1937,64,283399
90,7,15216,0,1937,57,163158
90,5,15215,0,1937,67,187797
90,14,15214,0,1937,67,203428
90,3,15213,0,1937,64,193804
0,10,17873,7,142,73,223962
10,25,20002,10,1807,74,284286
90,25,19988,1,1808,79,223245
90,14,19987,0,1808,82,220609
90,25,19986,0,1808,77,214727
90,10,19985,0,1808,75,186143
90,10,19984,0,1808,74,284004
90,12,19983,0,1808,73,214877
90,7,19982,0,1808,79,220837
90,5,19981,0,1808,77,199580
90,5,19980,0,1808,73,232004
43,16,13747,10,1803,65,238817
90,25,13746,0,1803,72,221141
90,18,13745,0,1803,71,222970
90,14,13744,0,1803,70,199658
90,14,13743,0,1803,67,212846
47,3,13742,0,1803,70,222405
90,14,13741,0,1803,67,208852
90,7,13740,0,1803,73,282095
90,5,13739,0,1803,75,281133
90,5,13738,0,1803,70,208188
90,3,13737,0,1803,70,204033
90,25,13336,0,1930,65,212006
90,25,13335,0,1930,63,236737
90,14,13334,0,1930,67,190682
90,10,13333,0,1930,71,202693
90,5,13332,0,1930,66,284537
90,7,13331,0,1930,66,223846
90,5,13330,0,1930,71,210044
90,5,13329,0,1930,70,203809
90,5,13328,0,1930,67,193123
90,3,13327,0,1930,71,202204
90,0,13326,0,1930,66,283393
90,7,18627,0,1935,71,223953
90,0,17991,0,1955,53,227941
39,12,18044,10,97,72,221197
90,25,18043,0,97,73,224151
90,25,18042,0,97,71,282953
61,16,18041,0,97,71,203491
90,14,18040,0,97,73,225310
90,14,18039,0,97,72,203069
51,12,18038,0,97,73,205970
59,7,18037,0,97,69,208097
90,5,18036,0,97,72,282774
90,5,18035,0,97,71,216481
90,3,18034,0,97,74,211966
0,5,16678,7,1926,66,200793
13,16,16677,10,1926,65,227884
90,25,16676,0,1926,72,282144
90,25,16675,0,1926,70,203289
77,12,16674,0,1926,65,280469
90,10,16673,0,1926,71,239049
90,10,16672,0,1926,65,283390
90,7,16671,0,1926,62,223180
90,5,16670,0,1926,67,283531
90,5,16669,0,1926,66,218576
90,5,16668,0,1926,62,238584
90,3,16667,0,1926,65,203292
90,0,16666,0,1926,63,281035
16,18,15172,10,1954,67,220994
90,25,15171,0,1954,63,240620
90,25,15170,0,1954,59,170072
90,16,15169,0,1954,79,283813
74,10,15168,0,1954,73,200689
79,14,15167,0,1954,68,283406
90,12,15166,0,1954,66,283565
90,7,15165,0,1954,69,221149
90,5,15164,0,1954,73,281143
90,5,15163,0,1954,70,282160
90,3,15162,0,1954,66,281051
90,0,15161,0,1954,67,216473
22,12,16996,10,1917,67,199498
31,14,16995,10,1917,72,283578
90,14,16994,0,1917,73,201093
90,14,16993,0,1917,75,283526
90,16,16992,0,1917,72,211623
68,14,16991,0,1917,73,200667
59,10,16990,0,1917,75,284011
90,10,16989,0,1917,73,208302
90,8,16988,0,1917,75,211514
90,5,16987,0,1917,72,283386
90,5,16986,0,1917,72,283671
90,3,16985,0,1917,79,284395
90,0,16984,0,1917,63,230893
15,12,11451,10,121,60,227630
0,5,20784,7,1943,81,193011
25,16,20630,10,873,68,283810
42,18,16690,10,1794,76,220196
90,25,16689,0,1794,73,216265
90,25,16688,0,1794,70,283575
90,10,16687,0,1794,70,225071
57,14,16686,0,1794,75,200746
48,18,16685,0,1794,76,280651
90,7,16684,0,1794,66,192546
90,5,16683,0,1794,74,238779
90,5,16682,0,1794,72,281131
90,5,16681,0,1794,68,173734
90,3,16680,0,1794,70,200855
90,0,16679,0,1794,69,202199
30,-1,872,0,1929,65,185108
59,12,17899,10,8,74,209484
90,25,17098,0,1929,65,280473
90,18,17097,0,1929,72,225363
90,18,17096,0,1929,68,192451
90,12,17095,0,1929,58,284319
90,3,17094,0,1929,70,283392
90,5,17093,0,1929,64,203210
90,7,17092,0,1929,61,213569
90,5,17091,0,1929,70,203749
90,5,17090,0,1929,70,208752
90,3,17089,0,1929,71,217191
90,0,17088,0,1929,65,185108
41,14,20000,10,1807,77,282871
35,25,13474,10,1938,64,210639
18,25,13473,10,1938,67,229731
55,25,13472,0,1938,68,240345
72,25,13471,0,1938,67,204291
90,18,13470,0,1938,73,206571
90,16,13469,0,1938,67,200980
90,10,13468,0,1938,63,232312
90,3,13467,0,1938,75,283400
90,12,13466,0,1938,76,226431
90,5,13465,0,1938,69,200697
90,5,13464,0,1938,65,235905
90,5,13463,0,1938,64,239984
90,0,13462,0,1938,66,222007
67,1,18952,7,1793,79,283672
94,1,18952,10,1793,78,211506
90,25,13288,0,3,71,207429
90,18,13287,0,3,73,211098
90,16,13286,0,3,74,226162
90,10,13285,0,3,69,200806
90,14,13284,0,3,67,186135
90,25,13283,0,3,71,280739
90,7,13282,0,3,73,203398
90,5,13281,0,3,67,231540
90,5,13280,0,3,58,161943
90,3,13279,0,3,72,283009
90,0,13278,0,3,72,220901
19,25,17023,10,88,70,227931
22,12,17022,10,88,72,213302
41,14,17021,10,88,74,283717
90,25,17020,0,88,80,226093
49,18,17019,0,88,70,197785
90,16,17018,0,88,72,224108
71,14,17017,0,88,76,282748
68,10,17016,0,88,67,170082
90,14,17015,0,88,69,195020
90,7,17014,0,88,73,234832
90,5,17013,0,88,73,228829
90,5,17012,0,88,71,170039
90,3,17011,0,88,69,167797
90,0,17010,0,88,69,182207
90,0,20239,0,240,92,200389
15,18,17137,10,1932,76,213798
74,16,15262,10,1923,64,282471
120,25,15261,0,1923,66,210108
120,25,15260,4,1923,64,182617
46,18,15259,0,1923,64,238240
120,14,15258,0,1923,69,207956
75,16,15257,0,1923,70,283540
49,14,15256,0,1923,63,193206
120,7,15255,0,1923,67,230149
120,5,15254,0,1923,72,282142
120,5,15253,0,1923,70,215570
120,3,15252,0,1923,71,233493
18,14,11085,10,361,64,229142
39,14,11084,10,361,64,280486
44,14,11083,10,361,65,225583
90,25,11082,0,361,69,225586
90,25,11081,0,361,65,222848
72,16,11080,0,361,68,234474
90,10,11079,0,361,66,280847
51,14,11078,0,361,73,283215
46,12,11077,0,361,68,209369
90,7,11076,0,361,70,281124
90,5,11075,0,361,69,280615
90,5,11074,0,361,66,195219
90,3,11073,0,361,60,239989
90,25,11072,0,361,63,280496
27,7,18557,10,1924,68,187093
44,14,18556,10,1924,71,281033
90,25,18555,0,1924,72,229350
90,25,18554,0,1924,68,236328
90,10,18553,0,1924,69,216190
90,14,18552,0,1924,77,283389
46,10,18551,0,1924,62,282403
90,7,18550,0,1924,71,220071
63,5,18549,0,1924,70,228191
90,5,18548,0,1924,67,235699
90,5,18547,0,1924,66,223373
90,3,18546,0,1924,71,284539
90,0,18545,0,1924,67,282143
26,25,20876,10,1793,73,203793
27,5,11450,10,121,61,283150
43,12,11449,10,121,62,280475
90,27,11448,0,121,65,222870
90,25,11447,0,121,66,190239
90,12,11446,0,121,64,226261
90,14,11445,0,121,68,223969
47,14,11444,0,121,71,280779
75,14,11443,0,121,63,230602
63,7,11442,0,121,57,179757
90,5,11441,0,121,66,203430
90,14,11440,0,121,69,213519
14,12,15235,10,1949,66,212513
90,25,15234,0,1949,66,189808
90,25,15233,0,1949,67,206263
62,16,15232,0,1949,68,200411
90,14,15231,0,1949,71,184242
90,14,15230,0,1949,69,199815
76,18,15229,0,1949,70,281134
90,7,15228,0,1949,69,203751
90,5,15227,0,1949,75,283010
90,5,15226,0,1949,69,281127
90,3,15225,0,1949,69,190235
90,0,15224,0,1949,68,280523
42,5,19447,10,21,84,281863
25,10,17061,10,1934,63,186152
42,18,17060,10,1934,65,205660
90,25,17059,0,1934,66,227498
90,25,17058,0,1934,63,203416
90,16,17057,0,1934,67,213668
65,10,17056,0,1934,68,283558
90,10,17055,0,1934,63,189727
48,14,17054,0,1934,66,200781
90,8,17053,0,1934,66,230126
90,5,17052,0,1934,64,284009
90,5,17051,0,1934,63,183780
90,3,17050,0,1934,66,229930
30,18,19501,10,245,75,221283
33,14,20916,10,109,79,235210
43,25,17364,10,2,73,284546
90,16,17363,0,2,80,280465
47,25,17362,0,2,74,215374
90,12,17361,0,2,75,200630
90,18,17360,0,2,82,206517
90,18,17359,0,2,82,280117
90,10,17358,0,2,75,281232
90,7,17357,0,2,80,234930
90,5,17356,0,2,79,280493
90,5,17355,0,2,73,182168
51,3,17354,0,2,75,231205
90,0,17353,0,2,76,211515
12,25,3604,10,1871,62,230121
35,10,3603,10,1871,72,211227
0,12,20144,6,1,88,227055
15,26,20932,10,17,79,213905
90,25,19999,0,1807,78,282097
90,25,19998,0,1807,76,233602
90,16,19997,0,1807,75,204215
80,10,19996,0,1807,74,280983
49,10,19995,0,1807,73,169708
60,12,19994,0,1807,78,223610
90,7,19993,0,1807,73,284430
90,5,19992,0,1807,79,225106
90,5,19991,0,1807,79,233329
90,3,19990,0,1807,75,281662
90,0,19989,0,1807,72,283805
0,7,20890,6,5,88,280048
18,12,17832,10,4,71,203537
30,5,17831,10,4,71,182209
90,25,17830,0,4,72,281179
90,25,17829,0,4,66,184707
90,10,17828,0,4,59,239013
72,14,17827,0,4,72,203060
90,14,17826,0,4,66,209006
90,7,17825,0,4,82,283582
60,5,17824,0,4,74,282589
90,5,17823,0,4,72,282366
90,5,17822,0,4,72,210110
90,3,17821,0,4,70,213021
90,0,17820,0,4,70,173531
23,14,13162,10,149,64,280487
31,10,13161,10,149,65,173815
33,14,13160,10,149,66,202825
90,25,13159,0,149,60,219550
90,25,13158,0,149,60,240556
67,16,13157,0,149,69,280683
90,10,13156,0,149,73,283631
57,10,13155,0,149,70,202422
59,12,13154,0,149,67,281903
90,7,13153,0,149,67,210041
90,5,13152,0,149,63,209240
90,5,13151,0,149,63,189159
90,3,13150,0,149,74,283155
90,0,13149,0,149,64,224130
90,0,15212,0,1937,62,240274
15,14,11044,10,112259,60,238177
90,14,11030,0,112260,74,221705
90,25,11029,0,112260,70,206134
90,25,11028,0,112260,69,212484
90,14,11027,0,112260,65,211597
90,18,11026,0,112260,66,225688
90,8,11025,0,112260,72,207804
90,5,11024,0,112260,69,280480
90,5,11023,0,112260,69,202312
90,5,11022,0,112260,68,194678
90,3,11021,0,112260,63,219905
90,0,11020,0,112260,64,203215
21,12,3659,10,1572,63,281229
30,12,3658,10,1572,64,237345
0,10,20451,7,52,80,191202
14,7,18689,10,1804,68,189171
90,25,18664,0,1919,78,215487
90,25,18663,0,1919,76,201876
90,16,18662,0,1919,75,220969
90,14,18661,0,1919,76,284008
90,14,18660,0,1919,76,203864
90,12,18659,0,1919,74,220659
90,7,18658,0,1919,75,201025
90,5,18657,0,1919,77,198810
90,5,18656,0,1919,74,202408
90,3,18655,0,1919,70,225072
90,0,18654,0,1919,69,169493
31,25,18373,10,135,64,213434
59,25,18372,0,135,69,213417
64,25,18371,0,135,65,283865
90,18,18370,0,135,66,280781
90,16,18369,0,135,69,281900
90,14,18368,0,135,66,233851
90,7,18367,0,135,67,202768
90,5,18366,0,135,70,280490
90,5,18365,0,135,67,283549
90,5,18364,0,135,60,223078
90,2,18363,0,135,67,212833
90,0,18362,0,135,65,204517
30,25,18715,10,106,68,281311
40,12,18714,10,106,74,216268
90,25,18713,0,106,75,235855
90,25,18712,0,106,73,235161
90,16,18711,0,106,74,283705
50,3,18710,0,106,68,281314
77,18,18709,0,106,75,222528
60,12,18708,0,106,75,186200
90,7,18707,0,106,76,280777
90,10,18706,0,106,79,213697
90,5,18705,0,106,77,197937
90,25,13407,0,1962,68,203287
90,25,13406,0,1962,68,236868
90,27,13405,0,1962,70,235398
90,14,13404,0,1962,67,193608
76,14,13403,0,1962,66,188490
90,12,13402,0,1962,68,200440
73,7,13401,0,1962,76,282163
90,5,13400,0,1962,67,239990
90,5,13399,0,1962,65,229681
90,3,13398,0,1962,65,204501
90,0,13397,0,1962,67,203316
90,16,14270,0,100767,83,284043
44,14,11164,10,561,68,283789
90,25,11163,0,561,70,207463
90,25,11162,0,561,68,282955
46,10,11161,0,561,63,211282
90,14,11160,0,561,71,219259
60,10,11159,0,561,61,186103
90,3,11158,0,561,65,190598
90,5,11157,0,561,62,189308
90,5,11156,0,561,62,283875
90,5,11155,0,561,61,217332
90,3,11154,0,561,68,210317
0,18,20949,6,1944,86,223085
90,27,15135,0,346,71,222463
90,5,15134,0,346,66,223069
90,12,15133,0,346,66,235700
90,10,15132,0,346,63,184352
90,14,15131,0,346,67,212492
90,10,15130,0,346,66,211875
90,7,15129,0,346,66,234416
90,5,15128,0,346,73,281964
90,5,15127,0,346,72,280845
90,3,15126,0,346,67,281125
90,0,15125,0,346,61,226049
90,0,18676,0,1804,77,282096
41,14,15185,10,143,66,198153
90,25,15184,0,143,69,283546
90,25,15183,0,143,68,202180
90,25,15182,0,143,59,205255
90,14,15181,0,143,71,283154
49,14,15180,0,143,67,281153
79,12,15179,0,143,66,283518
90,7,15178,0,143,58,231825
90,5,15177,0,143,69,208645
90,5,15176,0,143,66,280471
68,3,15175,0,143,64,207646
90,0,15174,0,143,68,206555
39,14,20863,10,1796,75,230888
7,-1,12780,10,1,85,184941
99,2,12780,10,1,86,214997
90,25,11187,0,1920,70,216794
90,16,11186,0,1920,62,189792
90,14,11185,0,1920,68,200928
90,18,11184,0,1920,66,239213
90,12,11183,0,1920,69,225010
90,14,11182,0,1920,67,235627
90,7,11181,0,1920,74,282658
90,5,11180,0,1920,69,283387
90,5,11179,0,1920,63,238260
90,7,11178,0,1920,70,215562
90,0,11177,0,1920,63,202761
36,5,16943,10,89,67,220057
90,25,16942,0,89,72,206018
90,25,16941,0,89,71,280772
90,16,16940,0,89,70,281893
90,14,16939,0,89,84,284408
90,10,16938,0,89,65,282527
90,16,16937,0,89,69,216483
90,7,16936,0,89,71,225387
54,5,16935,0,89,72,227678
90,5,16934,0,89,71,282595
90,3,16933,0,89,70,189541
90,0,16932,0,89,64,220058
31,3,13573,10,112254,64,224913
20,14,13524,10,1936,58,235648
41,14,13523,10,1936,60,240723
90,16,13522,0,1936,68,224525
90,25,13521,0,1936,62,239611
90,18,13520,0,1936,69,201901
49,14,13519,0,1936,64,199627
70,14,13518,0,1936,62,199046
90,7,13517,0,1936,65,212329
90,5,13516,0,1936,67,213318
90,5,13515,0,1936,65,224238
90,5,13514,0,1936,65,221486
42,7,20851,10,1806,78,200820
35,23,20875,10,1793,74,206006
17,14,20016,10,91,76,280773
90,25,19977,0,1792,76,189303
90,18,19976,0,1792,79,220697
90,18,19975,0,1792,78,205351
90,12,19974,0,1792,71,283520
90,10,19973,0,1792,79,280046
90,10,19972,0,1792,71,225793
90,7,19971,0,1792,70,205596
90,5,19970,0,1792,75,239322
90,5,19969,0,1792,76,203161
90,3,19968,0,1792,72,197860
51,3,18626,0,1935,62,204095
44,16,15303,10,92,65,203830
90,25,15302,0,92,65,223987
90,25,15301,0,92,64,207950
46,27,15300,0,92,69,237456
90,14,15299,0,92,65,208816
72,14,15298,0,92,64,283539
90,14,15297,0,92,70,283147
55,7,15296,0,92,60,209073
90,5,15295,0,92,76,282661
90,5,15294,0,92,66,280479
90,3,15293,0,92,57,234692
90,0,15292,0,92,59,213677
11,12,20029,10,357,59,236909
44,5,17086,10,110313,61,284536
90,25,17085,0,110313,64,193939
90,25,17084,0,110313,63,280468
58,16,17083,0,110313,70,283533
90,10,17082,0,110313,62,213767
90,10,17081,0,110313,60,187782
90,12,17080,0,110313,65,202464
90,7,17079,0,110313,67,209675
90,5,17078,0,110313,67,194759
46,5,17077,0,110313,63,236551
90,3,17076,0,110313,66,280476
90,0,17075,0,110313,63,282241
93,0,19124,10,1806,81,280016
0,10,14059,7,247,82,212755
39,2,17136,10,1932,74,215758
43,14,17135,10,1932,75,225847
90,25,17134,0,1932,76,228388
47,14,17133,0,1932,78,283394
66,10,17132,0,1932,70,281233
90,10,17131,0,1932,66,205361
75,12,17130,0,1932,70,203331
90,10,17129,0,1932,71,225146
90,7,17128,0,1932,72,284419
90,5,17127,0,1932,74,205655
90,5,17126,0,1932,71,204219
0,10,20263,7,22,85,188942
0,7,20918,7,109,77,206161
16,16,20028,10,357,62,238991
90,25,20027,0,357,70,206567
79,18,20026,0,357,69,193771
90,16,20025,0,357,65,283529
90,25,20024,0,357,66,221887
74,14,20023,0,357,60,216226
90,14,20022,0,357,59,236343
90,7,20021,0,357,68,283553
90,5,20020,0,357,69,283557
90,5,20019,0,357,68,282390
90,2,20018,0,357,67,213127
30,16,11165,10,561,66,280884
27,14,11139,10,1802,68,230590
90,25,11138,0,1802,71,213120
90,25,11137,0,1802,69,281725
90,18,11136,0,1802,70,283606
63,10,11135,0,1802,63,225708
90,10,11134,0,1802,61,189457
90,7,11133,0,1802,69,213339
90,5,11132,0,1802,69,204459
90,5,11131,0,1802,64,222114
90,5,11130,0,1802,60,237154
90,3,11129,0,1802,67,281077
90,0,11128,0,1802,68,283727
90,3,18704,0,106,73,280597
0,14,20238,7,69,90,216393
36,15,20931,10,17,80,281369
22,13,20930,10,17,81,213648
90,24,20929,0,17,82,216354
78,18,20928,0,17,81,198706
90,16,20927,0,17,87,280091
90,12,20926,0,17,82,211381
71,11,20925,0,17,82,216194
57,9,20924,0,17,82,199576
90,7,20923,0,17,75,224031
90,6,20922,0,17,82,221551
90,4,20921,0,17,80,231002
90,3,20920,0,17,85,197853
90,0,18625,0,1935,68,200525
38,12,16929,10,1480,62,193932
90,25,16928,0,1480,65,281769
90,12,16927,0,1480,69,209475
52,16,16926,0,1480,68,282070
61,12,16925,0,1480,71,283320
90,14,16924,0,1480,70,223917
90,14,16923,0,1480,65,280954
90,7,16922,0,1480,67,239867
79,5,16921,0,1480,66,194937
90,5,16920,0,1480,64,184269
90,3,16919,0,1480,60,198927
90,0,16918,0,1480,55,231751
32,14,14197,10,327,84,196934
33,10,19139,10,110,77,208295
90,16,19138,0,110,87,282457
90,25,19137,0,110,76,223334
90,23,19136,0,110,82,221743
57,10,19135,0,110,84,224293
90,10,19134,0,110,81,282419
90,7,19133,0,110,76,207593
90,5,19132,0,110,77,228729
90,5,19131,0,110,75,193143
90,5,19130,0,110,74,210635
90,3,19129,0,110,80,207650
30,5,16983,10,1961,74,282382
29,10,16982,10,1961,71,281053
90,25,16981,0,1961,76,198641
90,18,16980,0,1961,69,172904
90,14,16979,0,1961,72,282392
90,12,16978,0,1961,69,194964
90,10,16977,0,1961,76,282642
61,10,16976,0,1961,75,221433
90,7,16975,0,1961,77,239923
90,5,16974,0,1961,81,282162
90,5,16973,0,1961,77,280529
60,3,16972,0,1961,75,210724
90,0,16971,0,1961,70,193186
90,0,18401,0,15,75,184436
90,0,13736,0,1803,67,198039
71,12,15263,10,1923,65,200821
38,12,18517,10,1951,68,183442
90,25,18516,0,1951,70,204860
90,14,18515,0,1951,68,213693
90,27,18514,0,1951,74,234740
52,10,18513,0,1951,69,283589
90,14,18512,0,1951,76,222836
90,12,18511,0,1951,73,203355
90,7,18510,0,1951,74,237410
90,5,18509,0,1951,73,283404
90,5,18508,0,1951,72,200840
0,5,17901,7,8,74,203399
19,14,17263,10,1939,73,282481
41,14,17262,10,1939,77,194958
90,25,17261,0,1939,83,224883
90,18,17260,0,1939,74,216467
71,16,17259,0,1939,76,190629
90,16,17258,0,1939,73,283572
90,10,17257,0,1939,80,205201
49,10,17256,0,1939,76,220714
90,7,17255,0,1939,72,193185
90,5,17254,0,1939,78,183491
90,5,17253,0,1939,76,200607
90,3,17252,0,1939,78,282318
90,0,17251,0,1939,68,237176
5,16,14196,10,327,69,157301
90,3,18507,0,1951,63,182748
37,14,20287,10,7,86,211354
13,3,17377,10,1933,67,283584
90,0,18429,0,14,77,283123
22,3,20825,13,1799,78,194644
38,14,20629,10,873,72,210000
130,-1,19176,13,10,86,210514
175,2,19084,10,94,76,222420
45,3,19084,10,94,78,222256
90,25,19387,0,94,68,216627
90,25,19386,0,94,68,183706
90,16,19385,0,94,80,282197
90,0,18033,0,97,72,283819
90,0,18703,0,106,84,283149
90,3,19979,0,1808,64,226109
13,12,20783,13,1943,82,216749
90,0,20017,0,357,83,283214
40,16,20782,13,1943,83,219732
90,10,19384,3,94,76,284063
42,16,20721,10,457,82,284402
90,25,20915,1,109,79,234333
90,16,20914,3,109,81,220633
90,14,20913,0,109,83,226370
57,18,20912,3,109,84,280176
79,23,20911,3,109,79,236245
90,25,20286,1,7,85,213135
90,25,20285,3,7,86,205175
42,18,13884,10,229,79,212207
41,23,19500,10,245,83,236632
31,25,20683,10,236,72,223339
90,0,18743,0,12,75,202770
25,25,20889,10,5,86,228941
90,16,20744,0,144,73,282524
90,25,20743,0,144,77,225541
90,25,20742,0,144,76,281241
90,10,20741,3,144,75,281130
90,18,20740,0,144,79,281302
90,10,20739,0,144,78,208309
90,18,20284,3,7,86,199189
19,16,20757,10,11,90,211300
23,12,20839,10,18,79,235619
22,25,20670,10,9,85,200454
35,18,20838,10,18,83,222079
51,3,17125,0,1932,76,283784
32,5,14145,10,86,72,193716
0,5,20948,6,1944,89,280021
0,23,20947,6,1944,89,280250
90,16,20902,0,1960,78,194932
90,25,20901,0,1960,80,209519
90,12,20900,0,1960,80,215107
63,10,20899,3,1960,74,284362
36,18,20946,10,1944,88,280438
36,26,20945,10,1944,92,231747
90,3,20265,0,45,84,226221
13,7,20644,10,483,79,205566
90,10,20910,0,109,69,6826
18,16,15305,10,92,64,223810
35,5,15304,10,92,51,240404
35,18,20824,10,1799,80,213666
90,25,20823,0,1799,81,198683
90,16,20822,3,1799,81,213655
55,10,20821,3,1799,81,206304
90,14,20820,3,1799,80,187735
90,25,13883,0,229,80,201013
12,14,20811,10,19,81,199914
22,18,18688,10,1804,65,206523
36,16,20944,10,1944,79,20801
90,12,20819,3,1799,79,235374
90,0,19967,0,1792,65,203824
0,3,18639,7,1935,67,225625
90,7,20909,3,109,77,209289
90,16,20850,0,1806,83,208128
90,25,20849,0,1806,81,219469
90,12,20848,0,1806,80,282186
90,10,20847,0,1806,81,216706
120,0,15251,0,1923,71,283388
57,26,20943,0,1944,91,280444
90,18,19383,3,94,84,283932
44,3,14072,10,48,78,175943
5,5,14058,10,247,74,280818
29,3,17872,10,142,68,224499
53,10,20283,3,7,84,177358
44,14,20756,10,11,92,195864
90,25,20755,0,11,90,192505
90,18,20754,1,11,86,188988
71,27,20753,0,11,84,217877
46,12,20752,0,11,81,192883
90,10,20751,3,11,82,197242
90,5,20750,0,11,80,231485
90,7,20818,3,1799,77,214040
90,27,13882,0,229,80,284065
90,7,20749,0,11,85,201510
90,10,20282,3,7,83,188253
90,25,20862,1,1796,79,224967
51,14,20861,2,1796,83,283942
90,16,20860,0,1796,74,228946
90,10,20859,0,1796,78,281138
90,10,20858,0,1796,78,169706
90,12,20857,0,1796,77,231733
90,7,20856,0,1796,82,205923
90,5,20855,0,1796,82,283696
90,5,20854,0,1796,78,202695
90,5,20817,3,1799,86,210413
90,23,14269,0,100767,68,231113
90,0,19436,0,21,86,280047
90,5,20816,3,1799,81,281467
90,25,20781,0,1943,83,206467
90,25,20780,0,1943,82,194996
50,16,20779,3,1943,84,226414
90,18,20778,3,1943,86,212150
90,18,20777,3,1943,82,224294
77,12,20776,0,1943,78,205540
90,7,20775,3,1943,79,233218
90,5,20774,3,1943,82,208920
90,5,20773,3,1943,77,216742
90,10,14268,0,100767,84,202642
57,10,14267,0,100767,83,213160
43,14,20520,10,101059,85,209297
90,10,20846,0,1806,78,280031
90,0,20919,0,17,84,221130
90,3,20004,0,91,73,182896
90,18,20837,0,18,90,211117
90,18,20836,1,18,90,190460
90,16,20835,0,18,85,208450
90,12,20834,0,18,84,235790
67,14,20833,0,18,85,234153
55,14,20832,0,18,83,222400
90,7,20831,0,18,83,224921
90,25,20300,0,237,80,189068
90,21,20299,0,237,84,226766
61,27,20298,0,237,75,200641
68,5,20815,3,1799,81,280484
17,14,14677,10,1896,81,223517
90,12,19382,3,94,83,283542
90,7,20845,0,1806,83,207537
90,14,20898,3,1960,83,212811
54,25,20808,0,19,86,207441
68,18,20807,0,19,85,210583
78,16,20806,0,19,81,281405
90,12,20805,0,19,81,210930
90,10,20804,0,19,82,200054
90,27,19499,0,245,80,283185
90,10,20803,0,19,78,186801
40,18,14312,10,101014,66,176894
90,5,20908,3,109,83,225161
90,5,20844,0,1806,84,212977
23,23,20669,10,9,86,209331
67,27,20668,0,9,88,189242
68,25,20667,0,9,82,225539
90,23,20666,0,9,86,208722
90,14,20665,0,9,88,212814
90,14,20664,1,9,88,207410
90,10,20663,0,9,74,224019
90,7,20662,0,9,84,232656
90,7,20281,3,7,83,210455
90,10,20897,3,1960,78,221890
54,7,20896,3,1960,81,220414
90,5,20748,0,11,88,205600
31,14,14715,10,322,74,237640
42,7,20143,13,1,84,212462
90,16,20142,0,1,89,280386
90,25,20141,0,1,88,228687
90,12,20140,0,1,80,210324
90,10,20139,0,1,86,207566
90,10,20138,0,1,81,213051
90,7,20137,0,1,84,205988
90,5,20136,0,1,89,281619
90,0,19978,0,1808,80,199005
90,0,18506,0,1951,75,283882
48,14,13881,0,229,82,281926
90,5,20830,0,18,83,209997
90,7,20802,1,19,82,203485
90,7,20738,3,144,77,235883
90,7,19381,0,94,72,281688
19,14,20657,10,44,84,202648
90,25,20768,1,1795,83,205976
67,10,20767,0,1795,78,226289
90,27,20766,0,1795,84,224458
90,12,20765,0,1795,81,194174
90,10,20764,0,1795,84,208135
90,3,20772,3,1943,81,281614
48,10,20763,0,1795,82,205897
90,7,20762,0,1795,82,282138
17,14,13941,10,78,79,218745
13,16,14299,10,819,68,283510
37,23,20888,10,5,85,204970
90,27,20887,2,5,89,183277
65,25,20886,0,5,88,201153
53,12,20885,0,5,85,193165
90,10,20884,0,5,90,215914
90,10,20883,0,5,88,219809
90,7,20882,3,5,73,282542
90,5,20881,0,5,78,282409
90,5,20135,0,1,86,192227
90,5,20829,0,18,81,280805
37,5,14676,10,1896,77,235002
90,5,20895,3,1960,83,198198
90,24,20942,0,1944,89,280083
57,18,20941,0,1944,84,282458
90,5,20280,3,7,83,201862
90,5,20761,0,1795,82,281847
42,25,20696,10,10,72,229670
48,25,20695,2,10,77,211048
90,25,20694,0,10,92,230666
90,10,20693,0,10,70,135507
90,14,20692,0,10,80,228813
90,5,20691,0,10,80,220182
90,7,20690,0,10,81,282043
90,5,20737,3,144,79,216271
90,5,20747,0,11,86,221660
90,5,20661,0,9,82,282969
90,3,20814,3,1799,81,232805
90,5,20279,3,7,81,199667
90,3,20746,0,11,83,232270
65,21,20795,0,95,83,280745
51,25,20794,0,95,79,199852
90,16,20793,3,95,78,201884
90,10,20792,3,95,84,226790
90,10,20791,3,95,82,212883
90,12,20790,3,95,79,224422
90,10,20789,3,95,81,208334
90,0,20003,0,91,70,216478
90,5,20788,3,95,82,203263
90,5,19380,0,94,82,283627
64,25,20874,0,1793,78,282238
90,25,20873,0,1793,75,230978
55,12,20872,0,1793,76,207645
90,10,20871,0,1793,75,211595
90,14,20870,0,1793,80,221279
90,10,20869,0,1793,79,283470
90,7,20868,0,1793,76,208459
90,5,20867,0,1793,79,217082
90,5,20866,0,1793,78,205185
57,16,20940,0,1944,91,220834
90,5,20278,3,7,80,198688
42,18,14776,10,231,78,281928
90,16,14775,0,231,79,210463
90,25,14774,0,231,78,221168
90,16,14773,0,231,76,201303
48,10,14772,0,231,79,222994
90,5,14771,0,231,73,212121
90,7,14770,0,231,74,198991
90,5,14769,0,231,77,210007
90,5,14768,0,231,76,283177
57,5,14767,0,231,76,212204
90,3,14766,0,231,77,218981
90,0,20745,0,11,92,193080
90,12,20939,0,1944,85,281347
12,18,20399,10,234,83,230988
38,18,20344,10,481,78,187688
90,25,20343,0,481,80,227476
52,16,20342,0,481,85,223061
90,10,20341,0,481,73,239232
73,14,20340,0,481,84,221363
90,23,20339,0,481,83,236920
83,10,20338,0,481,80,187936
90,7,20337,0,481,71,283240
90,5,20336,0,481,83,281477
90,5,20335,0,481,83,283936
31,14,14867,10,1906,72,188416
90,5,20894,3,1960,79,192725
90,5,20736,3,144,73,208379
90,0,14765,0,231,76,219736
29,5,14764,10,298,63,282599
40,25,14714,10,322,67,228304
50,25,14713,0,322,74,283209
90,18,14712,0,322,83,203903
59,27,14711,0,322,75,283785
90,16,14710,0,322,71,192126
90,10,14709,0,322,81,281767
90,10,14708,0,322,72,233884
90,7,14707,0,322,71,229571
42,25,20682,10,236,75,195912
59,25,20681,0,236,82,236893
90,0,20264,0,45,84,186153
35,24,20314,10,175,78,212269
90,26,20313,0,175,86,219932
45,18,20312,0,175,81,192565
90,16,20311,0,175,84,208330
90,12,20310,0,175,83,229453
90,13,20309,0,175,84,212501
58,9,20308,0,175,83,188005
90,7,20307,0,175,84,226491
90,6,20306,0,175,82,280054
80,4,20305,0,175,83,195363
90,3,20304,0,175,83,228881
90,0,20303,0,175,84,203775
90,3,13350,0,110890,63,281129
90,5,20880,0,5,89,225508
39,25,14852,10,1456,66,233707
74,27,14851,0,1456,67,235369
51,25,14850,0,1456,68,280946
68,12,14849,0,1456,71,281770
90,10,14848,0,1456,71,205663
90,14,14847,0,1456,69,228325
90,7,14846,0,1456,68,198604
90,7,14845,0,1456,69,282063
90,5,14844,0,1456,78,282960
90,5,14843,0,1456,74,281316
90,3,14842,0,1456,72,227894
28,3,20425,10,219,74,237156
90,0,19502,0,73,87,281896
21,14,20373,10,485,78,213777
90,25,20519,0,101059,76,213432
90,16,20518,0,101059,71,239929
90,18,20517,0,101059,86,228698
90,12,20516,0,101059,74,237109
47,10,20515,0,101059,80,206413
78,10,20514,0,101059,78,229526
90,7,20513,0,101059,71,281608
90,5,20512,0,101059,82,224811
90,5,20511,0,101059,78,206414
75,12,20510,0,101059,70,284418
43,25,14144,11,86,74,215864
47,25,14143,0,86,77,283143
90,25,14142,0,86,76,221714
90,16,14141,0,86,74,219216
90,10,14140,0,86,76,221358
69,14,14139,0,86,73,280770
90,12,14138,0,86,75,226228
90,7,14137,0,86,74,204355
90,5,14136,0,86,80,213917
58,5,14135,0,86,75,282508
90,3,14134,0,86,73,195479
90,0,14133,0,86,76,193182
90,5,20660,0,9,88,281615
17,7,14606,10,77,60,156675
28,14,14555,10,320,72,281166
25,14,20398,10,234,80,207733
90,25,20397,0,234,82,232432
90,25,20396,0,234,78,232207
78,16,20395,0,234,76,225785
65,14,20394,0,234,80,197965
90,12,20393,0,234,85,220746
90,10,20392,0,234,91,283179
90,7,20391,0,234,73,238041
90,5,20390,0,234,80,215051
90,5,20389,0,234,77,234691
90,3,20388,0,234,74,208114
90,5,20760,0,1795,81,206222
44,25,20733,10,31,79,193290
90,25,20628,0,873,78,283293
90,18,20627,0,873,78,281470
90,16,20626,0,873,74,215492
52,12,20625,0,873,73,233222
65,10,20624,0,873,70,190193
90,10,20623,0,873,68,282614
90,7,20622,0,873,74,237537
90,5,20621,0,873,76,186130
90,5,20620,0,873,67,239206
90,3,20619,0,873,67,204043
90,3,20735,3,144,78,226436
90,5,20689,2,10,85,203574
38,5,20642,10,483,84,202849
41,12,20656,10,44,87,227796
90,25,20655,1,44,81,227732
49,14,20654,0,44,85,216352
90,16,20653,0,44,79,215639
90,12,20652,0,44,84,213134
90,10,20651,0,44,80,201455
71,10,20650,0,44,78,283833
90,7,20649,0,44,81,216466
90,5,20648,0,44,82,190531
90,0,20387,0,234,80,281599
90,5,20801,0,19,86,203376
0,5,14567,7,269,76,206295
90,25,14566,1,269,75,223933
90,25,14565,0,269,71,190362
90,18,14564,0,269,82,210021
90,14,14563,0,269,79,207559
90,14,14562,0,269,75,207916
90,10,14561,0,269,75,210697
90,7,14560,0,269,68,283511
90,5,14559,0,269,77,280771
90,5,14558,0,269,76,206295
90,3,14557,0,269,76,220093
90,0,20618,0,873,71,280571
90,5,20907,0,109,82,195861
31,3,14057,10,247,77,280576
90,27,14056,0,247,85,221992
90,25,14055,0,247,81,204366
90,23,14054,0,247,82,225953
90,18,14053,0,247,83,227633
90,18,14052,0,247,82,229636
90,18,14051,0,247,77,281937
90,7,14050,0,247,73,228120
90,5,14049,0,247,79,224242
85,5,14048,0,247,76,283187
59,3,14047,0,247,80,204259
90,0,14046,0,247,82,190778
90,3,20906,0,109,75,233114
90,3,20828,0,18,82,210972
90,25,14617,0,393,77,216498
90,18,14616,0,393,80,280464
35,14,14554,10,320,78,281958
90,25,14553,0,320,73,212643
62,18,14552,0,320,76,237364
55,12,14551,0,320,70,153048
90,14,14550,0,320,76,215574
90,10,14549,0,320,75,205210
90,10,14548,0,320,73,224875
90,7,14547,0,320,76,228326
90,5,14546,0,320,74,283207
90,5,14545,0,320,73,226523
28,18,19474,10,48,84,282673
28,25,20412,10,100769,73,210703
27,25,20411,10,100769,77,201452
62,25,20410,0,100769,79,218970
63,25,20409,0,100769,78,192086
90,27,20408,0,100769,90,215785
90,10,20407,0,100769,84,207439
90,10,20406,0,100769,85,214977
90,12,20405,0,100769,77,205678
90,7,20404,0,100769,77,218659
90,5,20403,1,100769,78,228708
90,5,20402,0,100769,77,281388
90,3,20401,0,100769,74,199057
90,5,20647,0,44,83,201377
17,14,20709,10,66,81,220175
90,3,20646,0,44,83,216266
90,0,20645,0,44,79,193786
32,14,14352,10,254,72,193234
90,25,14351,0,254,74,283189
58,27,14350,0,254,75,281603
90,18,14349,0,254,73,210313
90,12,14348,0,254,80,210489
90,10,14347,0,254,71,204688
90,10,14346,0,254,71,282676
40,8,14345,0,254,77,215970
90,5,14344,0,254,74,281939
90,5,14343,0,254,73,231838
42,18,14311,10,101014,80,225403
90,0,20734,3,144,78,284532
90,10,20297,0,237,83,229391
90,25,14106,0,326,74,282716
90,18,14105,0,326,81,184942
41,16,14104,0,326,81,280843
90,12,14103,0,326,80,204713
90,10,14102,0,326,82,223154
90,10,14101,0,326,77,283211
90,7,14100,0,326,81,236295
90,5,14099,0,326,72,224775
90,5,14098,0,326,71,236869
90,3,14097,0,326,71,183937
0,8,20891,7,5,81,192638
17,18,20345,10,481,78,178562
31,25,14401,10,837,67,237164
43,18,14400,10,837,70,201484
90,25,14399,0,837,67,214621
90,18,14398,0,837,75,282041
90,16,14397,0,837,69,212106
47,10,14396,0,837,67,192582
90,18,14395,0,837,72,280924
59,23,14394,0,837,69,222923
90,7,14393,0,837,62,223091
90,5,14392,0,837,67,281820
90,5,14391,0,837,66,281231
90,10,20938,1,1944,88,282103
90,7,20937,0,1944,86,280025
90,0,11153,0,561,70,282001
90,5,20787,3,95,82,206198
90,0,20400,0,100769,80,229909
40,3,14003,10,191,71,193264
67,25,14002,0,191,82,223151
90,25,14001,1,191,77,226380
90,18,14000,0,191,78,191783
50,16,13999,0,191,75,211042
90,18,13998,0,191,75,192560
90,14,13997,0,191,74,233195
90,7,13996,0,191,74,205669
90,5,13995,0,191,76,225263
90,5,13994,0,191,71,238370
90,3,20120,0,13,79,229896
90,0,20119,0,13,81,158121
90,0,19128,0,110,75,205849
43,25,20424,10,219,76,282337
90,16,20423,1,219,85,283172
90,25,20422,0,219,79,203280
47,27,20421,0,219,83,205632
90,10,20420,0,219,75,282450
90,18,20419,0,219,79,204675
90,10,20418,0,219,77,227236
62,7,20417,0,219,73,202646
90,5,20416,0,219,83,283028
90,5,20415,0,219,75,211690
90,3,20414,0,219,80,234035
90,18,14615,0,393,79,283781
90,18,14614,0,393,79,208053
90,25,20508,0,72,74,236767
90,18,20507,0,72,81,224756
90,27,20506,0,72,76,206518
90,14,20505,0,72,78,235381
90,10,20504,0,72,73,212030
90,10,20503,0,72,72,213242
90,5,20502,0,72,79,198076
90,5,20501,0,72,82,235454
90,5,20500,0,72,78,225863
90,3,20499,0,72,74,222266
90,0,20498,0,72,76,215223
23,14,3602,10,1871,76,169195
90,25,3601,0,1871,68,216479
90,18,3600,0,1871,73,224014
55,16,3599,0,1871,76,225666
90,12,3598,0,1871,72,235973
67,10,3597,0,1871,79,282115
78,10,3596,0,1871,72,201257
90,7,3595,0,1871,69,181205
90,5,3594,0,1871,77,204163
90,5,3593,0,1871,70,283815
90,3,3592,0,1871,75,231394
90,0,3591,0,1871,70,281003
40,25,14727,10,1913,68,227537
90,0,13349,0,110890,64,283594
90,6,20936,0,1944,85,280262
90,16,20720,0,457,82,231943
90,25,20719,0,457,80,197891
90,23,20718,0,457,80,226110
48,10,20717,0,457,82,199823
90,14,20716,0,457,80,233738
90,10,20715,0,457,76,200539
90,7,20714,0,457,78,204614
90,5,20713,0,457,84,283637
90,5,20712,0,457,87,202335
90,3,20711,0,457,86,210243
19,14,3631,10,700,65,185119
35,21,3630,10,700,68,223755
71,25,3629,0,700,72,235236
55,25,3628,0,700,70,231836
90,27,3627,0,700,71,222364
90,14,3626,0,700,82,282030
90,14,3625,0,700,75,281439
90,12,3624,0,700,65,190489
90,7,3623,0,700,73,211209
90,5,3622,0,700,73,282734
90,5,3621,0,700,71,210802
90,3,3620,0,700,70,227418
90,0,3619,0,700,71,283280
90,0,17049,0,1934,68,213413
36,14,14763,10,298,70,282601
90,27,14762,0,298,77,227642
90,25,14761,0,298,68,228212
90,23,14760,1,298,69,281437
90,14,14759,0,298,72,221631
90,14,14758,0,298,74,280831
54,14,14757,0,298,70,187042
61,7,14756,0,298,72,281950
90,5,14755,0,298,74,186684
90,5,14754,0,298,68,234827
90,3,14753,0,298,72,186267
90,0,14752,0,298,73,190459
33,7,3657,10,1572,63,236845
90,25,3656,0,1572,64,225615
88,14,3655,0,1572,60,223974
90,16,3654,0,1572,61,236941
69,12,3653,0,1572,64,219870
90,10,3652,0,1572,62,222606
60,10,3651,0,1572,61,222003
90,7,3650,0,1572,64,226438
57,5,3649,0,1572,68,282517
90,5,3648,0,1572,59,227935
90,3,3647,0,1572,63,236736
90,0,3646,0,1572,69,284310
14,18,3991,10,15009,71,280522
90,0,14556,0,269,77,201269
21,3,3837,10,900,75,210320
90,5,20688,1,10,86,204525
90,3,20659,0,9,83,203890
27,12,20616,10,32,85,281273
90,25,20615,0,32,78,283014
90,25,20614,0,32,85,231352
74,27,20613,0,32,80,213814
63,12,20612,0,32,75,210282
90,10,20611,1,32,84,183711
90,10,20610,0,32,81,212212
90,7,20609,0,32,75,282815
90,5,20608,0,32,73,222428
49,21,19498,0,245,81,216820
30,25,4018,10,631,63,226585
90,5,20879,0,5,89,207865
90,25,3684,0,110770,70,236938
90,25,3683,0,110770,69,227976
90,16,3682,0,110770,77,205008
90,18,3681,0,110770,76,231493
90,10,3680,0,110770,57,224366
90,12,3679,0,110770,71,206565
90,10,3678,0,110770,68,238587
90,5,3677,0,110770,76,215495
90,5,3676,0,110770,73,224235
90,5,3675,0,110770,67,284427
90,0,3674,0,110770,76,213954
16,25,14854,10,1456,65,201337
16,14,20617,10,32,81,195365
31,14,3730,10,110745,72,208422
90,25,3706,0,111091,74,229448
90,16,3705,0,111091,69,207904
90,21,3704,0,111091,64,226731
90,14,3703,0,111091,73,204078
90,10,3702,0,111091,75,281331
90,10,3701,0,111091,71,209413
90,12,3700,0,111091,65,239635
90,5,3699,0,111091,74,282619
90,5,3698,0,111091,72,212130
90,5,3697,0,111091,72,214884
90,0,3696,0,111091,74,282307
28,16,14490,10,315,77,210985
90,5,20687,0,10,86,177610
22,12,20643,10,483,79,226385
90,25,20593,0,280,73,281343
90,18,20592,0,280,82,280829
90,18,20591,0,280,82,203980
90,12,20590,0,280,74,184089
90,10,20589,0,280,77,236773
90,10,20588,0,280,77,190084
90,7,20587,0,280,76,239106
90,5,20586,0,280,79,234986
90,5,20585,0,280,70,228386
41,7,3729,10,110745,68,224885
90,25,3728,0,110745,73,282616
90,18,3727,0,110745,68,223305
90,16,3726,0,110745,71,282273
90,12,3725,0,110745,69,184587
90,10,3724,0,110745,71,280598
59,10,3723,0,110745,68,224336
90,7,3722,0,110745,69,213520
90,5,3721,0,110745,71,203257
49,5,3720,0,110745,68,212736
90,3,3719,0,110745,69,223263
90,0,3718,0,110745,76,283886
22,23,14853,10,1456,70,198731
90,5,20607,0,32,79,189682
90,16,14826,0,1909,77,282745
90,25,14825,0,1909,70,240413
90,23,14824,0,1909,81,229167
90,18,14823,0,1909,79,283382
90,18,14822,0,1909,77,233064
90,14,14821,0,1909,73,202746
90,7,14820,0,1909,74,281762
90,5,14819,0,1909,74,282558
90,5,14818,0,1909,74,189938
90,3,14817,0,1909,74,213659
19,16,3756,10,1463,64,188375
21,5,3755,10,1463,72,238263
39,14,3754,10,1463,71,226517
90,25,3753,0,1463,70,232559
90,25,3752,0,1463,65,234489
90,27,3751,0,1463,66,211870
71,10,3750,0,1463,69,230976
90,14,3749,0,1463,73,236877
51,12,3748,0,1463,70,212099
90,7,3747,0,1463,62,222519
69,5,3746,0,1463,73,283314
90,5,3745,0,1463,73,283794
90,3,3744,0,1463,72,280566
90,0,3743,0,1463,74,211021
90,25,14815,0,209,71,209961
90,0,14816,0,1909,70,216833
23,14,20548,10,461,85,228251
43,25,20547,10,461,85,231638
90,25,20546,0,461,83,207791
90,25,20545,0,461,79,198329
47,16,20544,0,461,84,203362
67,10,20543,0,461,82,283017
90,10,20542,0,461,72,227565
90,12,20541,1,461,82,220925
90,7,20540,0,461,79,234195
90,5,20539,0,461,82,190034
90,5,20538,0,461,81,201305
90,3,20537,0,461,81,236441
90,3,20584,0,280,81,281107
17,3,3810,10,111092,65,204920
37,5,3782,10,81,69,281313
90,25,3781,0,81,66,280767
90,25,3780,0,81,64,240807
90,14,3779,0,81,73,210881
90,10,3778,0,81,70,280536
90,12,3777,0,81,66,205232
90,23,3776,0,81,71,221756
53,7,3775,0,81,66,175893
90,5,3774,0,81,70,282522
90,5,3773,0,81,69,186876
90,3,3772,0,81,67,283140
90,0,3771,0,81,67,220314
90,5,14706,0,322,76,280563
26,7,14605,10,77,61,226514
18,5,14298,10,819,74,239402
36,14,14297,10,819,69,194063
90,25,14296,0,819,75,201335
90,25,14295,0,819,72,218651
90,16,14294,0,819,74,205929
90,14,14293,0,819,71,219755
54,14,14292,0,819,71,232127
77,12,14291,0,819,70,201945
90,7,14290,0,819,76,212754
90,5,14289,0,819,76,186695
72,5,14288,0,819,73,206022
13,14,3809,10,111092,69,194059
43,5,3808,10,111092,68,206281
90,25,3807,0,111092,71,230568
90,14,3806,0,111092,81,282308
90,16,3805,0,111092,68,204381
90,23,3804,0,111092,72,211365
90,10,3803,0,111092,60,239765
77,5,3802,0,111092,61,174665
90,7,3801,0,111092,70,159919
47,5,3800,0,111092,76,280575
73,5,3799,0,111092,69,235849
90,3,3798,0,111092,68,209612
90,0,3797,0,111092,68,201112
90,3,20686,0,10,83,201042
90,27,20604,0,246,79,209782
90,25,20603,0,246,74,237807
90,23,20602,1,246,77,200260
90,18,20601,0,246,74,198006
90,14,20600,0,246,83,281936
90,14,20599,0,246,83,224158
90,7,20598,0,246,80,202529
90,5,20597,0,246,80,226853
90,5,20596,0,246,78,213000
90,3,20595,0,246,79,226662
90,0,20594,0,246,73,169181
35,14,3836,10,900,73,211437
90,25,3835,0,900,75,226060
90,25,3834,0,900,72,282751
90,16,3833,0,900,70,192242
90,10,3832,0,900,73,204156
55,14,3831,0,900,77,282048
90,12,3830,0,900,71,225939
90,7,3829,0,900,65,178589
90,5,3828,0,900,73,283298
90,5,3827,0,900,72,236556
69,3,3826,0,900,79,210625
90,0,3825,0,900,70,282754
90,10,14613,0,393,79,280457
90,3,14544,0,320,71,199131
90,0,14543,0,320,72,282733
38,12,14489,10,315,77,219652
90,3,14287,0,819,76,280922
90,16,20384,0,47,79,184267
90,25,20383,0,47,75,211302
90,23,20382,0,47,79,282118
46,10,20381,0,47,73,158963
90,14,20380,0,47,84,281916
90,10,20379,0,47,82,222077
90,7,20378,0,47,80,201454
90,5,20377,0,47,77,219184
90,5,20376,0,47,78,218191
28,5,3964,10,702,71,205049
35,18,3862,10,256,71,232843
90,25,3861,0,256,73,283190
90,18,3860,0,256,71,283453
90,16,3859,0,256,73,229260
90,12,3858,0,256,71,198964
55,10,3857,0,256,77,204493
90,10,3856,0,256,73,222930
90,7,3855,0,256,71,283461
90,5,3854,0,256,81,281940
90,5,3853,0,256,72,280821
90,3,3852,0,256,75,213449
90,0,3851,0,256,74,219643
90,10,14612,0,393,76,283642
90,7,14611,0,393,69,194086
90,25,14488,0,315,75,282436
90,25,14487,1,315,83,208008
75,16,14486,0,315,79,281457
90,14,14485,0,315,84,225663
52,2,14484,0,315,81,193525
62,10,14483,0,315,82,284522
90,10,14482,0,315,78,282645
90,5,14481,0,315,79,280760
90,5,14480,0,315,78,281101
90,5,14479,0,315,71,224715
90,0,14478,0,315,81,280837
21,14,3888,10,820,69,282346
44,25,3887,10,820,64,234393
46,25,3886,0,820,68,226232
90,18,3885,0,820,73,224356
90,16,3884,0,820,71,224311
69,10,3883,0,820,70,225999
90,14,3882,0,820,69,234982
90,12,3881,0,820,73,221286
90,7,3880,0,820,63,283290
90,5,3879,0,820,69,213543
90,5,3878,0,820,67,213528
90,3,3877,0,820,69,208323
90,0,3876,0,820,72,221584
90,0,20827,0,18,86,167948
90,25,14527,0,673,77,215247
90,18,14526,0,673,81,209780
90,16,14525,0,673,77,281204
90,10,14524,0,673,78,228092
90,10,14523,0,673,70,225430
50,12,14522,0,673,71,239763
64,7,14521,0,673,77,230019
90,5,14520,0,673,80,226536
90,5,14519,0,673,77,282016
90,3,14518,0,673,77,204401
90,0,14517,0,673,72,283266
90,25,20462,0,379,77,233265
90,25,3913,0,433,74,281976
90,25,3912,0,433,71,224330
90,14,3911,0,433,70,204845
90,14,3910,0,433,77,206114
90,14,3909,0,433,70,226633
90,8,3908,0,433,66,221665
90,5,3907,0,433,74,280610
90,5,3906,0,433,71,232761
90,5,3905,0,433,70,219950
90,2,3904,0,433,68,232062
90,0,3903,0,433,70,229325
61,27,14726,0,1913,78,240166
90,3,14342,0,254,77,219409
90,25,14310,0,101014,71,210521
50,18,14309,0,101014,87,283440
90,16,14308,0,101014,79,204247
90,12,14307,0,101014,71,227831
48,10,14306,0,101014,73,234716
73,14,14305,0,101014,80,280614
90,7,14304,0,101014,71,281668
90,5,14303,0,101014,91,282637
90,5,14302,0,101014,72,160741
90,3,14301,0,101014,74,193211
28,25,3938,10,920,67,235907
44,7,3937,10,920,65,232655
90,27,3936,0,920,72,209264
62,25,3935,0,920,69,228327
46,23,3934,0,920,71,222661
90,14,3933,0,920,74,280934
90,10,3932,0,920,69,282433
90,10,3931,0,920,65,283803
90,7,3930,0,920,68,216114
90,5,3929,0,920,70,183377
90,5,3928,0,920,69,228091
90,3,3927,0,920,74,228962
90,0,3926,0,920,69,165564
40,14,3963,10,702,71,213512
90,25,3962,1,702,76,282031
90,25,3961,0,702,71,221662
90,16,3960,0,702,73,220872
90,10,3959,0,702,69,283951
50,10,3958,0,702,65,221393
90,12,3957,0,702,72,185438
90,7,3956,0,702,73,220600
90,5,3955,0,702,80,283281
90,5,3954,0,702,73,231392
62,3,3953,0,702,68,219702
90,0,3952,0,702,72,202910
12,18,20522,11,101059,84,205525
15,5,20521,10,101059,74,239904
90,25,20497,1,232,78,194728
90,18,20496,0,232,80,224567
90,16,20495,0,232,79,207421
90,12,20494,0,232,73,281929
90,10,20493,0,232,71,237556
90,10,20492,0,232,70,237554
90,7,20491,0,232,81,283838
90,5,20490,0,232,86,283178
90,5,20489,0,232,79,212253
90,3,20488,0,232,76,280811
90,0,20487,0,232,73,140233
19,7,3990,10,15009,69,230981
43,12,3989,10,15009,70,204882
90,25,3988,1,15009,73,235996
90,16,3987,0,15009,72,238971
90,10,3986,0,15009,69,210482
90,10,3985,0,15009,66,283450
47,18,3984,0,15009,78,283424
76,10,3983,0,15009,71,224838
90,7,3982,0,15009,71,223045
71,5,3981,0,15009,70,280564
90,5,3980,0,15009,69,223426
90,3,3979,0,15009,68,213835
90,0,3978,0,15009,70,181733
90,3,20759,0,1795,77,203581
90,5,14610,0,393,73,178614
90,7,20853,0,1796,81,206058
46,25,20732,0,31,81,202685
90,25,20731,0,31,82,215353
90,27,20730,1,31,86,230142
90,12,20729,0,31,79,221564
90,14,20728,0,31,83,206516
90,14,20727,0,31,77,199663
90,7,20726,0,31,81,205995
90,5,20725,0,31,84,227950
90,5,20724,0,31,81,201342
90,3,20723,0,31,79,198657
90,0,20722,0,31,89,200316
32,25,4017,10,631,63,179831
58,25,4016,0,631,64,193552
60,25,4015,0,631,67,281368
90,16,4014,0,631,69,280894
90,10,4013,0,631,67,193083
90,14,4012,0,631,72,208480
90,12,4011,0,631,67,198080
90,7,4010,0,631,72,283261
90,5,4009,0,631,71,183524
90,5,4008,0,631,70,208024
90,3,4007,0,631,74,281371
90,0,4006,0,631,70,280560
90,10,13880,0,229,71,234725
90,12,13879,0,229,75,231416
90,0,20710,0,457,87,215316
41,14,20486,10,1887,79,220245
90,25,20485,1,1887,81,228761
90,18,20484,0,1887,78,212729
90,16,20483,0,1887,86,236007
90,12,20482,0,1887,76,212156
90,10,20481,0,1887,80,214323
49,10,20480,0,1887,75,281627
90,7,20479,0,1887,74,281338
90,5,20478,0,1887,84,282464
90,5,20477,0,1887,79,214384
90,3,20476,0,1887,82,281624
60,23,19497,0,245,84,281935
90,10,19496,0,245,74,234203
35,14,4044,10,1785,68,222387
90,25,4043,0,1785,65,280969
55,18,4042,0,1785,69,229513
90,16,4041,0,1785,69,223867
90,3,4040,0,1785,67,281401
90,10,4039,0,1785,67,210474
90,10,4038,0,1785,66,215517
90,5,4037,0,1785,69,212300
90,5,4036,0,1785,77,281223
90,5,4035,0,1785,76,283334
90,3,4034,0,1785,70,282084
90,0,4033,0,1785,69,210476
90,10,13878,0,229,71,208015
90,7,13877,0,229,79,281595
33,3,14777,10,231,74,197786
90,27,20357,1,1819,79,225523
52,25,20356,0,1819,82,222041
75,23,20355,0,1819,80,228738
90,10,20354,0,1819,78,204612
90,14,20353,0,1819,80,230144
90,10,20352,0,1819,79,226807
90,7,20351,0,1819,78,231874
90,5,20350,0,1819,80,281351
90,5,20349,0,1819,79,281005
90,3,20348,0,1819,82,284222
90,0,20347,0,1819,82,167628
90,5,13876,0,229,80,198584
43,3,4068,10,1900,72,281341
90,27,4067,0,1900,68,205671
90,25,4066,0,1900,76,236447
90,23,4065,0,1900,69,281018
90,10,4064,0,1900,73,283026
90,14,4063,0,1900,76,281339
90,10,4062,0,1900,78,239641
90,7,4061,0,1900,70,230188
90,5,4060,0,1900,83,284167
47,5,4059,0,1900,73,232433
90,3,4058,0,1900,75,283375
90,0,4057,0,1900,73,190734
90,0,20475,0,1887,76,231545
30,14,14339,10,110374,82,201519
90,25,14338,0,110374,82,186627
90,27,14337,0,110374,80,201938
90,18,14336,1,110374,75,225014
90,23,14335,0,110374,82,212623
60,10,14334,0,110374,80,219712
90,10,14333,0,110374,74,233564
90,7,14332,0,110374,76,209852
90,5,14331,0,110374,79,281377
90,5,14330,0,110374,77,284046
90,3,14329,0,110374,82,216158
90,0,14328,0,110374,81,280543
34,18,4093,10,1889,76,212474
39,25,4092,10,1889,71,208157
51,25,4091,0,1889,78,209323
90,16,4090,0,1889,75,281013
56,10,4089,0,1889,72,283828
55,10,4088,0,1889,73,192567
90,12,4087,0,1889,76,212229
90,7,4086,0,1889,78,283832
90,5,4085,0,1889,78,283370
90,5,4084,0,1889,71,281696
90,5,4083,0,1889,72,188538
90,3,4082,0,1889,72,281214
90,0,4081,1,1889,72,184885
90,5,13875,0,229,78,215892
90,3,20606,0,32,74,282779
13,3,20386,10,47,92,284288
80,25,20533,0,112218,79,187491
90,18,20532,0,112218,82,231887
90,16,20531,0,112218,79,212267
90,12,20530,0,112218,79,210872
90,10,20529,0,112218,74,216335
79,10,20528,0,112218,70,281358
90,7,20527,0,112218,73,240223
90,5,20526,0,112218,74,282876
90,5,20525,0,112218,74,281359
90,3,20524,0,112218,78,189681
90,0,20523,0,112218,82,213150
15,14,4120,10,319,68,238270
26,3,4119,10,319,69,191111
34,25,4118,10,319,72,208120
90,25,4117,0,319,78,284396
56,25,4116,0,319,71,227509
90,27,4115,0,319,72,239138
75,14,4114,0,319,70,184220
90,18,4113,0,319,69,202721
90,12,4112,0,319,71,281469
90,7,4111,0,319,67,214656
64,5,4110,0,319,74,211009
90,5,4109,0,319,62,232108
90,3,4108,0,319,70,280467
90,0,4107,0,319,73,233763
90,5,20843,0,1806,82,199550
42,18,14866,10,1906,76,220118
90,16,14865,0,1906,75,204821
90,25,14864,0,1906,76,223689
90,23,14863,1,1906,78,236593
48,18,14862,0,1906,77,210010
59,18,14861,0,1906,75,235663
90,10,14860,0,1906,66,240679
90,7,14859,0,1906,67,221050
90,5,14858,0,1906,79,282984
90,5,14857,0,1906,72,187620
90,3,14856,0,1906,77,227513
90,0,14855,0,1906,76,282132
90,3,13874,0,229,78,280504
90,0,13873,0,229,76,230872
90,5,20134,0,1,87,186547
90,27,4144,0,423,66,224522
90,25,4143,0,423,66,281975
90,23,4142,0,423,64,231065
90,18,4141,0,423,68,227082
90,14,4140,0,423,68,236379
90,14,4139,0,423,66,281312
90,7,4138,0,423,68,215725
90,5,4137,0,423,66,210131
90,5,4136,0,423,64,226728
90,3,4135,0,423,65,231617
90,0,4134,0,423,62,183236
90,0,20905,3,109,90,281111
90,3,20865,1,1793,74,228684
90,0,20658,0,9,83,282247
90,0,20771,3,1943,75,199764
48,3,20133,0,1,83,203551
90,0,20813,3,1799,79,189908
90,3,20893,3,1960,82,222331
90,4,20935,0,1944,89,280442
90,3,14390,0,837,67,213271
90,14,13513,0,1936,58,224088
90,0,13512,0,1936,59,282152
90,0,17124,0,1932,63,212560
90,3,18458,0,1797,73,225682
90,0,18457,0,1797,66,182206
90,3,20878,0,5,87,227928
90,14,19495,1,245,85,208670
90,10,19494,0,245,79,230965
90,7,19493,0,245,82,281989
90,5,19492,0,245,83,235243
90,5,19491,0,245,79,189156
90,3,19490,0,245,78,222535
90,0,19489,0,245,84,226753
90,5,19379,0,94,71,186352
62,3,20277,3,7,83,282211
41,25,20262,10,22,69,240829
90,16,20261,1,22,88,280058
90,25,20260,0,22,83,280604
49,12,20259,0,22,90,231443
90,10,20258,0,22,85,227234
90,10,20257,0,22,81,225193
90,10,20256,0,22,87,222028
90,7,20255,0,22,83,211256
90,5,20254,0,22,87,216460
90,5,20253,0,22,86,204311
90,3,20252,0,22,82,216158
90,0,20251,0,22,86,189117
90,0,20509,0,101059,79,282203
12,18,13940,10,78,77,211093
90,25,13939,0,78,75,202539
78,18,13938,0,78,77,202282
90,14,13937,0,78,78,281886
90,12,13936,0,78,77,188166
73,10,13935,0,78,76,233840
90,10,13934,0,78,72,206317
90,25,13933,0,78,65,227759
90,5,13932,0,78,75,199745
90,5,13931,0,78,73,224258
90,3,13930,0,78,76,225423
90,0,13929,0,78,76,281374
90,3,13993,0,191,72,223724
90,0,13992,0,191,69,216175
90,0,14341,0,254,71,209990
40,25,20237,10,69,83,200610
50,25,20236,0,69,85,212823
90,25,20235,0,69,85,213955
90,16,20234,0,69,82,213400
90,23,20233,0,69,84,207948
90,10,20232,1,69,83,205391
90,10,20231,0,69,73,229011
90,7,20230,0,69,81,210822
90,5,20229,0,69,86,280546
90,5,20228,0,69,86,215792
90,3,20227,0,69,84,222558
90,0,20226,0,69,82,221087
38,25,19473,10,48,81,197231
90,27,19472,0,48,85,198219
52,21,19471,0,48,83,213582
90,23,19470,0,48,87,216201
62,18,19469,0,48,85,281970
90,14,19468,1,48,87,210406
90,14,19467,0,48,84,205498
90,7,19466,0,48,87,210035
90,5,19465,0,48,87,213661
90,5,19464,0,48,82,280561
90,3,19463,0,48,85,228579
90,0,19462,0,48,84,281428
90,3,20334,0,481,82,216189
52,18,20296,0,237,84,212198
90,12,20295,0,237,84,215259
90,7,20294,0,237,72,236572
90,5,20293,0,237,78,193862
90,5,20292,0,237,78,212231
90,3,20291,0,237,75,237960
90,0,20290,0,237,83,178005
90,0,14096,0,326,87,280036
90,25,20641,0,483,81,199069
90,25,20640,0,483,84,216816
90,16,20639,0,483,84,233419
90,10,20638,0,483,79,188879
90,14,20637,0,483,84,206545
68,23,20636,0,483,85,222737
90,7,20635,0,483,81,212678
90,5,20634,0,483,81,283928
77,5,20633,0,483,85,216778
52,3,20632,0,483,81,281891
90,0,20631,0,483,85,178750
77,3,20375,0,47,82,219626
22,16,20810,10,19,83,280162
90,16,20571,0,243,77,283619
90,25,20570,0,243,88,231677
90,23,20569,0,243,82,208618
90,10,20568,0,243,85,226161
90,14,20567,0,243,77,235522
90,10,20566,0,243,89,200145
90,7,20565,0,243,81,212245
90,5,20564,1,243,86,192774
90,5,20563,0,243,88,183907
90,3,20562,0,243,78,235212
90,0,20561,0,243,77,177644
48,25,20680,0,236,76,216452
90,16,20679,0,236,84,210411
90,14,20678,0,236,85,208777
69,12,20677,0,236,76,232278
90,10,20676,0,236,86,200888
90,7,20675,0,236,75,231519
90,5,20674,0,236,83,192012
90,5,20673,0,236,82,207863
90,3,20672,0,236,78,234574
90,0,20671,0,236,81,212442
90,21,14195,0,327,75,184431
58,18,14194,0,327,77,281486
85,27,14193,0,327,81,282439
90,12,14192,0,327,78,223749
90,10,14191,0,327,78,193532
90,10,14190,0,327,75,193945
90,7,14189,0,327,84,284156
90,5,14188,0,327,76,212351
90,5,14187,0,327,76,237209
90,3,14186,0,327,71,281353
90,0,14185,0,327,82,281963
90,7,14266,0,100767,81,202562
90,5,14265,0,100767,81,231361
90,5,14264,0,100767,81,229773
90,3,14263,0,100767,73,223359
90,0,14262,0,100767,79,213732
0,5,20812,7,19,83,281858
27,16,20560,10,896,76,223136
90,25,20559,0,896,77,230800
90,25,20558,0,896,76,231786
90,27,20557,0,896,79,209729
63,10,20556,0,896,74,199504
90,14,20555,0,896,79,177413
90,12,20554,0,896,79,220334
90,10,20553,0,896,80,213813
90,5,20552,0,896,82,213899
90,5,20551,0,896,79,229237
90,5,20550,0,896,75,181262
90,0,20549,0,896,75,209332
90,0,20333,0,481,83,282717
20,14,19526,10,34,85,213296
90,16,19525,0,34,83,216547
90,25,19524,0,34,86,225719
90,12,19523,0,34,83,208808
90,16,19522,0,34,82,224394
90,10,19521,0,34,88,209499
90,10,19520,0,34,80,202087
70,12,19519,0,34,83,216468
90,5,19518,0,34,85,204082
90,5,19517,0,34,84,205362
90,5,19516,0,34,83,200724
90,0,19515,0,34,85,179783
90,0,20374,0,47,78,201931
90,0,14300,0,101014,80,188524
90,0,20583,0,280,82,205878
0,7,20826,7,1799,79,222265
90,0,14389,0,837,61,232126
90,25,20370,0,485,80,232381
51,25,20369,0,485,78,225114
90,16,20368,1,485,77,281009
65,12,20367,0,485,78,237995
69,10,20366,0,485,78,282989
90,10,20365,0,485,75,193420
90,7,20364,0,485,77,205934
90,5,20363,0,485,81,201956
90,5,20362,0,485,80,228295
90,3,20361,0,485,81,227873
90,0,20360,0,485,80,284287
37,16,14413,10,110227,72,233290
53,25,14412,0,110227,72,282866
90,12,14411,0,110227,73,201379
61,10,14410,0,110227,85,284383
90,10,14409,0,110227,81,187052
64,10,14408,0,110227,78,200094
90,7,14407,0,110227,82,229712
90,5,14406,0,110227,81,282732
90,5,14405,0,110227,75,202060
90,5,14404,0,110227,74,201141
90,3,14403,0,110227,74,281014
90,0,14402,0,110227,74,280507
90,0,20413,0,219,75,281345
40,18,20708,10,66,79,234906
90,16,20707,0,66,79,193361
90,25,20706,0,66,82,226537
90,14,20705,0,66,86,205569
50,18,20704,0,66,82,210513
90,14,20703,0,66,86,230938
73,10,20702,0,66,73,232192
90,7,20701,0,66,80,281980
90,5,20700,0,66,80,200353
90,5,20699,0,66,79,188829
90,3,20698,0,66,80,199304
90,0,20697,0,66,74,206075
11,18,20535,10,112218,75,207554
90,21,20474,0,325,78,143076
90,18,20473,0,325,80,193738
90,27,20472,0,325,82,228414
90,12,20471,0,325,73,283982
90,10,20470,0,325,77,200754
90,10,20469,0,325,69,281961
90,7,20468,0,325,76,201119
90,5,20467,0,325,78,283853
90,5,20466,0,325,78,281759
90,3,20465,0,325,76,198599
90,0,20464,0,325,79,182494
15,8,14491,10,315,76,192087
44,7,14464,10,1516,70,237758
90,25,14463,0,1516,75,210380
90,14,14462,0,1516,77,225931
90,10,14461,0,1516,75,280955
90,10,14460,0,1516,72,210646
90,12,14459,0,1516,72,204644
90,10,14458,0,1516,81,284233
90,7,14457,0,1516,73,221994
90,5,14456,0,1516,74,190942
46,5,14455,0,1516,72,198250
90,3,14454,0,1516,76,213446
90,0,14453,0,1516,68,202673
35,12,14439,10,674,78,225632
90,25,14438,0,674,78,240702
90,25,14437,0,674,78,280858
90,25,14436,0,674,78,212273
90,16,14435,0,674,78,224813
90,10,14434,0,674,78,220921
90,10,14433,0,674,74,210831
55,12,14432,0,674,78,237207
90,5,14431,0,674,77,284411
90,5,14430,0,674,74,282687
90,5,14429,0,674,73,280900
90,0,14428,0,674,82,283267
90,25,20461,0,379,76,230079
57,16,20460,0,379,72,202035
90,12,20459,0,379,73,224826
90,10,20458,0,379,71,231109
90,10,20457,0,379,64,283632
90,7,20456,0,379,76,223143
90,5,20455,0,379,78,209840
90,5,20454,0,379,75,188654
90,3,20453,0,379,73,219487
90,0,20452,0,379,76,224953
90,5,14609,0,393,66,236458
90,18,14608,0,393,80,283218
90,0,14607,0,393,79,215069
33,14,14604,10,77,71,207465
90,25,14603,0,77,75,283137
90,18,14602,0,77,72,201368
90,27,14601,0,77,71,210321
90,12,14600,0,77,65,281365
90,10,14599,0,77,75,284562
57,10,14598,0,77,74,200302
90,7,14597,0,77,62,188831
73,5,14596,0,77,71,204297
64,5,14595,0,77,65,225974
90,3,14594,0,77,70,281885
90,0,14593,0,77,72,156253
90,0,20758,0,1795,80,280552
90,25,14651,0,898,75,283297
90,16,14650,0,898,72,284459
90,18,14649,0,898,73,190593
90,12,14648,0,898,68,187925
90,10,14647,0,898,67,216181
90,5,14646,0,898,66,184261
90,3,14645,0,898,67,188772
90,5,14644,0,898,72,202803
90,5,14643,0,898,71,231108
90,3,14642,0,898,72,224656
90,0,14641,0,898,71,280930
90,25,14675,0,1896,79,210259
90,25,14674,0,1896,76,230094
90,16,14673,0,1896,83,213516
73,10,14672,0,1896,74,283373
90,10,14671,0,1896,75,234621
90,12,14670,0,1896,74,204778
90,7,14669,0,1896,72,217546
90,5,14668,0,1896,79,221540
53,5,14667,0,1896,78,282126
90,3,14666,0,1896,77,212213
90,0,14665,0,1896,76,200798
50,25,14725,0,1913,74,283383
90,23,14724,1,1913,76,193092
90,14,14723,0,1913,76,225187
90,14,14722,0,1913,75,232736
90,10,14721,0,1913,64,137109
90,7,14720,0,1913,74,211195
90,5,14719,0,1913,81,282586
90,5,14718,0,1913,72,282590
90,3,14717,0,1913,78,233096
90,0,14716,0,1913,77,222900
36,16,20449,10,52,86,209889
90,16,20448,0,52,75,186805
90,25,20447,1,52,85,233631
90,23,20446,0,52,77,190264
54,10,20445,0,52,85,199503
90,10,20444,0,52,80,191202
90,10,20443,0,52,78,193116
61,7,20442,0,52,83,207993
90,5,20441,0,52,86,220793
90,5,20440,0,52,83,201143
90,3,20439,0,52,83,210864
90,0,20438,0,52,84,212831
90,18,14814,0,209,71,231777
90,16,14813,0,209,70,210494
90,12,14812,0,209,72,226604
90,10,14811,0,209,74,281919
90,10,14810,0,209,72,223866
90,7,14809,0,209,71,210381
90,5,14808,0,209,74,208247
90,5,14807,0,209,73,230855
90,3,14806,1,209,71,280801
90,0,14805,0,209,72,232350
90,0,14841,0,1456,74,213729
90,0,20852,0,1796,78,283840
43,25,20437,10,449,79,220355
90,27,20436,0,449,75,177388
47,25,20435,0,449,79,204838
90,12,20434,0,449,85,212230
90,10,20433,0,449,77,282685
90,10,20432,0,449,77,226271
90,5,20431,0,449,71,211037
90,7,20430,0,449,79,205207
90,5,20429,0,449,80,280553
90,5,20428,0,449,80,189060
90,3,20427,0,449,78,202113
90,0,20426,0,449,78,215985
90,0,20877,0,5,92,192119
90,0,20276,3,7,86,231691
90,3,20934,0,1944,89,280189
90,0,20685,0,10,88,210257
90,3,11439,0,121,57,169481
90,0,11438,0,121,67,201094
48,5,20842,0,1806,78,281235
90,3,20841,0,1806,84,199564
90,0,20840,0,1806,80,282837
90,5,20800,0,19,82,182002
90,3,20786,3,95,82,194229
90,0,20864,0,1793,83,283577
90,0,20933,0,1944,93,280334
90,0,20132,0,1,86,206652
90,0,14286,0,819,76,207557
90,5,14705,0,322,71,218430
90,3,14704,0,322,71,282753
90,0,14703,0,322,75,281296
90,3,20799,0,19,81,236466
90,0,20536,0,461,78,220604
90,0,20605,0,32,82,283804
90,0,20798,0,19,77,194911
90,0,20892,3,1960,80,209960
90,3,19378,0,94,79,284084
90,0,19377,0,94,73,155871
90,0,20785,3,95,78,281336
