offerteamid,approachreason,offerid,stage,iscputransfer,exchangeplayerid,offeredfee,counteroffers,precontract,startdate,offeredwage,currentcontractlength,date,result,desiredfee,isloanbuy,teamid,offeredcontracttype,valuation,snipedteamid,playerid,squadrole,issnipe,transferwindow,isloan,offeredbonus
48,3,0,5,1,-1,29600000,1,0,-101,11000,5,2021072200,32,-1,0,1889,7,29600000,-1,281428,2,0,0,0,0
1793,3,1,5,1,-1,3900000,0,0,-101,19000,2,2021071100,32,-1,0,472,4,3900000,-1,190747,3,0,0,0,0
1795,3,2,5,1,-1,25100000,0,0,-101,18500,5,2021071200,32,-1,0,112391,7,25100000,-1,281847,1,0,0,0,0
696,3,88,5,1,-1,7700000,0,0,-101,9900,5,2021072200,32,-1,0,15005,7,7700000,-1,280460,1,0,0,0,0
457,0,4,5,1,-1,1400000,0,0,-101,15500,4,2021080100,32,-1,0,1819,6,1400000,-1,236846,5,0,0,0,0
1629,2,5,5,1,-1,0,0,0,-101,0,1,2021070900,32,-1,0,1877,1,0,-1,234457,-1,0,0,1,0
38,3,6,2,1,-1,0,0,0,2021070700,10000,-1,2021070700,32,-1,0,111592,7,0,-1,283624,3,0,0,0,0
246,3,7,5,1,-1,9500000,0,0,-101,28500,2,2021071600,32,-1,0,1629,4,9500000,-1,202529,1,0,0,0,0
1960,3,8,5,1,-1,8000000,0,0,-101,20500,5,2021080100,32,-1,0,110234,7,8000000,-1,281363,3,0,0,0,0
897,3,9,2,1,-1,0,0,0,2021072300,6400,-1,2021072300,32,-1,0,111592,6,0,-1,283701,2,0,0,0,0
166,3,395,5,1,-1,11700000,0,0,-101,43500,3,2021083100,32,-1,0,69,5,11700000,-1,228942,2,0,0,0,0
59,2,11,5,1,-1,0,0,0,-101,0,1,2021070800,32,-1,0,1877,1,0,-1,224254,-1,0,0,1,0
100769,3,12,5,1,-1,8800000,0,0,-101,38000,5,2021071100,32,-1,0,17,7,8800000,-1,218659,3,0,0,0,0
479,2,13,5,1,-1,0,0,0,-101,0,1,2021071100,32,-1,0,57,1,0,-1,280034,-1,0,0,1,0
1873,2,14,5,1,-1,0,0,0,-101,0,1,2021070900,32,-1,0,200,1,0,-1,284424,-1,0,0,1,0
1569,3,15,5,1,-1,1300000,0,0,-101,1700,2,2021080600,32,-1,0,570,4,1300000,-1,280656,1,0,0,0,0
1480,3,16,5,1,-1,720000,0,0,-101,4300,3,2021070900,32,-1,0,278,5,720000,-1,239867,1,0,0,0,0
1887,2,17,5,1,-1,0,0,0,-101,0,1,2021070900,32,-1,0,1809,1,0,-1,281624,-1,0,0,1,0
1530,3,18,2,1,-1,0,0,0,2021070900,13500,-1,2021070900,32,-1,0,111592,6,0,-1,283474,1,0,0,0,0
169,3,19,5,1,-1,8300000,0,0,-101,10000,4,2021071600,32,-1,0,234,6,8300000,-1,230824,2,0,0,0,0
1951,2,495,5,1,-1,0,0,0,-101,0,1,2021122900,32,-1,0,492,1,0,-1,234740,-1,0,-1,1,0
111822,3,21,5,1,-1,900000,0,0,-101,3000,1,2021071000,32,-1,0,1439,3,900000,-1,215425,2,0,0,0,0
9,3,22,5,1,-1,57300000,1,0,-101,83000,4,2021071800,32,-1,0,54,6,57300000,-1,281615,1,0,0,0,0
1804,3,23,5,1,-1,1600000,0,0,-101,9900,3,2021071600,32,-1,0,1798,5,1600000,-1,225496,1,0,0,0,0
18,3,24,5,1,-1,24100000,0,0,-101,43500,5,2021070900,32,-1,0,461,7,24100000,-1,234153,1,0,0,0,0
1793,2,38,5,1,-1,0,0,0,-101,0,1,2021072900,32,-1,0,110227,1,0,-1,282238,-1,0,0,1,0
25,2,26,5,1,-1,0,0,0,-101,0,1,2021071200,32,-1,0,95,1,0,-1,280509,-1,0,0,1,0
1816,3,27,2,1,-1,0,0,0,2021070800,14500,-1,2021070800,32,-1,0,111592,5,0,-1,284275,2,0,0,0,0
229,3,28,5,1,-1,12300000,0,0,-101,33000,5,2021071000,32,-1,0,111044,7,12300000,-1,281595,2,0,0,0,0
31,3,29,5,1,-1,14800000,0,0,-101,55000,3,2021071400,32,-1,0,10029,5,14800000,-1,205995,2,0,0,0,0
240,3,30,5,1,-1,37700000,1,0,-101,16000,5,2021071900,32,-1,0,112828,7,37700000,-1,281626,2,0,0,0,0
45,3,31,5,1,-1,35100000,1,0,-101,69000,5,2021072100,32,-1,0,21,7,35100000,-1,281868,2,0,0,0,0
459,2,32,5,1,-1,0,0,0,-101,0,1,2021071100,32,-1,0,112218,1,0,-1,215798,-1,0,0,1,0
73,3,33,5,1,-1,52200000,0,0,-101,36500,5,2021071400,32,-1,0,452,7,52200000,-1,281385,2,0,0,0,0
481,3,34,5,1,-1,27000000,0,0,-101,16500,5,2021072000,32,-1,0,245,7,27000000,-1,236920,2,0,0,0,0
94,2,35,5,1,-1,0,0,0,-101,0,1,2021070900,32,-1,0,101014,1,0,-1,282197,-1,0,0,1,0
71,3,195,5,1,-1,12000000,0,0,-101,14500,3,2021082000,32,-1,0,272,5,12000000,-1,281946,1,0,0,0,0
503,3,37,2,1,-1,0,0,0,2021070900,7300,-1,2021070900,32,-1,0,111592,5,0,-1,283906,2,0,0,0,0
38,3,25,5,1,-1,8400000,0,0,-101,45000,2,2021080100,32,-1,0,325,4,8400000,-1,184881,3,0,0,0,0
100646,3,39,2,1,-1,0,0,0,2021070900,7800,-1,2021070900,32,-1,0,111592,6,0,-1,284095,2,0,0,0,0
1746,2,40,5,1,-1,0,0,0,-101,0,1,2021071100,32,-1,0,10,1,0,-1,221982,-1,0,0,1,0
1819,2,118,5,1,-1,0,0,0,-101,0,1,2021080900,32,-1,0,243,1,0,-1,239053,-1,0,0,1,0
110822,3,42,5,1,-1,2650000,0,0,-101,38000,2,2021070900,32,-1,0,1807,4,2650000,-1,184624,2,0,0,0,0
1,3,108,5,1,-1,27600000,0,0,-101,44500,4,2021081800,32,-1,0,457,6,27600000,-1,212462,2,0,0,0,0
17,3,44,0,0,-1,39600000,1,0,-101,-1,-1,2021070700,1,-1,0,1944,7,39600000,-1,280389,0,0,0,1,-1
34,3,45,5,1,-1,20900000,0,0,-101,87000,4,2021071000,32,-1,0,48,6,20900000,-1,236311,1,0,0,0,0
9,3,353,0,0,-1,32500000,2,0,-101,-1,-1,2021083105,1,-1,0,1944,7,32500000,-1,280050,0,0,0,1,-1
241,3,47,5,1,-1,48900000,1,0,-101,185000,3,2021071700,32,-1,0,9,5,48900000,-1,201942,2,0,0,0,0
243,3,48,5,1,-1,35300000,0,0,-101,81000,4,2021071400,32,-1,0,66,6,35300000,-1,199482,2,0,0,0,0
1842,3,49,5,1,-1,2900000,1,0,-101,12000,5,2021071500,32,-1,0,1629,7,2900000,-1,282076,3,0,0,0,0
2026,3,50,2,1,-1,0,0,0,2021072500,4300,-1,2021072500,32,-1,0,111592,4,0,-1,283900,1,0,0,0,0
62,3,51,5,1,-1,2100000,1,0,-101,16500,2,2021071700,32,-1,0,1960,4,2100000,-1,188278,3,0,0,0,0
68,2,260,5,1,-1,0,0,0,-101,0,1,2021081200,32,-1,0,294,1,0,-1,282999,-1,0,0,1,0
467,3,53,2,1,-1,0,0,0,2021070800,10500,-1,2021070800,32,-1,0,111592,6,0,-1,283685,2,0,0,0,0
110734,3,54,5,1,-1,3800000,0,0,-101,9100,4,2021071100,32,-1,0,673,6,3800000,-1,280899,3,0,0,0,0
111708,2,55,5,1,-1,0,0,0,-101,0,1,2021072700,32,-1,0,111139,1,0,-1,233743,-1,0,0,1,0
1837,3,210,5,1,-1,12600000,0,0,-101,29000,4,2021081000,32,-1,0,674,6,12600000,-1,217242,2,0,0,0,0
898,3,57,5,1,-1,2100000,0,0,-101,5600,3,2021071000,32,-1,0,1892,5,2100000,-1,281268,2,0,0,0,0
101088,3,388,5,1,-1,4150000,0,0,-101,4300,3,2021083100,32,-1,0,112534,5,4150000,-1,281673,2,0,0,0,0
111560,3,59,5,1,-1,900000,0,0,-101,9100,5,2021071000,32,-1,0,110930,7,900000,-1,282292,2,0,0,0,0
240,0,86,5,1,-1,5200000,0,0,-101,55000,5,2021080700,32,-1,0,110,7,5200000,-1,234177,5,0,0,0,0
1943,3,61,5,1,-1,24800000,1,0,-101,44500,3,2021071700,32,-1,0,69,5,24800000,-1,216749,1,0,0,0,0
100651,3,62,5,1,-1,780000,0,0,-101,9100,1,2021071000,32,-1,0,111239,3,780000,-1,191252,2,0,0,0,0
166,3,63,2,1,-1,0,0,0,2021071200,9800,-1,2021071200,32,-1,0,111592,6,0,-1,284014,2,0,0,0,0
189,0,64,5,1,-1,740000,0,0,-101,20000,4,2021071000,32,-1,0,240,6,740000,-1,240559,5,0,0,0,0
112828,3,65,5,1,-1,6100000,0,0,-101,8200,5,2021071200,32,-1,0,477,7,6100000,-1,281191,1,0,0,0,0
11,3,66,0,0,-1,54300000,1,0,-101,-1,-1,2021070700,1,-1,0,1944,7,54300000,-1,280072,0,0,0,1,-1
32,3,67,5,1,-1,45900000,1,0,-101,12500,5,2021072000,32,-1,0,112026,7,45900000,-1,281273,1,0,0,0,0
2038,3,68,5,1,-1,1700000,0,0,-101,3400,4,2021071300,32,-1,0,2056,6,1700000,-1,281833,1,0,0,0,0
68,2,69,5,1,-1,0,0,0,-101,0,1,2021071300,32,-1,0,550,1,0,-1,283251,-1,0,0,1,0
55,3,60,5,1,-1,6300000,0,0,-101,24000,5,2021073000,32,-1,0,461,7,6300000,-1,281394,3,0,0,0,0
113704,3,71,2,1,-1,0,0,0,2021071000,7300,-1,2021071000,32,-1,0,111592,5,0,-1,283871,1,0,0,0,0
95,3,72,5,1,-1,40600000,0,0,-101,41500,4,2021071900,32,-1,0,23,6,40600000,-1,280745,1,0,0,0,0
1893,3,73,2,1,-1,0,0,0,2021071100,7800,-1,2021071100,32,-1,0,111592,6,0,-1,284292,2,0,0,0,0
109,3,74,5,1,-1,22700000,0,0,-101,91000,5,2021071400,32,-1,0,243,7,22700000,-1,225161,1,0,0,0,0
100409,3,75,5,1,-1,7600000,0,0,-101,29000,5,2021071400,32,-1,0,1799,7,7600000,-1,281407,2,0,0,0,0
573,2,76,5,1,-1,0,0,0,-101,0,1,2021071200,32,-1,0,1530,1,0,-1,283778,-1,0,0,1,0
100081,3,77,2,1,-1,0,0,0,2021070900,9900,-1,2021070900,32,-1,0,111592,7,0,-1,283920,1,0,0,0,0
22,3,78,0,0,-1,27900000,1,0,-101,-1,-1,2021070900,1,-1,0,1944,7,27900000,-1,280274,0,0,0,1,-1
110373,3,129,5,1,-1,5200000,0,0,-101,1800,2,2021080300,32,-1,0,111723,4,5200000,-1,281701,1,0,0,0,0
236,0,80,5,1,-1,2650000,3,0,-101,18000,4,2021072500,32,-1,0,110147,6,2650000,-1,240107,4,0,0,0,0
112668,3,105,5,1,-1,1050000,0,0,-101,3100,2,2021080400,32,-1,0,110062,4,1050000,-1,282227,1,0,0,0,0
243,3,496,0,0,-1,51000000,1,0,-101,-1,-1,2021091800,1,-1,0,1944,7,51000000,-1,280262,0,0,-1,1,-1
467,3,550,2,1,-1,0,0,1,2022010700,25500,-1,2022010700,32,-1,0,312,5,0,-1,193468,3,0,1,0,0
111713,3,84,5,1,-1,1200000,1,0,-101,3200,2,2021072500,32,-1,0,199,4,1200000,-1,203976,2,0,0,0,0
74,2,85,5,1,-1,0,0,0,-101,0,1,2021071300,32,-1,0,111678,1,0,-1,283068,-1,0,0,1,0
237,3,70,5,1,-1,39800000,0,0,-101,44000,4,2021080300,32,-1,0,110093,6,39800000,-1,215259,1,0,0,0,0
110724,3,87,2,1,-1,0,0,0,2021071000,9900,-1,2021071000,32,-1,0,111592,7,0,-1,283541,2,0,0,0,0
64,2,3,5,1,-1,0,0,0,-101,0,1,2021072400,32,-1,0,1879,1,0,-1,281490,-1,0,0,1,0
112425,3,89,5,1,-1,730000,0,0,-101,2800,3,2021071300,32,-1,0,319,5,730000,-1,281957,1,0,0,0,0
8,3,90,5,1,-1,6800000,0,0,-101,29500,2,2021071900,32,-1,0,69,4,6800000,-1,218658,1,0,0,0,0
1806,3,91,0,0,-1,30300000,1,0,-101,-1,-1,2021070900,1,-1,0,1944,7,30300000,-1,280045,0,0,0,1,-1
111651,3,92,5,1,-1,8300000,2,0,-101,13000,3,2021081200,32,-1,0,271,5,8300000,-1,240265,1,0,0,0,0
462,2,43,5,1,-1,0,0,0,-101,0,1,2021081900,32,-1,0,32,1,0,-1,208045,-1,0,0,1,0
44,3,94,5,1,-1,30300000,0,0,-101,140000,4,2021072300,32,-1,0,66,6,30300000,-1,202648,1,0,0,0,0
110109,3,95,5,1,-1,3400000,0,0,-101,15500,5,2021071600,32,-1,0,229,7,3400000,-1,280808,2,0,0,0,0
1816,3,96,5,1,-1,2450000,0,0,-101,18000,2,2021080300,32,-1,0,573,4,2450000,-1,183766,2,0,0,0,0
741,2,97,5,1,-1,0,0,0,-101,0,1,2021071300,32,-1,0,325,1,0,-1,210372,-1,0,0,1,0
175,3,98,5,1,-1,21600000,0,0,-101,36500,5,2021071400,32,-1,0,229,7,21600000,-1,212501,1,0,0,0,0
219,3,99,5,1,-1,5300000,1,0,-101,5300,5,2021072000,32,-1,0,1893,7,5300000,-1,281345,3,0,0,0,0
1809,3,100,5,1,-1,5800000,0,0,-101,9000,4,2021071800,32,-1,0,111140,6,5800000,-1,215266,3,0,0,0,0
23,3,101,5,1,-1,23700000,0,0,-101,62000,5,2021072300,32,-1,0,65,7,23700000,-1,280601,2,0,0,0,0
1035,3,102,5,1,-1,2000000,0,0,-101,9800,4,2021071400,32,-1,0,449,6,2000000,-1,280582,3,0,0,0,0
450,3,103,5,1,-1,11100000,0,0,-101,42000,3,2021071800,32,-1,0,71,5,11100000,-1,227789,2,0,0,0,0
461,3,104,5,1,-1,17400000,0,0,-101,45500,4,2021072200,32,-1,0,13,6,17400000,-1,236441,2,0,0,0,0
1843,3,193,5,1,-1,3550000,0,0,-101,22500,2,2021082500,32,-1,0,17,4,3550000,-1,205186,3,0,0,0,0
112836,3,106,5,1,-1,790000,0,0,-101,2400,3,2021080200,32,-1,0,110591,5,790000,-1,238955,2,0,0,0,0
112172,3,107,5,1,-1,31700000,0,0,-101,105000,4,2021071700,32,-1,0,48,6,31700000,-1,230613,1,0,0,0,0
65,3,407,5,1,-1,9000000,0,0,-101,44000,4,2021083100,32,-1,0,13,6,9000000,-1,212911,2,0,0,0,0
983,3,109,5,1,-1,2150000,0,0,-101,7300,3,2021071500,32,-1,0,244,5,2150000,-1,281348,2,0,0,0,0
17,3,110,5,1,-1,24000000,0,0,-101,62000,2,2021071800,32,-1,0,175,4,24000000,-1,221130,1,0,0,0,0
11,3,111,5,1,-1,36700000,1,0,-101,78000,5,2021072100,32,-1,0,1943,7,36700000,-1,232270,3,0,0,0,0
1,3,112,0,0,-1,66600000,1,0,-101,-1,-1,2021071100,1,-1,0,1944,7,66600000,-1,280189,0,0,0,1,-1
231,3,113,5,1,-1,10900000,0,0,-101,33500,3,2021071700,32,-1,0,1837,5,10900000,-1,221168,1,0,0,0,0
71,3,114,5,1,-1,10200000,3,0,-101,49000,3,2021080300,32,-1,0,1799,5,10200000,-1,221269,1,0,0,0,0
272,3,115,5,1,-1,820000,2,0,-101,17000,1,2021072400,32,-1,0,13,3,820000,-1,188289,2,0,0,0,0
206,3,116,2,1,-1,0,0,0,2021071500,10500,-1,2021071500,32,-1,0,111592,7,0,-1,284382,1,0,0,0,0
1843,3,117,5,1,-1,4250000,0,0,-101,4400,2,2021071800,32,-1,0,39,4,4250000,-1,186961,2,0,0,0,0
1795,3,146,5,1,-1,12600000,1,0,-101,3700,4,2021081600,32,-1,0,192,6,12600000,-1,280552,2,0,0,0,0
711,3,119,5,1,-1,1300000,1,0,-101,3800,1,2021072000,32,-1,0,112345,3,1300000,-1,193693,2,0,0,0,0
111044,2,120,5,1,-1,0,0,0,-101,0,1,2021071600,32,-1,0,695,1,0,-1,280909,-1,0,0,1,0
100634,3,121,2,1,-1,0,0,0,2021071500,10500,-1,2021071500,32,-1,0,111592,5,0,-1,283822,1,0,0,0,0
70,2,122,5,1,-1,0,0,0,-101,0,1,2021071700,32,-1,0,175,1,0,-1,235889,-1,0,0,1,0
695,3,123,5,1,-1,4650000,0,0,-101,3200,3,2021072100,32,-1,0,418,5,4650000,-1,232786,3,0,0,0,0
57,3,36,5,1,-1,2950000,0,0,-101,12000,4,2021080300,32,-1,0,1843,6,2950000,-1,282107,2,0,0,0,0
10,3,142,0,0,-1,85700000,1,0,-101,-1,-1,2021080600,1,-1,0,1944,7,85700000,-1,280442,0,0,0,1,-1
452,2,126,5,1,-1,0,0,0,-101,0,1,2021071800,32,-1,0,23,1,0,-1,233601,-1,0,0,1,0
66,3,127,5,1,-1,13700000,0,0,-101,19500,4,2021071900,32,-1,0,449,6,13700000,-1,281980,2,0,0,0,0
22,3,128,5,1,-1,25400000,0,0,-101,41500,4,2021071900,32,-1,0,23,6,25400000,-1,211256,2,0,0,0,0
71,3,320,5,1,-1,6100000,0,0,-101,27500,3,2021083100,32,-1,0,31,5,6100000,-1,202157,2,0,0,0,0
700,2,125,5,1,-1,0,0,0,-101,0,1,2021081200,32,-1,0,270,1,0,-1,223755,-1,0,0,1,0
112075,3,131,5,1,-1,130000,0,0,-101,650,1,2021071700,32,-1,0,113160,3,130000,-1,232715,4,0,0,0,0
81,3,132,5,1,-1,1750000,0,0,-101,3000,4,2021071900,32,-1,0,420,6,1750000,-1,234522,1,0,0,0,0
1876,3,133,5,1,-1,3850000,0,0,-101,27000,1,2021071800,32,-1,0,13,3,3850000,-1,186395,3,0,0,0,0
325,3,134,5,1,-1,11700000,0,0,-101,6300,1,2021080500,32,-1,0,39,3,11700000,-1,143076,1,0,0,0,0
689,3,135,2,1,-1,0,0,0,2021071700,4200,-1,2021071700,32,-1,0,111592,5,0,-1,284164,2,0,0,0,0
19,3,176,5,1,-1,13200000,0,0,-101,25500,4,2021081300,32,-1,0,457,6,13200000,-1,281405,2,0,0,0,0
46,3,137,5,1,-1,21600000,1,0,-101,42500,3,2021072700,32,-1,0,1824,5,21600000,-1,205693,2,0,0,0,0
110374,3,138,5,1,-1,1800000,0,0,-101,25500,2,2021080900,32,-1,0,10029,4,1800000,-1,189043,4,0,0,0,0
7,3,139,5,1,-1,30200000,0,0,-101,4100,5,2021072200,32,-1,0,101102,7,30200000,-1,282211,2,0,0,0,0
10,3,140,5,1,-1,19600000,2,0,-101,16000,5,2021072900,32,-1,0,873,7,19600000,-1,282043,3,0,0,0,0
217,2,141,5,1,-1,0,0,0,-101,0,1,2021071900,32,-1,0,741,1,0,-1,281414,-1,0,0,1,0
169,0,83,5,1,-1,600000,0,0,-101,2400,4,2021081200,32,-1,0,226,6,600000,-1,236468,5,0,0,0,0
111086,3,143,5,1,-1,115000,0,0,-101,1300,2,2021071700,32,-1,0,110749,4,115000,-1,219967,5,0,0,0,0
47,3,297,5,1,-1,41900000,0,0,-101,195000,4,2021082500,32,-1,0,5,6,41900000,-1,223273,2,0,0,0,0
1819,3,145,5,1,-1,7000000,0,0,-101,53000,4,2021072100,32,-1,0,44,6,7000000,-1,225652,2,0,0,0,0
837,3,41,5,1,-1,650000,0,0,-101,1500,2,2021080900,32,-1,0,113162,4,650000,-1,281820,2,0,0,0,0
598,3,147,5,1,-1,8700000,0,0,-101,30500,3,2021082900,32,-1,0,436,5,8700000,-1,281714,1,0,0,0,0
252,3,148,5,1,-1,2050000,1,0,-101,3100,2,2021072200,32,-1,0,111327,4,2050000,-1,281636,2,0,0,0,0
54,3,149,5,1,-1,8600000,0,0,-101,38000,4,2021072200,32,-1,0,23,6,8600000,-1,198504,2,0,0,0,0
462,2,150,5,1,-1,0,0,0,-101,0,1,2021072000,32,-1,0,95,1,0,-1,216003,-1,0,0,1,0
682,3,151,2,1,-1,0,0,0,2021071600,12500,-1,2021071600,32,-1,0,111592,5,0,-1,283723,2,0,0,0,0
112791,3,152,5,1,-1,4100000,0,0,-101,6200,3,2021072100,32,-1,0,1478,5,4100000,-1,221475,2,0,0,0,0
568,3,153,5,1,-1,6000000,1,0,-101,20500,4,2021072300,32,-1,0,113704,6,6000000,-1,226130,2,0,0,0,0
1971,2,154,5,1,-1,0,0,0,-101,0,1,2021072100,32,-1,0,319,1,0,-1,283206,-1,0,0,1,0
72,3,155,5,1,-1,5800000,0,0,-101,38000,4,2021072100,32,-1,0,52,6,5800000,-1,236767,4,0,0,0,0
112510,3,156,5,1,-1,1350000,0,0,-101,5500,3,2021072100,32,-1,0,687,5,1350000,-1,234154,2,0,0,0,0
19,3,157,5,1,-1,45700000,0,0,-101,100000,3,2021072600,32,-1,0,52,5,45700000,-1,207441,1,0,0,0,0
1,3,158,5,1,-1,53800000,0,0,-101,250000,5,2021072700,32,-1,0,7,7,53800000,-1,228687,1,0,0,0,0
1816,2,159,5,1,-1,0,0,0,-101,0,1,2021072100,32,-1,0,607,1,0,-1,284432,-1,0,0,1,0
1746,3,10,5,1,-1,3400000,0,0,-101,22500,3,2021080900,32,-1,0,71,5,3400000,-1,223875,3,0,0,0,0
69,3,161,5,1,-1,51500000,0,0,-101,79000,4,2021072500,32,-1,0,32,6,51500000,-1,212823,1,0,0,0,0
487,3,162,5,1,-1,670000,0,0,-101,3300,2,2021072100,32,-1,0,698,4,670000,-1,281444,1,0,0,0,0
100081,2,163,5,1,-1,0,0,0,-101,0,1,2021072000,32,-1,0,1879,1,0,-1,282941,-1,0,0,1,0
110234,3,164,5,1,-1,2100000,0,0,-101,9100,3,2021072000,32,-1,0,1013,5,2100000,-1,280628,2,0,0,0,0
189,0,165,5,1,-1,440000,1,0,-101,6000,4,2021072400,32,-1,0,1803,6,440000,-1,238326,5,0,0,0,0
100888,2,166,5,1,-1,0,0,0,-101,0,1,2021072200,32,-1,0,10029,1,0,-1,234612,-1,0,0,1,0
110374,3,167,5,1,-1,12200000,0,0,-101,27000,4,2021072100,32,-1,0,69,6,12200000,-1,281377,2,0,0,0,0
1824,3,168,5,1,-1,16200000,0,0,-101,34500,5,2021072400,32,-1,0,452,7,16200000,-1,281981,1,0,0,0,0
1799,3,169,5,1,-1,6200000,0,0,-101,11000,5,2021072500,32,-1,0,111710,7,6200000,-1,233550,3,0,0,0,0
10,3,261,0,0,-1,61000000,1,0,-101,-1,-1,2021082900,1,-1,0,1944,7,61000000,-1,280025,0,0,0,1,-1
448,3,160,5,1,-1,9800000,0,0,-101,44000,4,2021083100,32,-1,0,1853,6,9800000,-1,224540,2,0,0,0,0
111928,3,172,5,1,-1,4500000,0,0,-101,8200,4,2021072200,32,-1,0,110704,6,4500000,-1,282268,1,0,0,0,0
112218,3,173,5,1,-1,13700000,0,0,-101,5800,2,2021072900,32,-1,0,39,4,13700000,-1,212267,1,0,0,0,0
110396,3,174,5,1,-1,4300000,0,0,-101,2000,3,2021072400,32,-1,0,112523,5,4300000,-1,281703,2,0,0,0,0
200,3,175,5,1,-1,8500000,1,0,-101,8300,4,2021072800,32,-1,0,111395,6,8500000,-1,281415,1,0,0,0,0
1793,3,136,2,1,-1,0,0,0,2021081400,10000,-1,2021081400,32,-1,0,111592,7,0,-1,283470,1,0,0,0,0
1806,3,177,5,1,-1,17500000,0,0,-101,29000,4,2021072500,32,-1,0,100409,6,17500000,-1,282186,2,0,0,0,0
113057,3,178,2,1,-1,0,0,0,2021072100,4400,-1,2021072100,32,-1,0,111592,5,0,-1,282360,2,0,0,0,0
294,2,324,5,1,-1,0,0,0,-101,0,1,2021082300,32,-1,0,503,1,0,-1,212000,-1,0,0,1,0
65,3,180,5,1,-1,3800000,0,0,-101,49500,2,2021072300,32,-1,0,1943,4,3800000,-1,189157,4,0,0,0,0
479,3,181,5,1,-1,2950000,0,0,-101,4400,1,2021072200,32,-1,0,39,3,2950000,-1,204341,2,0,0,0,0
485,3,182,5,1,-1,11200000,0,0,-101,48500,3,2021072900,32,-1,0,1879,5,11200000,-1,237995,2,0,0,0,0
1889,3,183,5,1,-1,2050000,0,0,-101,5400,3,2021072700,32,-1,0,29,5,2050000,-1,281214,2,0,0,0,0
907,3,188,0,0,-1,76000000,1,0,-101,-1,-1,2021081200,1,-1,0,1944,7,76000000,-1,280234,0,0,0,1,-1
110227,3,185,5,1,-1,21200000,0,0,-101,71000,4,2021072400,32,-1,0,110374,6,21200000,-1,229712,1,0,0,0,0
483,3,186,5,1,-1,19600000,0,0,-101,42500,5,2021072900,32,-1,0,86,7,19600000,-1,281891,2,0,0,0,0
2007,3,187,5,1,-1,4400000,1,0,-101,6100,5,2021080100,32,-1,0,1813,7,4400000,-1,280985,1,0,0,0,0
9,3,124,5,1,-1,27400000,0,0,-101,14500,5,2021082200,32,-1,0,110395,7,27400000,-1,282247,2,0,0,0,0
74,3,189,5,1,-1,1500000,0,0,-101,2800,2,2021072300,32,-1,0,39,4,1500000,-1,216789,3,0,0,0,0
518,2,190,5,1,-1,0,0,0,-101,0,1,2021072400,32,-1,0,110822,1,0,-1,284470,-1,0,0,1,0
100646,3,191,5,1,-1,1550000,0,0,-101,7400,3,2021072600,32,-1,0,10019,5,1550000,-1,225294,2,0,0,0,0
1944,3,192,5,0,-1,125000000,2,0,-101,165000,5,2021071800,32,-1,0,69,7,125000000,-1,231747,1,0,0,0,0
1907,3,470,2,1,-1,0,0,0,2022010400,6300,-1,2022010400,32,-1,0,111592,6,0,-1,283663,2,0,1,0,0
673,3,315,5,1,-1,6700000,0,0,-101,25500,3,2021083000,32,-1,0,169,5,6700000,-1,230019,2,0,0,0,0
1039,3,194,5,1,-1,2800000,0,0,-101,8600,2,2021083100,32,-1,0,110405,4,2800000,-1,217807,2,0,0,0,0
294,2,196,5,1,-1,0,0,0,-101,0,1,2021072500,32,-1,0,47,1,0,-1,215871,-1,0,0,1,0
100409,3,197,2,1,-1,0,0,0,2021072200,10500,-1,2021072200,32,-1,0,111592,7,0,-1,283583,2,0,0,0,0
607,3,245,2,1,-1,0,0,0,2021081200,4400,-1,2021081200,32,-1,0,111592,6,0,-1,283992,2,0,0,0,0
166,3,46,5,1,-1,10900000,0,0,-101,34500,3,2021081900,32,-1,0,485,5,10900000,-1,281303,1,0,0,0,0
111974,3,200,5,1,-1,10300000,0,0,-101,42500,2,2021072700,32,-1,0,34,4,10300000,-1,181458,2,0,0,0,0
111393,3,201,5,1,-1,900000,0,0,-101,1400,3,2021072800,32,-1,0,112409,5,900000,-1,230934,3,0,0,0,0
5,3,202,5,1,-1,69900000,0,0,-101,155000,3,2021073100,32,-1,0,73,5,69900000,-1,225508,1,0,0,0,0
206,3,203,5,1,-1,16600000,0,0,-101,53000,3,2021072800,32,-1,0,109,5,16600000,-1,216433,1,0,0,0,0
1039,3,204,5,1,-1,2800000,1,0,-101,4800,3,2021080300,32,-1,0,1463,5,2800000,-1,232223,1,0,0,0,0
109,3,205,5,1,-1,11700000,0,0,-101,52000,5,2021072700,32,-1,0,66,7,11700000,-1,234333,2,0,0,0,0
1892,3,212,5,1,-1,4100000,1,0,-101,8300,3,2021081900,32,-1,0,298,5,4100000,-1,219466,2,0,0,0,0
73,3,207,5,1,-1,47100000,2,0,-101,65000,5,2021080800,32,-1,0,94,7,47100000,-1,281896,2,0,0,0,0
15015,3,208,2,1,-1,0,0,0,2021072700,7200,-1,2021072700,32,-1,0,111592,4,0,-1,284370,1,0,0,0,0
101041,3,309,5,1,-1,2200000,0,0,-101,11500,4,2021082700,32,-1,0,674,6,2200000,-1,280463,2,0,0,0,0
189,0,56,5,1,-1,1400000,3,0,-101,4800,4,2021082200,32,-1,0,417,6,1400000,-1,239085,5,0,0,0,0
112425,3,211,5,1,-1,470000,0,0,-101,5200,1,2021072700,32,-1,0,1516,3,470000,-1,205465,2,0,0,0,0
59,3,206,5,1,-1,7300000,0,0,-101,28500,2,2021083100,32,-1,0,206,4,7300000,-1,202828,2,0,0,0,0
245,3,213,5,1,-1,28100000,0,0,-101,12000,5,2021080300,32,-1,0,480,7,28100000,-1,281989,1,0,0,0,0
68,3,214,5,1,-1,2800000,0,0,-101,12000,5,2021072600,32,-1,0,674,7,2800000,-1,281099,3,0,0,0,0
110734,3,215,2,1,-1,0,0,0,2021072600,5200,-1,2021072600,32,-1,0,111592,6,0,-1,283620,3,0,0,0,0
1793,3,82,5,1,-1,3800000,0,0,-101,33500,3,2021083100,32,-1,0,8,5,3800000,-1,206006,2,0,0,0,0
55,3,405,5,1,-1,6200000,0,0,-101,46500,2,2021083100,32,-1,0,459,4,6200000,-1,192537,2,0,0,0,0
36,3,218,5,1,-1,14400000,0,0,-101,22000,5,2021080300,32,-1,0,242,7,14400000,-1,281611,2,0,0,0,0
21,3,219,0,0,-1,51000000,1,0,-101,-1,-1,2021072600,1,-1,0,1944,7,51000000,-1,280262,0,0,0,1,-1
670,2,220,5,1,-1,0,0,0,-101,0,1,2021073100,32,-1,0,62,1,0,-1,236836,-1,0,0,1,0
472,3,221,5,1,-1,16800000,2,0,-101,7600,3,2021080800,32,-1,0,113458,5,16800000,-1,280611,1,0,0,0,0
112172,3,222,5,1,-1,8800000,0,0,-101,29500,4,2021080300,32,-1,0,315,6,8800000,-1,281956,2,0,0,0,0
573,3,223,5,1,-1,5700000,0,0,-101,32000,4,2021073100,32,-1,0,72,6,5700000,-1,222272,3,0,0,0,0
111057,2,246,5,1,-1,0,0,0,-101,0,1,2021081500,32,-1,0,100767,1,0,-1,237600,-1,0,0,1,0
206,2,225,5,1,-1,0,0,0,-101,0,1,2021082100,32,-1,0,1960,1,0,-1,216470,-1,0,0,1,0
111044,3,226,5,1,-1,7200000,0,0,-101,33500,2,2021072900,32,-1,0,10029,4,7200000,-1,201290,2,0,0,0,0
450,2,227,5,1,-1,0,0,0,-101,0,1,2021072900,32,-1,0,200,1,0,-1,283588,-1,0,0,1,0
1853,2,228,5,1,-1,0,0,0,-101,0,1,2021073000,32,-1,0,175,1,0,-1,216267,-1,0,0,1,0
144,3,574,2,1,-1,0,0,1,2022010700,42500,-1,2022010700,32,-1,0,100767,6,0,-1,282193,2,0,1,0,0
66,3,230,5,1,-1,4050000,0,0,-101,54000,4,2021073000,32,-1,0,11,6,4050000,-1,206075,4,0,0,0,0
674,3,231,5,1,-1,9400000,0,0,-101,32000,5,2021073100,32,-1,0,436,7,9400000,-1,280858,2,0,0,0,0
680,2,232,5,1,-1,0,0,0,-101,0,1,2021073100,32,-1,0,112606,1,0,-1,239728,-1,0,0,1,0
315,3,233,5,1,-1,7400000,0,0,-101,20500,4,2021073000,32,-1,0,1809,6,7400000,-1,281101,2,0,0,0,0
110405,3,234,5,1,-1,660000,0,0,-101,2100,5,2021073000,32,-1,0,172,7,660000,-1,280792,3,0,0,0,0
111057,3,235,2,1,-1,0,0,0,2021072700,11000,-1,2021072700,32,-1,0,111592,5,0,-1,283615,2,0,0,0,0
11,3,236,5,1,-1,21000000,1,0,-101,66000,3,2021081100,32,-1,0,112172,5,21000000,-1,225402,3,0,0,0,0
13,3,237,0,0,-1,35700000,1,0,-101,-1,-1,2021072600,1,-1,0,1944,7,35700000,-1,280001,0,0,0,1,-1
25,2,238,5,1,-1,0,0,0,-101,0,1,2021073000,32,-1,0,22,1,0,-1,216497,-1,0,0,1,0
57,3,171,5,1,-1,2550000,0,0,-101,24500,3,2021083000,32,-1,0,110822,5,2550000,-1,215275,3,0,0,0,0
1,3,229,0,0,-1,29900000,1,0,-101,-1,-1,2021080800,1,-1,0,1944,7,29900000,-1,280050,0,0,0,1,-1
112122,3,241,2,1,-1,0,0,0,2021073000,8200,-1,2021073000,32,-1,0,111592,6,0,-1,283991,2,0,0,0,0
100769,3,278,5,1,-1,13800000,0,0,-101,31500,3,2021083100,32,-1,0,74,5,13800000,-1,218970,2,0,0,0,0
673,3,217,5,1,-1,9500000,0,0,-101,13000,4,2021081900,32,-1,0,110724,6,9500000,-1,281204,2,0,0,0,0
111560,3,244,2,1,-1,0,0,0,2021072900,3600,-1,2021072900,32,-1,0,111592,5,0,-1,284229,2,0,0,0,0
461,3,198,5,1,-1,34900000,1,0,-101,81000,5,2021081800,32,-1,0,52,7,34900000,-1,228251,1,0,0,0,0
47,3,493,5,1,-1,28300000,0,0,-101,52000,4,2021122400,32,-1,0,461,6,28300000,-1,211591,2,0,-1,0,0
694,3,247,5,1,-1,2900000,0,0,-101,6700,4,2021080200,32,-1,0,15012,6,2900000,-1,281754,3,0,0,0,0
144,3,248,5,1,-1,2200000,0,0,-101,36500,2,2021073000,32,-1,0,189,4,2200000,-1,208379,2,0,0,0,0
70,2,535,5,1,-1,0,0,0,-101,0,1,2022011600,32,-1,0,72,1,0,-1,216388,-1,0,1,1,0
175,3,250,5,1,-1,25500000,0,0,-101,105000,4,2021080700,32,-1,0,9,6,25500000,-1,203775,1,0,0,0,0
100888,3,251,5,1,-1,3050000,0,0,-101,37500,1,2021080600,32,-1,0,110147,3,3050000,-1,198581,2,0,0,0,0
65,3,252,5,1,-1,16000000,1,0,-101,19500,5,2021080600,32,-1,0,111710,7,16000000,-1,281509,2,0,0,0,0
74,3,253,5,1,-1,2800000,1,0,-101,33500,2,2021080400,32,-1,0,1842,4,2800000,-1,189558,3,0,0,0,0
1843,3,510,2,1,-1,0,0,1,2022010600,25500,-1,2022010600,32,-1,0,485,3,0,-1,230168,2,0,1,0,0
112791,2,255,5,1,-1,0,0,0,-101,0,1,2021080200,32,-1,0,112531,1,0,-1,284232,-1,0,0,1,0
1971,2,256,5,1,-1,0,0,0,-101,0,1,2021080100,32,-1,0,1832,1,0,-1,232939,-1,0,0,1,0
461,3,224,5,1,-1,41500000,0,0,-101,72000,4,2021083100,32,-1,0,110227,6,41500000,-1,231638,1,0,0,0,0
1785,3,258,5,1,-1,260000,1,0,-101,1200,4,2021080400,32,-1,0,1478,6,260000,-1,281832,4,0,0,0,0
112828,2,259,5,1,-1,0,0,0,-101,0,1,2021080200,32,-1,0,111235,1,0,-1,283664,-1,0,0,1,0
23,3,52,0,0,-1,59900000,1,0,-101,-1,-1,2021082100,1,-1,0,1944,7,59900000,-1,280025,0,0,0,1,-1
10029,3,20,5,1,-1,15600000,0,0,-101,23000,5,2021082300,32,-1,0,71,7,15600000,-1,281763,2,0,0,0,0
111821,3,262,5,1,-1,690000,0,0,-101,3900,2,2021080200,32,-1,0,149,4,690000,-1,280785,2,0,0,0,0
9,3,263,5,1,-1,34900000,0,0,-101,230000,4,2021080300,32,-1,0,241,6,34900000,-1,200454,2,0,0,0,0
1914,2,264,5,1,-1,0,0,0,-101,0,1,2021080300,32,-1,0,66,1,0,-1,280605,-1,0,0,1,0
111974,3,573,5,1,-1,9500000,0,0,-101,22000,5,2022011000,32,-1,0,112791,7,9500000,-1,280545,2,0,1,0,0
21,3,266,5,1,-1,41300000,0,0,-101,53000,5,2021080400,32,-1,0,483,7,41300000,-1,213331,2,0,0,0,0
4,3,267,5,1,-1,1050000,0,0,-101,4900,2,2021080300,32,-1,0,379,4,1050000,-1,213021,2,0,0,0,0
219,3,268,5,1,-1,8900000,0,0,-101,40500,4,2021080500,32,-1,0,1961,6,8900000,-1,235297,3,0,0,0,0
111678,3,269,5,1,-1,7100000,0,0,-101,7200,4,2021080500,32,-1,0,64,6,7100000,-1,280759,1,0,0,0,0
48,3,270,5,1,-1,46200000,0,0,-101,37500,5,2021082900,32,-1,0,393,7,46200000,-1,281970,1,0,0,0,0
110832,3,271,5,1,-1,3000000,0,0,-101,12500,1,2021082600,32,-1,0,110144,3,3000000,-1,217168,2,0,0,0,0
479,2,272,5,1,-1,0,0,0,-101,0,1,2021080400,32,-1,0,1873,1,0,-1,233568,-1,0,0,1,0
598,2,199,5,1,-1,0,0,0,-101,0,1,2021083100,32,-1,0,19,1,0,-1,221342,-1,0,0,1,0
518,2,274,5,1,-1,0,0,0,-101,0,1,2021080400,32,-1,0,112578,1,0,-1,281674,-1,0,0,1,0
31,0,275,5,1,-1,370000,0,0,-101,12000,5,2021080400,32,-1,0,166,7,370000,-1,238271,5,0,0,0,0
62,2,276,5,1,-1,0,0,0,-101,0,1,2021080500,32,-1,0,492,1,0,-1,282494,-1,0,0,1,0
1447,3,277,5,1,-1,1550000,0,0,-101,4700,1,2021080800,32,-1,0,1815,3,1550000,-1,228290,1,0,0,0,0
111043,2,58,5,1,-1,0,0,0,-101,0,1,2021083100,32,-1,0,112427,1,0,-1,280703,-1,0,0,1,0
294,3,279,5,1,-1,3150000,0,0,-101,19500,3,2021080800,32,-1,0,1917,5,3150000,-1,198032,2,0,0,0,0
110580,3,280,5,1,-1,6400000,0,0,-101,10500,2,2021080600,32,-1,0,76,4,6400000,-1,197480,1,0,0,0,0
101084,3,281,5,1,-1,3600000,0,0,-101,21000,2,2021080300,32,-1,0,1629,4,3600000,-1,189945,2,0,0,0,0
321,3,282,5,1,-1,1100000,0,0,-101,1900,4,2021080500,32,-1,0,190,6,1100000,-1,281250,1,0,0,0,0
1843,2,283,5,1,-1,0,0,0,-101,0,1,2021080600,32,-1,0,101147,1,0,-1,284162,-1,0,0,1,0
110734,2,284,5,1,-1,0,0,0,-101,0,1,2021080700,32,-1,0,694,1,0,-1,283446,-1,0,0,1,0
312,3,285,5,1,-1,1350000,0,0,-101,7300,4,2021080500,32,-1,0,463,6,1350000,-1,238900,2,0,0,0,0
1904,2,286,5,1,-1,0,0,0,-101,0,1,2021080700,32,-1,0,1530,1,0,-1,283489,-1,0,0,1,0
111022,3,287,5,1,-1,3050000,0,0,-101,13000,3,2021080600,32,-1,0,1530,5,3050000,-1,239589,2,0,0,0,0
322,2,288,5,1,-1,0,0,0,-101,0,1,2021080800,32,-1,0,4,1,0,-1,283785,-1,0,0,1,0
1943,3,289,5,1,-1,18000000,1,0,-101,7900,5,2021081100,32,-1,0,110373,7,18000000,-1,281614,2,0,0,0,0
59,2,290,5,1,-1,0,0,0,-101,0,1,2021081800,32,-1,0,101121,1,0,-1,284276,-1,0,0,1,0
22,3,291,5,1,-1,27300000,1,0,-101,26500,4,2021081300,32,-1,0,448,6,27300000,-1,280604,2,0,0,0,0
46,0,292,5,1,-1,2200000,0,0,-101,34500,5,2021081100,32,-1,0,1793,7,2200000,-1,231663,5,0,0,0,0
111713,3,437,5,1,-1,350000,0,0,-101,2800,1,2021083100,32,-1,0,252,3,350000,-1,238989,4,0,0,0,0
59,3,294,5,1,-1,6300000,0,0,-101,64000,1,2021080600,32,-1,0,110374,3,6300000,-1,185431,2,0,0,0,0
682,3,483,5,1,-1,2500000,0,0,-101,6500,1,2021122200,1,-1,0,110975,3,2500000,-1,159938,2,0,-1,0,0
70,3,296,5,1,-1,5800000,0,0,-101,37500,2,2021080700,32,-1,0,100888,4,5800000,-1,224869,2,0,0,0,0
573,3,414,5,1,-1,3400000,0,0,-101,14500,1,2021083100,32,-1,0,742,3,3400000,-1,199417,2,0,0,0,0
111651,3,298,5,1,-1,790000,0,0,-101,4000,3,2021083100,32,-1,0,29,5,790000,-1,281872,3,0,0,0,0
95,3,299,5,1,-1,6000000,0,0,-101,32000,3,2021080900,32,-1,0,31,5,6000000,-1,190572,3,0,0,0,0
110227,3,300,5,1,-1,10200000,0,0,-101,49500,3,2021122300,32,-1,0,78,5,10200000,-1,225423,2,0,-1,0,0
1960,3,532,2,1,-1,0,0,1,2022010600,93000,-1,2022010600,32,-1,0,45,7,0,-1,227535,1,0,1,0,0
1824,3,302,5,1,-1,6200000,0,0,-101,45000,2,2021080800,32,-1,0,1795,4,6200000,-1,178091,3,0,0,0,0
47,3,303,5,1,-1,19900000,0,0,-101,24500,5,2021081000,32,-1,0,1877,7,19900000,-1,282118,3,0,0,0,0
459,3,332,5,1,-1,2100000,0,0,-101,10000,5,2021083100,32,-1,0,1013,7,2100000,-1,280635,3,0,0,0,0
110101,3,305,5,1,-1,210000,0,0,-101,1100,3,2021080800,32,-1,0,687,5,210000,-1,237305,4,0,0,0,0
452,3,306,5,1,-1,26300000,0,0,-101,55000,2,2021080700,32,-1,0,13,4,26300000,-1,205407,1,0,0,0,0
15001,3,307,5,1,-1,1050000,0,0,-101,3300,4,2021081000,32,-1,0,111144,6,1050000,-1,281741,1,0,0,0,0
254,3,242,5,1,-1,860000,0,0,-101,19500,1,2021082700,32,-1,0,1530,3,860000,-1,187671,3,0,0,0,0
650,2,341,5,1,-1,0,0,0,-101,0,1,2021083100,32,-1,0,112224,1,0,-1,284533,-1,0,0,1,0
1939,3,310,5,1,-1,11300000,0,0,-101,7100,3,2021081100,32,-1,0,111327,5,11300000,-1,282318,1,0,0,0,0
110822,2,311,5,1,-1,0,0,0,-101,0,1,2021080800,32,-1,0,1035,1,0,-1,284107,-1,0,0,1,0
32,3,79,5,1,-1,7700000,1,0,-101,46500,3,2021083100,32,-1,0,13,5,7700000,-1,210282,4,0,0,0,0
670,3,313,5,1,-1,1100000,0,0,-101,4100,5,2021080900,32,-1,0,15019,7,1100000,-1,281073,3,0,0,0,0
483,0,314,5,1,-1,580000,0,0,-101,18000,5,2021080900,32,-1,0,175,7,580000,-1,237026,5,0,0,0,0
112172,3,323,5,1,-1,18800000,0,0,-101,99000,4,2021083100,32,-1,0,66,6,18800000,-1,216150,1,0,0,0,0
1738,3,316,5,1,-1,3550000,0,0,-101,3700,2,2021081800,32,-1,0,111434,4,3550000,-1,281201,2,0,0,0,0
418,3,513,5,1,-1,400000,0,0,-101,1300,3,2021091100,32,-1,0,77,5,400000,-1,280764,3,0,-1,0,0
576,3,318,5,1,-1,1650000,0,0,-101,13500,3,2021080800,32,-1,0,111239,5,1650000,-1,281128,1,0,0,0,0
1796,3,319,5,1,-1,4700000,0,0,-101,5900,5,2021081300,32,-1,0,320,7,4700000,-1,228946,4,0,0,0,0
1919,3,374,5,1,-1,5100000,0,0,-101,21500,1,2021083100,32,-1,0,448,3,5100000,-1,201025,1,0,0,0,0
10019,3,321,2,1,-1,0,0,0,2021081000,10000,-1,2021081000,32,-1,0,111592,6,0,-1,280026,1,0,0,0,0
689,3,322,5,1,-1,870000,0,0,-101,2200,3,2021081200,32,-1,0,111327,5,870000,-1,281684,3,0,0,0,0
110394,3,295,5,1,-1,1600000,2,0,-101,6300,4,2021100400,32,-1,0,111928,6,1600000,-1,237257,3,0,-1,0,0
459,3,93,5,1,-1,1800000,0,0,-101,17000,4,2021082200,32,-1,0,436,6,1800000,-1,281459,4,0,0,0,0
15009,3,325,5,1,-1,1600000,0,0,-101,16500,2,2021081300,32,-1,0,1797,4,1600000,-1,204882,2,0,0,0,0
169,3,326,5,1,-1,7700000,0,0,-101,43500,3,2021083000,32,-1,0,95,5,7700000,-1,232905,2,0,0,0,0
1908,2,327,5,1,-1,0,0,0,-101,0,1,2021081300,32,-1,0,160,1,0,-1,281787,-1,0,0,1,0
744,3,328,5,1,-1,1500000,0,0,-101,4200,3,2021081300,32,-1,0,101100,5,1500000,-1,214358,2,0,0,0,0
111019,3,329,5,1,-1,1350000,0,0,-101,2700,3,2021081200,32,-1,0,695,5,1350000,-1,281772,2,0,0,0,0
242,3,330,5,1,-1,8000000,0,0,-101,38000,1,2021081400,32,-1,0,1837,3,8000000,-1,201988,2,0,0,0,0
232,2,331,5,1,-1,0,0,0,-101,0,1,2021081500,32,-1,0,1796,1,0,-1,283838,-1,0,0,1,0
1797,3,491,5,1,-1,1500000,0,0,-101,20000,1,2021122500,32,-1,0,312,3,1500000,-1,191151,2,0,-1,0,0
472,3,333,2,1,-1,0,0,0,2021082900,15000,-1,2021082900,32,-1,0,111592,6,0,-1,284234,1,0,0,0,0
479,2,334,5,1,-1,0,0,0,-101,0,1,2021081500,32,-1,0,219,1,0,-1,229984,-1,0,0,1,0
1715,3,335,5,1,-1,500000,0,0,-101,2100,2,2021081200,32,-1,0,110150,4,500000,-1,239726,3,0,0,0,0
28,3,336,5,1,-1,3100000,0,0,-101,13500,5,2021081600,32,-1,0,242,7,3100000,-1,281406,4,0,0,0,0
1796,3,170,0,0,-1,31800000,1,0,-101,-1,-1,2021083100,1,-1,0,1944,7,31800000,-1,280041,0,0,0,1,-1
217,2,338,5,1,-1,0,0,0,-101,0,1,2021081400,32,-1,0,1878,1,0,-1,214718,-1,0,0,1,0
1816,2,339,5,1,-1,0,0,0,-101,0,1,2021081500,32,-1,0,31,1,0,-1,239806,-1,0,0,1,0
237,0,340,2,1,-1,0,0,0,2021081400,3900,-1,2021081400,32,-1,0,111592,7,0,-1,284223,5,0,0,0,0
294,3,553,2,1,-1,0,0,1,2022010700,11000,-1,2022010700,32,-1,0,1896,4,0,-1,195096,2,0,1,0,0
62,3,342,5,1,-1,2050000,0,0,-101,18500,5,2021081300,32,-1,0,72,7,2050000,-1,280762,4,0,0,0,0
112172,0,343,5,1,-1,1050000,0,0,-101,18500,4,2021081800,32,-1,0,189,6,1050000,-1,240652,5,0,0,0,0
45,3,344,5,1,-1,19300000,0,0,-101,200000,3,2021081700,32,-1,0,9,5,19300000,-1,200458,2,0,0,0,0
450,2,345,5,1,-1,0,0,0,-101,0,1,2021081700,32,-1,0,693,1,0,-1,283274,-1,0,0,1,0
65,3,346,5,1,-1,10000000,0,0,-101,46500,5,2021081700,32,-1,0,1793,7,10000000,-1,281646,2,0,0,0,0
506,2,347,5,1,-1,0,0,0,-101,0,1,2021081600,32,-1,0,111339,1,0,-1,226098,-1,0,0,1,0
1,3,81,5,1,-1,45100000,1,0,-101,34000,3,2021083100,32,-1,0,237,5,45100000,-1,207566,2,0,0,0,0
100646,2,349,5,1,-1,0,0,0,-101,0,1,2021081700,32,-1,0,111239,1,0,-1,282771,-1,0,0,1,0
101088,3,350,5,1,-1,4150000,0,0,-101,3400,3,2021081900,32,-1,0,111328,5,4150000,-1,281638,1,0,0,0,0
1719,2,351,5,1,-1,0,0,0,-101,0,1,2021081600,32,-1,0,111138,1,0,-1,282310,-1,0,0,1,0
462,2,257,5,1,-1,0,0,0,-101,0,1,2021083000,32,-1,0,110977,1,0,-1,284220,-1,0,0,1,0
112508,3,376,5,1,-1,850000,0,0,-101,4800,1,2021092700,32,-1,0,378,3,850000,-1,213526,1,0,-1,0,0
467,2,354,5,1,-1,0,0,0,-101,0,1,2021081900,32,-1,0,110145,1,0,-1,284293,-1,0,0,1,0
73,3,355,5,1,-1,51900000,2,0,-101,42500,4,2021082900,32,-1,0,101114,6,51900000,-1,282217,2,0,0,0,0
74,3,356,2,1,-1,0,0,0,2021081600,5200,-1,2021081600,32,-1,0,111592,5,0,-1,283738,3,0,0,0,0
113704,3,357,5,1,-1,5800000,0,0,-101,14000,5,2021082400,32,-1,0,166,7,5800000,-1,281907,1,0,0,0,0
200,2,358,5,1,-1,0,0,0,-101,0,1,2021083100,32,-1,0,461,1,0,-1,223765,-1,0,0,1,0
705,3,359,5,1,-1,1400000,0,0,-101,6400,1,2021081700,32,-1,0,379,3,1400000,-1,208739,2,0,0,0,0
1909,2,360,5,1,-1,0,0,0,-101,0,1,2021081700,32,-1,0,171,1,0,-1,282745,-1,0,0,1,0
127,3,361,5,1,-1,1200000,0,0,-101,2700,3,2021082100,32,-1,0,1465,5,1200000,-1,219447,1,0,0,0,0
485,2,362,5,1,-1,0,0,0,-101,0,1,2021081900,32,-1,0,573,1,0,-1,284287,-1,0,0,1,0
299,3,363,5,1,-1,1200000,0,0,-101,5200,2,2021082000,32,-1,0,1813,4,1200000,-1,237198,1,0,0,0,0
7,3,364,5,1,-1,50100000,0,0,-101,100000,4,2021082400,32,-1,0,44,6,50100000,-1,213135,2,0,0,0,0
1853,3,365,5,1,-1,4650000,0,0,-101,29000,1,2021082100,32,-1,0,1035,3,4650000,-1,183899,3,0,0,0,0
69,3,366,5,1,-1,55500000,0,0,-101,90000,5,2021082100,32,-1,0,110227,7,55500000,-1,213955,1,0,0,0,0
241,3,265,5,1,-1,101800000,0,0,-101,270000,3,2021083100,32,-1,0,10,5,101800000,-1,208596,1,0,0,0,0
1960,3,368,5,1,-1,23600000,0,0,-101,59000,5,2021082100,32,-1,0,144,7,23600000,-1,281410,1,0,0,0,0
983,3,369,5,1,-1,1850000,0,0,-101,4900,4,2021082000,32,-1,0,693,6,1850000,-1,280907,2,0,0,0,0
110234,3,370,5,1,-1,2200000,0,0,-101,15500,2,2021081900,32,-1,0,1843,4,2200000,-1,204350,2,0,0,0,0
101084,2,371,5,1,-1,0,0,0,-101,0,1,2021081900,32,-1,0,110580,1,0,-1,284028,-1,0,0,1,0
449,3,372,5,1,-1,11100000,0,0,-101,32000,4,2021082300,32,-1,0,112218,6,11100000,-1,205207,2,0,0,0,0
66,3,373,5,1,-1,63500000,0,0,-101,7200,4,2021082500,32,-1,0,39,6,63500000,-1,230938,1,0,0,0,0
467,2,301,5,1,-1,0,0,0,-101,0,1,2021083100,32,-1,0,39,1,0,-1,215689,-1,0,0,1,0
112516,2,375,5,1,-1,0,0,0,-101,0,1,2021082000,32,-1,0,598,1,0,-1,284124,-1,0,0,1,0
110227,3,209,5,1,-1,6000000,0,0,-101,29500,4,2021092100,32,-1,0,450,6,6000000,-1,239207,1,0,-1,0,0
1746,2,377,5,1,-1,0,0,0,-101,0,1,2021082000,32,-1,0,110395,1,0,-1,281488,-1,0,0,1,0
110231,3,378,5,1,-1,6100000,0,0,-101,37500,3,2021082200,32,-1,0,312,5,6100000,-1,281955,2,0,0,0,0
112425,3,379,2,1,-1,0,0,0,2021081700,3100,-1,2021081700,32,-1,0,111592,5,0,-1,283096,2,0,0,0,0
383,3,380,5,1,-1,9100000,0,0,-101,36000,3,2021082100,32,-1,0,1925,5,9100000,-1,281145,1,0,0,0,0
23,3,381,0,0,-1,32100000,1,0,-101,-1,-1,2021081600,1,-1,0,1944,7,32100000,-1,280041,0,0,0,1,-1
243,3,382,5,1,-1,44800000,0,0,-101,140000,5,2021082400,32,-1,0,73,7,44800000,-1,202652,2,0,0,0,0
10,3,383,5,1,-1,37400000,0,0,-101,180000,2,2021082300,32,-1,0,21,4,37400000,-1,178603,1,0,0,0,0
1807,3,384,5,1,-1,7200000,0,0,-101,5300,3,2021082100,32,-1,0,111327,5,7200000,-1,281662,2,0,0,0,0
25,2,385,5,1,-1,0,0,0,-101,0,1,2021082000,32,-1,0,169,1,0,-1,283788,-1,0,0,1,0
1530,3,386,5,1,-1,2000000,0,0,-101,7600,3,2021082000,32,-1,0,111065,5,2000000,-1,238555,3,0,0,0,0
576,3,387,2,1,-1,0,0,0,2021081800,8600,-1,2021081800,32,-1,0,111592,4,0,-1,281154,2,0,0,0,0
1788,3,293,5,1,-1,640000,2,0,-101,4300,1,2021111900,32,-1,0,272,3,640000,-1,231828,3,0,-1,0,0
1898,2,389,5,1,-1,0,0,0,-101,0,1,2021082100,32,-1,0,696,1,0,-1,228768,-1,0,0,1,0
110556,3,390,5,1,-1,3100000,0,0,-101,25500,2,2021082100,32,-1,0,674,4,3100000,-1,202078,3,0,0,0,0
573,3,391,5,1,-1,3450000,0,0,-101,3900,5,2021082200,32,-1,0,112026,7,3450000,-1,281278,3,0,0,0,0
1053,3,312,5,1,-1,4700000,0,0,-101,28500,2,2021083100,32,-1,0,1837,4,4700000,-1,199763,1,0,0,0,0
200,2,393,5,1,-1,0,0,0,-101,0,1,2021082200,32,-1,0,55,1,0,-1,284369,-1,0,0,1,0
1877,3,394,5,1,-1,10100000,0,0,-101,36500,3,2021083100,32,-1,0,1819,5,10100000,-1,220184,2,0,0,0,0
320,3,239,5,1,-1,2150000,0,0,-101,11000,1,2021083000,32,-1,0,1968,3,2150000,-1,228326,1,0,0,0,0
54,3,396,5,1,-1,25700000,1,0,-101,7800,4,2021083000,32,-1,0,112533,6,25700000,-1,281683,1,0,0,0,0
62,2,397,5,1,-1,0,0,0,-101,0,1,2021082300,32,-1,0,666,1,0,-1,284159,-1,0,0,1,0
70,2,398,5,1,-1,0,0,0,-101,0,1,2021082400,32,-1,0,111019,1,0,-1,280645,-1,0,0,1,0
708,3,399,5,1,-1,2750000,0,0,-101,5200,4,2021082400,32,-1,0,110326,6,2750000,-1,281199,2,0,0,0,0
110374,3,400,5,1,-1,8300000,0,0,-101,70000,4,2021082300,32,-1,0,1,6,8300000,-1,209852,3,0,0,0,0
144,3,401,5,1,-1,8700000,0,0,-101,9600,3,2021083000,32,-1,0,1908,5,8700000,-1,226436,2,0,0,0,0
229,3,402,2,1,-1,0,0,0,2021082300,14500,-1,2021082300,32,-1,0,111592,7,0,-1,284065,1,0,0,0,0
1824,0,403,2,1,-1,0,0,0,2021082300,2800,-1,2021082200,32,-1,0,111592,7,0,-1,240708,5,0,0,0,0
111065,3,450,5,1,-1,2850000,0,0,-101,1600,3,2021120200,32,-1,0,101104,5,2850000,-1,282213,1,0,-1,0,0
23,3,240,5,1,-1,11000000,1,0,-101,27000,5,2021083100,32,-1,0,1809,7,11000000,-1,281352,2,0,0,0,0
111138,3,406,2,1,-1,0,0,0,2021082100,1300,-1,2021082100,32,-1,0,111592,6,0,-1,284397,3,0,0,0,0
449,0,304,5,1,-1,570000,0,0,-101,8100,5,2021083100,32,-1,0,48,7,570000,-1,237669,5,0,0,0,0
111019,3,408,2,1,-1,0,0,0,2021082400,6900,-1,2021082400,32,-1,0,111592,7,0,-1,283975,2,0,0,0,0
485,3,409,5,1,-1,11400000,0,0,-101,11000,3,2021092600,32,-1,0,15015,5,11400000,-1,282181,2,0,-1,0,0
72,3,410,5,1,-1,7400000,2,0,-101,49500,3,2021083100,32,-1,0,1970,5,7400000,-1,217836,3,0,0,0,0
682,2,411,5,1,-1,0,0,0,-101,0,1,2021082400,32,-1,0,1738,1,0,-1,282079,-1,0,0,1,0
95,3,412,2,1,-1,0,0,0,2021082300,8000,-1,2021082300,32,-1,0,111592,7,0,-1,284497,4,0,0,0,0
106,3,413,5,1,-1,1300000,1,0,-101,11000,2,2021083000,32,-1,0,1816,4,1300000,-1,234514,3,0,0,0,0
217,3,184,5,1,-1,3800000,0,0,-101,33000,2,2021083100,32,-1,0,36,4,3800000,-1,212772,2,0,0,0,0
18,3,415,5,1,-1,21200000,0,0,-101,58000,4,2021082800,32,-1,0,22,6,21200000,-1,210972,2,0,0,0,0
1816,3,416,2,1,-1,0,0,0,2021082400,8700,-1,2021082400,32,-1,0,111592,7,0,-1,283555,2,0,0,0,0
240,0,417,5,1,-1,580000,0,0,-101,32000,4,2021082500,32,-1,0,22,6,580000,-1,240451,5,0,0,0,0
1785,3,418,5,1,-1,500000,1,0,-101,2500,4,2021082800,32,-1,0,1929,6,500000,-1,280482,3,0,0,0,0
1799,3,419,5,1,-1,16500000,0,0,-101,27500,4,2021082900,32,-1,0,112791,6,16500000,-1,235374,2,0,0,0,0
1809,3,420,5,1,-1,5700000,0,0,-101,30500,4,2021083000,32,-1,0,568,6,5700000,-1,281568,2,0,0,0,0
1908,3,421,5,1,-1,1600000,0,0,-101,5200,4,2021083100,32,-1,0,1719,6,1600000,-1,281534,3,0,0,0,0
462,2,447,5,1,-1,0,0,0,-101,0,1,2021091500,32,-1,0,1796,1,0,-1,283581,-1,0,-1,1,0
73,3,456,0,0,-1,78900000,1,0,-101,-1,-1,2021091400,1,-1,0,1944,7,78900000,-1,280189,0,0,-1,1,-1
22,3,424,5,1,-1,29300000,0,0,-101,97000,4,2021083100,32,-1,0,1960,6,29300000,-1,227234,2,0,0,0,0
1819,2,425,5,1,-1,0,0,0,-101,0,1,2021083000,32,-1,0,54,1,0,-1,228738,-1,0,0,1,0
206,3,426,5,1,-1,4950000,0,0,-101,24000,5,2021083100,32,-1,0,112218,7,4950000,-1,281462,2,0,0,0,0
100804,3,467,5,1,-1,590000,1,0,-101,3900,2,2021121700,32,-1,0,1802,4,590000,-1,228685,2,0,-1,0,0
112709,3,392,5,1,-1,1650000,1,0,-101,6100,1,2021092800,32,-1,0,110831,3,1650000,-1,206311,2,0,-1,0,0
242,3,429,5,1,-1,7200000,0,0,-101,38000,2,2021082900,32,-1,0,1530,4,7200000,-1,184190,2,0,0,0,0
110109,3,430,5,1,-1,3550000,0,0,-101,7200,5,2021083100,32,-1,0,1971,7,3550000,-1,281175,2,0,0,0,0
665,2,431,5,1,-1,0,0,0,-101,0,1,2021083100,32,-1,0,64,1,0,-1,282643,-1,0,0,1,0
111708,3,432,2,1,-1,0,0,0,2021082600,5200,-1,2021082600,32,-1,0,111592,7,0,-1,284003,2,0,0,0,0
479,2,433,5,1,-1,0,0,0,-101,0,1,2021083000,32,-1,0,23,1,0,-1,283126,-1,0,0,1,0
113720,3,434,5,1,-1,180000,0,0,-101,1600,1,2021082900,32,-1,0,121,3,180000,-1,238548,4,0,0,0,0
109,3,435,5,1,-1,18500000,0,0,-101,53000,4,2021083100,32,-1,0,1032,6,18500000,-1,236245,2,0,0,0,0
1914,3,436,5,1,-1,890000,0,0,-101,6400,4,2021083000,32,-1,0,101041,6,890000,-1,282202,3,0,0,0,0
450,3,348,5,1,-1,7500000,0,0,-101,24500,5,2021083100,32,-1,0,110231,7,7500000,-1,282239,2,0,0,0,0
100888,2,438,5,1,-1,0,0,0,-101,0,1,2021082700,32,-1,0,462,1,0,-1,280024,-1,0,0,1,0
674,3,439,5,1,-1,9500000,0,0,-101,37500,2,2021083100,32,-1,0,219,4,9500000,-1,212273,2,0,0,0,0
294,2,440,5,1,-1,0,0,0,-101,0,1,2021083100,32,-1,0,28,1,0,-1,225604,-1,0,0,1,0
95,3,441,5,1,-1,8500000,0,0,-101,22500,5,2021083100,32,-1,0,17,7,8500000,-1,281336,3,0,0,0,0
100409,2,442,0,0,-1,0,1,0,-101,-1,-1,2021083100,32,-1,0,1944,1,0,-1,280038,0,0,0,1,-1
110374,3,443,5,1,-1,7800000,0,0,-101,74000,3,2021083100,32,-1,0,109,5,7800000,-1,232230,2,0,-1,0,0
77,3,444,5,1,-1,2600000,0,0,-101,8800,4,2021092600,32,-1,0,111035,6,2600000,-1,281737,1,0,-1,0,0
110734,3,445,5,1,-1,3800000,0,0,-101,29000,3,2021083100,32,-1,0,71,5,3800000,-1,219619,3,0,0,0,0
5,3,557,5,1,-1,42600000,2,0,-101,74000,5,2022012200,32,-1,0,32,7,42600000,-1,229906,2,0,1,0,0
240,3,254,5,1,-1,40100000,2,0,-101,13000,5,2021092700,32,-1,0,110977,7,40100000,-1,282295,2,0,-1,0,0
897,3,448,5,1,-1,2200000,1,0,-101,9700,2,2021083100,32,-1,0,110144,4,2200000,-1,280684,2,0,0,0,0
1516,3,449,5,1,-1,5600000,0,0,-101,40500,2,2021083100,32,-1,0,1819,4,5600000,-1,213446,1,0,0,0,0
1843,2,130,5,1,-1,0,0,0,-101,0,1,2021091600,32,-1,0,1837,1,0,-1,225784,-1,0,-1,1,0
457,0,451,5,1,-1,1400000,0,0,-101,14000,5,2021083100,32,-1,0,219,7,1400000,-1,234925,5,0,0,0,0
666,3,452,5,1,-1,2200000,0,0,-101,6200,3,2021083100,32,-1,0,10019,5,2200000,-1,240136,2,0,0,0,0
10020,2,453,5,1,-1,0,0,0,-101,0,1,2021083100,32,-1,0,573,1,0,-1,200429,-1,0,0,1,0
230,3,548,2,1,-1,0,0,1,2022011100,6000,-1,2022011100,32,-1,0,1904,5,0,-1,224163,2,0,1,0,0
1799,3,455,5,1,-1,22300000,0,0,-101,87000,4,2021083100,32,-1,0,95,6,22300000,-1,213655,1,0,-1,0,0
32,3,422,5,1,-1,15100000,0,0,-101,71000,5,2021112800,32,-1,0,45,7,15100000,-1,213829,3,0,-1,0,0
111082,3,457,5,1,-1,250000,0,0,-101,1300,2,2021083100,32,-1,0,820,4,250000,-1,234207,4,0,0,0,0
680,3,458,5,1,-1,1500000,0,0,-101,5200,2,2021083100,32,-1,0,112552,4,1500000,-1,223288,2,0,0,0,0
110,3,567,2,1,-1,0,0,1,2022010800,45500,-1,2022010800,32,-1,0,65,3,0,-1,220337,2,0,1,0,0
1746,2,460,5,1,-1,0,0,0,-101,0,1,2021083100,32,-1,0,110101,1,0,-1,281606,-1,0,0,1,0
1960,3,461,0,0,-1,31300000,1,0,-101,-1,-1,2021083102,1,-1,0,1944,7,31300000,-1,280045,0,0,0,1,-1
210,3,462,5,1,-1,3200000,0,0,-101,32000,2,2021083100,32,-1,0,112387,4,3200000,-1,229298,3,0,0,0,0
25,3,463,5,1,-1,3000000,0,0,-101,4000,4,2021083100,32,-1,0,110745,6,3000000,-1,282273,4,0,0,0,0
1824,3,464,5,1,-1,12100000,0,0,-101,17000,5,2021083100,32,-1,0,741,7,12100000,-1,281785,2,0,0,0,0
1842,3,465,5,1,-1,6100000,0,0,-101,37500,5,2021083100,32,-1,0,109,7,6100000,-1,281308,2,0,0,0,0
256,3,466,5,1,-1,2150000,0,0,-101,21500,1,2021083100,32,-1,0,217,3,2150000,-1,199353,2,0,0,0,0
820,3,517,2,1,-1,0,0,0,2022010400,1900,-1,2022010400,32,-1,0,111592,4,0,-1,283054,4,0,1,0,0
682,2,468,5,1,-1,0,0,0,-101,0,1,2021083100,32,-1,0,322,1,0,-1,284330,-1,0,0,1,0
111144,3,469,5,1,-1,6500000,0,0,-101,9300,3,2021083100,32,-1,0,10020,5,6500000,-1,282173,1,0,0,0,0
100409,3,514,2,1,-1,0,0,1,2022011100,17500,-1,2022011100,32,-1,0,1013,4,0,-1,204626,3,0,1,0,0
1962,3,471,5,1,-1,270000,0,0,-101,650,3,2021083100,32,-1,0,1572,5,270000,-1,229365,4,0,0,0,0
111974,3,367,5,1,-1,8700000,0,0,-101,47000,5,2021093000,32,-1,0,241,7,8700000,-1,234706,3,0,-1,0,0
18,3,473,5,1,-1,26400000,0,0,-101,29500,5,2021083100,32,-1,0,448,7,26400000,-1,206585,2,0,0,0,0
1816,3,474,5,1,-1,2900000,0,0,-101,22500,3,2021083100,32,-1,0,13,5,2900000,-1,193331,3,0,0,0,0
111710,3,475,5,1,-1,1200000,1,0,-101,6300,4,2021083100,32,-1,0,518,6,1200000,-1,237313,2,0,0,0,0
31,3,508,2,1,-1,0,0,1,2022011300,63000,-1,2022011300,32,-1,0,896,5,0,-1,220334,2,0,1,0,0
111235,3,477,5,1,-1,2900000,0,0,-101,5000,3,2021083100,32,-1,0,480,5,2900000,-1,281398,2,0,0,0,0
1795,3,478,5,1,-1,30500000,0,0,-101,52000,4,2021083100,32,-1,0,34,6,30500000,-1,205976,1,0,-1,0,0
34,3,572,2,1,-1,0,0,1,2022010800,47500,-1,2022010800,32,-1,0,69,5,0,-1,200610,2,0,1,0,0
112134,3,480,5,1,-1,6100000,0,0,-101,8200,3,2021083100,32,-1,0,110827,5,6100000,-1,281383,1,0,-1,0,0
1796,3,481,5,1,-1,20700000,0,0,-101,60000,2,2021083100,32,-1,0,22,4,20700000,-1,205923,1,0,0,0,0
2007,2,482,5,1,-1,0,0,0,-101,0,1,2021083100,32,-1,0,1914,1,0,-1,283666,-1,0,0,1,0
100634,2,243,5,1,-1,0,0,0,-101,0,1,2021111000,32,-1,0,112390,1,0,-1,240546,-1,0,-1,1,0
73,3,144,5,1,-1,37000000,0,0,-101,57000,5,2021101000,32,-1,0,1842,7,37000000,-1,281264,2,0,-1,0,0
448,3,522,2,1,-1,0,0,1,2022010600,38000,-1,2022010600,32,-1,0,1530,7,0,-1,219792,2,0,1,0,0
69,3,486,5,1,-1,32400000,0,0,-101,75000,5,2021083100,32,-1,0,32,7,32400000,-1,222558,2,0,-1,0,0
1799,3,543,5,0,-1,15000000,0,0,-101,87000,12,2022011500,32,-1,0,1944,7,15000000,-1,282946,2,0,1,0,0
111140,3,337,5,1,-1,9900000,0,0,-101,6800,4,2021100900,32,-1,0,1478,6,9900000,-1,236615,1,0,-1,0,0
28,3,489,5,1,-1,12000000,0,0,-101,29000,4,2021091700,32,-1,0,598,6,12000000,-1,226877,2,0,-1,0,0
448,3,484,5,1,-1,12300000,0,0,-101,25500,5,2021100500,32,-1,0,315,7,12300000,-1,280837,2,0,-1,0,0
101088,3,216,5,1,-1,4100000,0,0,-101,8900,4,2021111500,32,-1,0,1914,6,4100000,-1,281027,2,0,-1,0,0
68,3,492,5,1,-1,2750000,0,0,-101,22500,2,2021083100,32,-1,0,452,4,2750000,-1,152996,2,0,-1,0,0
1530,3,352,5,1,-1,3800000,1,0,-101,48000,2,2021112900,32,-1,0,66,4,3800000,-1,181560,2,0,-1,0,0
900,3,494,5,1,-1,580000,0,0,-101,16500,1,2021083100,32,-1,0,31,3,580000,-1,233437,3,0,0,0,0
1842,3,509,2,1,-1,0,0,1,2022010600,26500,-1,2022010600,32,-1,0,36,4,0,-1,216381,2,0,1,0,0
110913,2,544,5,1,-1,0,0,0,-101,0,1,2022011000,32,-1,0,1815,1,0,-1,283912,-1,0,1,1,0
7,3,485,5,1,-1,17300000,0,0,-101,90000,3,2022011900,32,-1,0,21,5,17300000,-1,189332,2,0,1,0,0
47,3,498,5,1,-1,21200000,1,0,-101,77000,3,2021092600,32,-1,0,32,5,21200000,-1,198951,2,0,-1,0,0
219,3,530,2,1,-1,0,0,1,2022010600,14500,-1,2022010600,32,-1,0,101083,6,0,-1,223335,3,0,1,0,0
11,3,658,5,1,-1,51400000,0,0,-101,160000,3,2022013100,32,-1,0,21,5,51400000,-1,188988,2,0,1,0,0
19,3,817,2,1,-1,0,0,1,2022021000,45000,-1,2022021000,32,-1,0,1795,5,0,-1,172203,3,0,-1,0,0
982,3,521,2,1,-1,0,0,1,2022012900,14500,-1,2022012900,32,-1,0,682,3,0,-1,199651,1,0,1,0,0
189,0,446,5,1,-1,640000,0,0,-101,31500,5,2021092600,32,-1,0,1880,7,640000,-1,239592,5,0,-1,0,0
5,3,504,0,0,-1,80100000,1,0,-101,-1,-1,2021083107,1,-1,0,1944,7,80100000,-1,280021,0,0,0,1,-1
242,2,505,5,1,-1,0,0,0,-101,0,1,2021091600,32,-1,0,69,1,0,-1,203106,-1,0,-1,1,0
109,3,563,5,1,-1,6100000,0,0,-101,85000,3,2022010800,32,-1,0,11,5,6100000,-1,206161,3,0,1,0,0
1843,3,428,5,1,-1,5200000,0,0,-101,18000,4,2021120200,32,-1,0,100409,6,5200000,-1,281449,2,0,-1,0,0
112345,3,570,2,1,-1,0,0,1,2022011900,5500,-1,2022011900,32,-1,0,1889,4,0,-1,219765,1,0,1,0,0
23,3,569,2,1,-1,0,0,1,2022010800,34000,-1,2022010800,32,-1,0,70,5,0,-1,219740,2,0,1,0,0
479,2,404,5,1,-1,0,0,0,-101,0,1,2021112500,32,-1,0,1746,1,0,-1,283913,-1,0,-1,1,0
1793,3,506,2,1,-1,0,0,1,2022010700,27500,-1,2022010700,32,-1,0,1831,5,0,-1,209061,3,0,1,0,0
44,3,423,5,1,-1,21800000,0,0,-101,51000,5,2021091800,32,-1,0,54,7,21800000,-1,227732,2,0,-1,0,0
62,3,317,5,1,-1,4200000,0,0,-101,33000,2,2021091300,32,-1,0,1939,4,4200000,-1,210801,3,0,-1,0,0
1837,3,490,5,1,-1,10400000,1,0,-101,16000,4,2021101100,32,-1,0,1801,6,10400000,-1,281766,2,0,-1,0,0
483,3,511,5,1,-1,22300000,0,0,-101,50000,3,2022011200,32,-1,0,17,5,22300000,-1,212678,2,0,1,0,0
11,3,516,0,0,-1,80100000,1,0,-101,-1,-1,2021083108,1,-1,0,1944,7,80100000,-1,280021,0,0,0,1,-1
10031,2,476,5,1,-1,0,0,0,-101,0,1,2021121800,32,-1,0,1842,1,0,-1,282641,-1,0,-1,1,0
245,0,518,5,1,-1,2000000,0,0,-101,10500,5,2021090600,32,-1,0,100646,7,2000000,-1,235355,4,0,-1,0,0
19,3,558,5,1,-1,5400000,0,0,-101,93000,4,2022011800,32,-1,0,9,6,5400000,-1,230074,4,0,1,0,0
459,2,520,5,1,-1,0,0,0,-101,0,1,2021090700,32,-1,0,246,1,0,-1,205402,-1,0,-1,1,0
101112,3,249,5,1,-1,7600000,0,0,-101,9300,3,2021100800,32,-1,0,665,5,7600000,-1,281758,1,0,-1,0,0
21,3,519,5,1,-1,80800000,0,0,-101,120000,5,2022010800,32,-1,0,19,7,80800000,-1,280047,2,0,1,0,0
1893,2,523,5,1,-1,0,0,0,-101,0,1,2021090600,32,-1,0,1799,1,0,-1,283961,-1,0,-1,1,0
1909,2,524,5,1,-1,0,0,0,-101,0,1,2021090600,32,-1,0,73,1,0,-1,280095,-1,0,-1,1,0
112791,3,525,5,1,-1,12100000,0,0,-101,30000,3,2021090800,32,-1,0,1824,5,12100000,-1,236624,1,0,-1,0,0
110231,3,526,5,1,-1,2200000,0,0,-101,34500,3,2021090900,32,-1,0,1793,5,2200000,-1,202455,3,0,-1,0,0
1530,3,527,2,1,-1,0,0,1,2022010600,8700,-1,2022010600,32,-1,0,15019,6,0,-1,228600,3,0,1,0,0
1944,3,528,5,0,-1,61200000,2,0,-101,75000,5,2021083100,32,-1,0,31,7,61200000,-1,281347,2,0,0,0,0
700,3,459,5,1,-1,2500000,0,0,-101,5700,2,2021092800,32,-1,0,110062,4,2500000,-1,281389,2,0,-1,0,0
111715,3,549,5,1,-1,2950000,0,0,-101,18000,3,2022010900,32,-1,0,232,5,2950000,-1,232183,2,0,1,0,0
9,3,531,0,0,-1,32100000,1,0,-101,-1,-1,2021090100,1,-1,0,1944,7,32100000,-1,280041,0,0,-1,1,-1
688,3,502,2,1,-1,0,0,1,2022011600,13500,-1,2022011600,32,-1,0,101112,4,0,-1,212018,1,0,1,0,0
1871,3,533,5,1,-1,3200000,0,0,-101,11500,3,2021090800,32,-1,0,481,5,3200000,-1,227647,1,0,-1,0,0
110724,2,499,5,1,-1,0,0,0,-101,0,1,2022010200,32,-1,0,68,1,0,-1,239025,-1,0,1,1,0
111340,3,512,5,1,-1,2250000,0,0,-101,13000,1,2021092500,32,-1,0,247,3,2250000,-1,183426,1,0,-1,0,0
230,3,536,5,1,-1,1500000,0,0,-101,6400,5,2021091500,32,-1,0,101085,7,1500000,-1,282206,2,0,-1,0,0
1943,3,537,5,1,-1,32600000,0,0,-101,115000,5,2021092100,32,-1,0,18,7,32600000,-1,219732,1,0,-1,0,0
200,3,538,5,1,-1,3850000,0,0,-101,37500,2,2021090900,32,-1,0,1842,4,3850000,-1,189536,2,0,-1,0,0
1013,3,539,5,1,-1,10500000,0,0,-101,24000,4,2021091500,32,-1,0,55,6,10500000,-1,237294,2,0,-1,0,0
450,2,540,5,1,-1,0,0,0,-101,0,1,2021091300,32,-1,0,1842,1,0,-1,282832,-1,0,-1,1,0
1446,3,541,5,1,-1,820000,0,0,-101,6000,1,2021091000,32,-1,0,111821,3,820000,-1,235998,2,0,-1,0,0
112119,2,542,5,1,-1,0,0,0,-101,0,1,2021091300,32,-1,0,110374,1,0,-1,228519,-1,0,-1,1,0
492,3,488,5,1,-1,1400000,0,0,-101,18500,1,2021122700,32,-1,0,485,3,1400000,-1,192128,2,0,-1,0,0
1819,3,534,2,1,-1,0,0,1,2022010700,16000,-1,2022010700,32,-1,0,171,7,0,-1,223074,2,0,1,0,0
898,3,545,5,1,-1,250000,0,0,-101,1100,2,2021090900,32,-1,0,142,4,250000,-1,233832,4,0,-1,0,0
1746,2,546,5,1,-1,0,0,0,-101,0,1,2021091300,32,-1,0,1960,1,0,-1,205070,-1,0,-1,1,0
1960,3,547,0,0,-1,58100000,3,0,-101,-1,-1,2021090200,1,-1,0,1944,7,58100000,-1,280431,0,0,-1,1,-1
112096,3,273,5,1,-1,440000,0,0,-101,1400,3,2021111100,32,-1,0,101100,5,440000,-1,281705,2,0,-1,0,0
1806,3,515,2,1,-1,0,0,1,2022010400,110000,-1,2022010400,32,-1,0,19,4,0,-1,202857,2,0,1,0,0
1819,2,179,5,1,-1,0,0,0,-101,0,1,2021103000,32,-1,0,650,1,0,-1,284222,-1,0,-1,1,0
219,3,551,5,1,-1,1450000,0,0,-101,13500,2,2021090900,32,-1,0,217,4,1450000,-1,189946,4,0,-1,0,0
100765,3,552,5,1,-1,1100000,0,0,-101,5700,2,2021091100,32,-1,0,694,4,1100000,-1,213307,4,0,-1,0,0
175,3,479,5,1,-1,26700000,0,0,-101,81000,4,2021092900,32,-1,0,7,6,26700000,-1,226491,2,0,-1,0,0
110556,3,554,5,1,-1,9900000,0,0,-101,15000,4,2021092000,32,-1,0,110406,6,9900000,-1,233825,2,0,-1,0,0
94,3,555,5,1,-1,2450000,0,0,-101,5100,4,2021091700,32,-1,0,506,6,2450000,-1,281994,3,0,-1,0,0
1887,3,556,5,1,-1,3500000,0,0,-101,3100,4,2021091600,32,-1,0,224,6,3500000,-1,281774,4,0,-1,0,0
39,3,454,5,1,-1,11100000,0,0,-101,6300,4,2021101300,32,-1,0,192,6,11100000,-1,281487,2,0,-1,0,0
1746,2,507,5,1,-1,0,0,0,-101,0,1,2022010900,32,-1,0,217,1,0,-1,284060,-1,0,1,1,0
21,3,559,5,1,-1,27800000,0,0,-101,40000,4,2021091400,32,-1,0,2,6,27800000,-1,281863,3,0,-1,0,0
742,3,560,5,1,-1,7500000,1,0,-101,10000,4,2021100700,32,-1,0,83,6,7500000,-1,281890,1,0,-1,0,0
2,3,561,5,1,-1,13500000,0,0,-101,19000,3,2021091900,32,-1,0,481,5,13500000,-1,234930,1,0,-1,0,0
9,3,562,5,1,-1,26100000,0,0,-101,52000,4,2021091500,32,-1,0,1795,6,26100000,-1,232656,2,0,-1,0,0
95,3,308,0,0,-1,34800000,1,0,-101,-1,-1,2021121400,1,-1,0,1944,7,34800000,-1,280013,0,0,-1,1,-1
66,3,564,5,1,-1,14500000,0,0,-101,59000,3,2021091900,32,-1,0,44,5,14500000,-1,199304,2,0,-1,0,0
483,3,565,5,1,-1,24500000,0,0,-101,74000,3,2021092700,32,-1,0,28,5,24500000,-1,202849,1,0,-1,0,0
112172,3,566,5,1,-1,21100000,0,0,-101,34500,5,2021091700,32,-1,0,1035,7,21100000,-1,281591,1,0,-1,0,0
1908,2,427,5,1,-1,0,0,0,-101,0,1,2021112900,32,-1,0,100769,1,0,-1,281360,-1,0,-1,1,0
57,2,568,5,1,-1,0,0,0,-101,0,1,2021091500,32,-1,0,1,1,0,-1,282821,-1,0,-1,1,0
568,3,503,2,1,-1,0,0,1,2022010600,39500,-1,2022010600,32,-1,0,48,5,0,-1,190824,1,0,1,0,0
1053,3,472,5,1,-1,4800000,0,0,-101,27000,2,2021121400,32,-1,0,110756,4,4800000,-1,205557,2,0,-1,0,0
461,3,571,5,1,-1,4050000,0,0,-101,6800,4,2021092100,32,-1,0,112116,6,4050000,-1,159920,4,0,-1,0,0
1755,3,487,5,1,-1,1700000,0,0,-101,2900,1,2022010400,32,-1,0,110915,3,1700000,-1,190499,2,0,1,0,0
94,3,501,2,1,-1,0,0,1,2022010600,5900,-1,2022010600,32,-1,0,695,6,0,-1,213736,2,0,1,0,0
72,3,497,5,1,-1,4800000,0,0,-101,19500,5,2021122800,32,-1,0,62,7,4800000,-1,236813,4,0,-1,0,0
100646,3,575,2,1,-1,0,0,0,2021091000,13000,-1,2021091000,32,-1,0,111592,5,0,-1,282703,2,0,-1,0,0
1796,3,576,2,1,-1,0,0,1,2022010800,22500,-1,2022010800,32,-1,0,461,3,0,-1,192658,3,0,1,0,0
461,3,768,5,1,-1,28900000,0,0,-101,21500,5,2022013100,32,-1,0,55,7,28900000,-1,225116,1,0,1,0,0
100651,3,578,2,1,-1,0,0,1,2022010800,2600,-1,2022010800,32,-1,0,10019,5,0,-1,223623,3,0,1,0,0
111710,3,579,2,1,-1,0,0,1,2022010800,11000,-1,2022010800,32,-1,0,110150,5,0,-1,214006,2,0,1,0,0
169,3,580,2,1,-1,0,0,1,2022010700,27500,-1,2022010700,32,-1,0,1819,6,0,-1,240501,3,0,1,0,0
461,3,581,2,1,-1,0,0,1,2022010700,58000,-1,2022010700,32,-1,0,13,5,0,-1,192387,2,0,1,0,0
74,3,582,2,1,-1,0,0,1,2022011200,41500,-1,2022011200,32,-1,0,66,5,0,-1,236461,2,0,1,0,0
175,3,583,5,1,-1,32400000,0,0,-101,46500,5,2022011800,32,-1,0,457,7,32400000,-1,208330,2,0,1,0,0
110062,2,634,5,1,-1,0,0,0,-101,0,1,2022012500,32,-1,0,1797,1,0,-1,283629,-1,0,1,1,0
110374,3,585,2,1,-1,0,0,1,2022010700,50000,-1,2022010700,32,-1,0,32,6,0,-1,212212,1,0,1,0,0
111928,3,586,2,1,-1,0,0,1,2022010700,4100,-1,2022010700,32,-1,0,101101,6,0,-1,282210,1,0,1,0,0
10,3,500,2,1,-1,0,0,1,2022011400,130000,-1,2022011400,32,-1,0,240,6,0,-1,194765,1,0,1,0,0
472,2,682,5,1,-1,0,0,0,-101,0,1,2022013100,32,-1,0,10031,1,0,-1,282175,-1,0,1,1,0
100888,2,589,5,1,-1,0,0,0,-101,0,1,2022011000,32,-1,0,106,1,0,-1,215330,-1,0,1,1,0
111082,3,590,2,1,-1,0,0,1,2022010800,1700,-1,2022010800,32,-1,0,112836,4,0,-1,237582,3,0,1,0,0
113704,3,591,2,1,-1,0,0,1,2022010800,5000,-1,2022010800,1,-1,0,159,4,0,-1,205365,3,0,1,0,0
312,3,592,2,1,-1,0,0,1,2022011600,9300,-1,2022011600,32,-1,0,111395,6,0,-1,229968,2,0,1,0,0
605,3,593,5,1,-1,1850000,0,0,-101,43500,1,2022011100,32,-1,0,1842,3,1850000,-1,192122,2,0,1,0,0
905,3,606,4,1,-1,3800000,0,0,-101,15000,2,2022013103,1,-1,0,17,4,3800000,-1,224031,2,0,1,0,0
1877,3,595,2,1,-1,0,0,1,2022011800,10500,-1,2022011800,32,-1,0,982,6,0,-1,222660,3,0,1,0,0
112172,3,596,5,1,-1,33000000,0,0,-101,145000,4,2022011300,32,-1,0,47,6,33000000,-1,217731,1,0,1,0,0
54,3,597,2,1,-1,0,0,1,2022011300,29500,-1,2022011300,32,-1,0,110502,7,0,-1,218743,3,0,1,0,0
1909,3,598,2,1,-1,0,0,1,2022010900,2600,-1,2022010900,32,-1,0,101103,5,0,-1,229843,3,0,1,0,0
1719,3,599,2,1,-1,0,0,0,2022010900,12000,-1,2022010900,32,-1,0,111592,5,0,-1,283733,2,0,1,0,0
912,3,880,4,1,-1,16600000,0,0,-101,43500,5,2022022200,1,-1,0,485,7,16600000,-1,227873,3,0,-1,0,0
71,3,601,5,1,-1,4100000,2,0,-101,42000,3,2022012000,32,-1,0,1799,5,4100000,-1,210258,2,0,1,0,0
72,3,602,2,1,-1,0,0,1,2022010800,8800,-1,2022010800,32,-1,0,100646,5,0,-1,233101,4,0,1,0,0
1824,3,603,2,1,-1,0,0,1,2022011300,8400,-1,2022011300,32,-1,0,1900,6,0,-1,236447,3,0,1,0,0
1,3,604,5,1,-1,65100000,0,0,-101,58000,4,2022012000,32,-1,0,219,6,65100000,-1,281619,1,0,1,0,0
34,3,605,5,1,-1,26700000,0,0,-101,72000,3,2022012900,32,-1,0,100769,5,26700000,-1,216468,2,0,1,0,0
166,3,763,5,1,-1,10700000,0,0,-101,43500,4,2022013100,32,-1,0,315,6,10700000,-1,281457,2,0,1,0,0
217,2,607,5,1,-1,0,0,0,-101,0,1,2022011300,32,-1,0,14,1,0,-1,233795,-1,0,1,1,0
322,3,608,2,1,-1,0,0,1,2022011000,24000,-1,2022011000,32,-1,0,55,3,0,-1,202493,2,0,1,0,0
36,3,667,2,1,-1,0,0,1,2022012900,4600,-1,2022012900,32,-1,0,711,7,0,-1,227600,3,0,1,0,0
110911,3,610,2,1,-1,0,0,1,2022011100,4800,-1,2022011100,32,-1,0,101097,3,0,-1,159925,1,0,1,0,0
112075,3,611,2,1,-1,0,0,1,2022011000,1400,-1,2022011000,32,-1,0,922,4,0,-1,280565,2,0,1,0,0
47,3,612,5,1,-1,43400000,0,0,-101,40500,5,2022011400,32,-1,0,200,7,43400000,-1,281916,2,0,1,0,0
110734,3,613,5,1,-1,3800000,0,0,-101,27500,1,2022011300,32,-1,0,605,3,3800000,-1,192708,3,0,1,0,0
57,3,614,2,1,-1,0,0,1,2022011100,21500,-1,2022011100,32,-1,0,112791,5,0,-1,230503,2,0,1,0,0
73,3,615,5,1,-1,50800000,0,0,-101,195000,3,2022012200,32,-1,0,9,5,50800000,-1,210896,2,0,1,0,0
110839,2,616,5,1,-1,0,0,0,-101,0,1,2022011200,32,-1,0,39,1,0,-1,222355,-1,0,1,1,0
1889,3,617,2,1,-1,0,0,1,2022013102,8500,-1,2022013100,32,-1,0,1719,4,0,-1,230170,2,0,1,0,0
1796,3,618,2,1,-1,0,0,1,2022011800,69000,-1,2022011800,32,-1,0,7,4,0,-1,206427,2,0,1,0,0
481,3,577,2,1,-1,0,0,1,2022011500,31500,-1,2022011500,32,-1,0,457,6,0,-1,222634,2,0,1,0,0
457,3,620,2,1,-1,0,0,1,2022011500,15500,-1,2022011500,32,-1,0,111022,7,0,-1,237211,4,0,1,0,0
112791,3,621,2,1,-1,0,0,1,2022011400,29500,-1,2022011400,32,-1,0,1925,5,0,-1,202808,2,0,1,0,0
111340,3,622,5,1,-1,2250000,0,0,-101,8700,1,2022011200,32,-1,0,694,3,2250000,-1,185090,2,0,1,0,0
100769,3,623,2,1,-1,0,0,1,2022011700,62000,-1,2022011700,32,-1,0,325,6,0,-1,198599,3,0,1,0,0
95,3,624,2,1,-1,0,0,1,2022011000,93000,-1,2022011000,32,-1,0,1960,6,0,-1,231390,2,0,1,0,0
110482,3,625,2,1,-1,0,0,1,2022011000,2700,-1,2022011000,32,-1,0,357,3,0,-1,208544,3,0,1,0,0
1795,3,626,5,1,-1,25800000,0,0,-101,13500,4,2022011700,32,-1,0,1915,6,25800000,-1,282138,1,0,1,0,0
206,3,627,2,1,-1,0,0,1,2022011200,25500,-1,2022011200,32,-1,0,10029,5,0,-1,224041,3,0,1,0,0
38,3,628,5,1,-1,8600000,0,0,-101,22000,5,2022012200,32,-1,0,110929,7,8600000,-1,240164,3,0,1,0,0
240,3,629,5,1,-1,45700000,0,0,-101,140000,4,2022012200,32,-1,0,95,6,45700000,-1,221125,2,0,1,0,0
472,2,630,5,1,-1,0,0,0,-101,0,1,2022011300,32,-1,0,22,1,0,-1,231240,-1,0,1,1,0
112116,2,631,5,1,-1,0,0,0,-101,0,1,2022011400,32,-1,0,1843,1,0,-1,211147,-1,0,1,1,0
112516,2,632,5,1,-1,0,0,0,-101,0,1,2022011300,32,-1,0,100081,1,0,-1,282184,-1,0,1,1,0
1843,3,819,0,1,-1,4750000,1,0,-101,0,-1,2022020100,1,-1,0,38,3,4750000,-1,183574,0,0,-1,0,0
689,3,584,2,1,-1,0,0,1,2022012200,3300,-1,2022012200,32,-1,0,110765,5,0,-1,221576,3,0,1,0,0
210,3,588,2,1,-1,0,0,1,2022012600,8100,-1,2022012600,1,-1,0,110975,5,0,-1,160148,2,0,1,0,0
321,3,636,5,1,-1,200000,0,0,-101,1900,3,2022011300,32,-1,0,695,5,200000,-1,237278,3,0,1,0,0
1943,3,637,2,1,-1,0,0,1,2022011100,26500,-1,2022011100,32,-1,0,8,5,0,-1,197439,3,0,1,0,0
110915,3,638,5,1,-1,1650000,0,0,-101,4800,3,2022012000,32,-1,0,112224,5,1650000,-1,225759,1,0,1,0,0
15,3,639,2,1,-1,0,0,1,2022011200,22000,-1,2022011200,32,-1,0,71,4,0,-1,206141,2,0,1,0,0
25,3,640,2,1,-1,0,0,1,2022011200,19500,-1,2022011200,32,-1,0,449,7,0,-1,234927,3,0,1,0,0
44,3,641,5,1,-1,19400000,0,0,-101,96000,4,2022011800,32,-1,0,18,6,19400000,-1,216266,2,0,1,0,0
900,3,642,5,1,-1,900000,2,0,-101,22500,3,2022012100,32,-1,0,52,5,900000,-1,231917,3,0,1,0,0
110556,3,643,2,1,-1,0,0,1,2022011200,30500,-1,2022011200,32,-1,0,1853,5,0,-1,222467,2,0,1,0,0
110822,3,644,2,1,-1,0,0,1,2022011300,38000,-1,2022011300,32,-1,0,1970,4,0,-1,228748,2,0,1,0,0
25,3,786,2,1,-1,0,0,1,2022020100,38000,-1,2022013100,32,-1,0,15,5,0,-1,193528,4,0,-1,0,0
1809,3,646,2,1,-1,0,0,1,2022011500,4500,-1,2022011500,32,-1,0,101104,5,0,-1,214193,3,0,1,0,0
241,3,647,0,0,-1,67800000,1,0,-101,-1,-1,2022011100,1,-1,0,1944,7,67800000,-1,280021,0,0,1,1,-1
113720,3,648,2,1,-1,0,0,1,2022011500,3400,-1,2022011500,32,-1,0,1792,3,0,-1,225750,2,0,1,0,0
1806,3,780,0,0,-1,29700000,1,0,-101,-1,-1,2022013107,1,-1,0,1944,7,29700000,-1,280057,0,0,1,1,-1
1902,2,650,5,1,-1,0,0,0,-101,0,1,2022011700,32,-1,0,78,1,0,-1,227760,-1,0,1,1,0
325,3,651,2,1,-1,0,0,1,2022011500,23000,-1,2022011500,32,-1,0,110144,4,0,-1,228516,2,0,1,0,0
1754,3,652,2,1,-1,0,0,1,2022011400,8500,-1,2022011400,32,-1,0,1933,3,0,-1,229179,1,0,1,0,0
111065,3,653,5,1,-1,3900000,0,0,-101,8600,4,2022011900,32,-1,0,111092,6,3900000,-1,211365,1,0,1,0,0
46,3,654,2,1,-1,0,0,1,2022011600,32000,-1,2022011600,32,-1,0,450,6,0,-1,199602,2,0,1,0,0
450,3,655,2,1,-1,0,0,1,2022011300,45500,-1,2022011300,32,-1,0,461,6,0,-1,198329,2,0,1,0,0
467,3,656,2,1,-1,0,0,1,2022011500,25500,-1,2022011500,32,-1,0,1819,6,0,-1,210603,3,0,1,0,0
1795,3,706,2,1,-1,0,0,1,2022012600,35500,-1,2022012600,32,-1,0,1819,6,0,-1,230144,2,0,1,0,0
1819,3,609,2,1,-1,0,0,1,2022012800,51000,-1,2022012800,32,-1,0,1793,6,0,-1,211506,2,0,1,0,0
1853,3,720,2,1,-1,0,0,1,2022013102,30500,-1,2022013100,32,-1,0,1807,5,0,-1,204215,3,0,1,0,0
28,3,660,2,1,-1,0,0,1,2022011600,27000,-1,2022011600,32,-1,0,448,5,0,-1,210862,1,0,1,0,0
45,3,661,5,1,-1,28000000,0,0,-101,90000,3,2022012100,32,-1,0,22,5,28000000,-1,188567,2,0,1,0,0
1842,3,662,2,1,-1,0,0,1,2022011600,35500,-1,2022011600,32,-1,0,1819,4,0,-1,200478,2,0,1,0,0
1853,3,663,2,1,-1,0,0,1,2022011700,18500,-1,2022011700,32,-1,0,110556,4,0,-1,187607,3,0,1,0,0
65,3,664,2,1,-1,0,0,1,2022011700,76000,-1,2022011700,32,-1,0,1796,5,0,-1,224967,2,0,1,0,0
112508,3,665,2,1,-1,0,0,1,2022011700,4200,-1,2022011700,32,-1,0,180,4,0,-1,219158,1,0,1,0,0
670,3,666,2,1,-1,0,0,1,2022011600,11000,-1,2022011600,32,-1,0,1877,5,0,-1,211433,3,0,1,0,0
47,3,587,2,1,-1,0,0,1,2022012900,45500,-1,2022012900,32,-1,0,36,6,0,-1,223197,2,0,1,0,0
700,3,668,2,1,-1,0,0,1,2022012000,5700,-1,2022012000,32,-1,0,111713,3,0,-1,216183,3,0,1,0,0
1960,3,669,2,1,-1,0,0,1,2022011600,28000,-1,2022011600,32,-1,0,1629,7,0,-1,231128,2,0,1,0,0
243,3,670,2,1,-1,0,0,1,2022011700,93000,-1,2022011700,32,-1,0,1806,6,0,-1,212977,3,0,1,0,0
448,3,671,2,1,-1,0,0,1,2022011800,25500,-1,2022011800,32,-1,0,269,6,0,-1,207559,2,0,1,0,0
459,3,672,2,1,-1,0,0,1,2022012500,7400,-1,2022012500,32,-1,0,110704,6,0,-1,240125,3,0,1,0,0
10019,3,673,2,1,-1,0,0,0,2022011800,8400,-1,2022011800,32,-1,0,111592,5,0,-1,283872,2,0,1,0,0
69,3,674,2,1,-1,0,0,1,2022011700,32000,-1,2022011700,32,-1,0,38,7,0,-1,234399,3,0,1,0,0
111715,2,675,5,1,-1,0,0,0,-101,0,1,2022012100,32,-1,0,1893,1,0,-1,282125,-1,0,1,1,0
485,3,676,2,1,-1,0,0,1,2022011700,57000,-1,2022011700,32,-1,0,325,3,0,-1,201119,2,0,1,0,0
149,3,677,2,1,-1,0,0,1,2022011800,1100,-1,2022011800,32,-1,0,112903,4,0,-1,228426,1,0,1,0,0
568,3,678,5,1,-1,4350000,0,0,-101,35000,4,2022011800,32,-1,0,1795,6,4350000,-1,237034,3,0,1,0,0
241,3,679,0,1,-1,60900000,1,0,-101,0,-1,2022012000,1,-1,0,219,3,60900000,-1,281619,0,0,1,0,0
9,3,735,2,1,-1,0,0,1,2022013105,58000,-1,2022013100,32,-1,0,483,7,0,-1,226456,2,0,1,0,0
916,3,681,0,1,-1,29400000,2,0,-101,0,-1,2022020100,1,-1,0,242,3,29400000,-1,281933,0,0,-1,0,0
897,3,700,4,1,-1,8700000,0,0,-101,43500,3,2022021900,1,-1,0,1,5,8700000,-1,232610,1,0,-1,0,0
487,3,736,2,1,-1,0,0,1,2022013101,3900,-1,2022013100,32,-1,0,1813,3,0,-1,223572,1,0,1,0,0
100634,3,684,2,1,-1,0,0,1,2022012300,12500,-1,2022012300,32,-1,0,1824,3,0,-1,230360,2,0,1,0,0
72,3,685,2,1,-1,0,0,1,2022011900,15500,-1,2022011900,32,-1,0,231,6,0,-1,236535,4,0,1,0,0
15005,2,686,5,1,-1,0,0,0,-101,0,1,2022012000,32,-1,0,1913,1,0,-1,283688,-1,0,1,1,0
1913,2,687,5,1,-1,0,0,0,-101,0,1,2022012000,32,-1,0,17,1,0,-1,208509,-1,0,1,1,0
144,3,688,2,1,-1,0,0,1,2022011900,7400,-1,2022011900,32,-1,0,76,6,0,-1,234051,2,0,1,0,0
135,3,689,2,1,-1,0,0,1,2022012000,5700,-1,2022012000,32,-1,0,219,3,0,-1,226061,2,0,1,0,0
200,3,690,2,1,-1,0,0,1,2022012400,15500,-1,2022012400,32,-1,0,1887,5,0,-1,220245,1,0,1,0,0
110234,3,691,5,1,-1,2050000,0,0,-101,20000,3,2022013100,32,-1,0,17,5,2050000,-1,233289,2,0,1,0,0
111057,3,692,2,1,-1,0,0,0,2022011900,9300,-1,2022011900,32,-1,0,111592,7,0,-1,282806,2,0,1,0,0
1806,3,693,2,1,-1,0,0,1,2022012100,26000,-1,2022012100,32,-1,0,36,7,0,-1,226166,2,0,1,0,0
485,3,694,5,1,-1,8500000,0,0,-101,20000,4,2022013100,32,-1,0,1881,6,8500000,-1,281009,2,0,1,0,0
436,3,695,2,1,-1,0,0,1,2022012000,29500,-1,2022012000,32,-1,0,1881,4,0,-1,226627,1,0,1,0,0
10029,3,696,2,1,-1,0,0,1,2022012400,33000,-1,2022012400,32,-1,0,62,7,0,-1,231102,2,0,1,0,0
15009,3,697,2,1,-1,0,0,1,2022011900,15000,-1,2022011900,32,-1,0,110580,4,0,-1,237510,1,0,1,0,0
89,3,698,2,1,-1,0,0,1,2022012000,6700,-1,2022012000,32,-1,0,110569,4,0,-1,203568,2,0,1,0,0
294,2,699,5,1,-1,0,0,0,-101,0,1,2022012100,32,-1,0,110374,1,0,-1,284358,-1,0,1,1,0
110373,3,600,2,1,-1,0,0,1,2022020900,8800,-1,2022020900,32,-1,0,2013,3,0,-1,204464,1,0,-1,0,0
110374,3,701,2,1,-1,0,0,1,2022012000,62000,-1,2022012000,32,-1,0,325,5,0,-1,193738,2,0,1,0,0
1746,2,702,5,1,-1,0,0,0,-101,0,1,2022012200,32,-1,0,1925,1,0,-1,211784,-1,0,1,1,0
169,3,703,2,1,-1,0,0,1,2022012200,48000,-1,2022012200,32,-1,0,44,6,0,-1,225970,2,0,1,0,0
111043,2,704,5,1,-1,0,0,0,-101,0,1,2022012400,32,-1,0,691,1,0,-1,283273,-1,0,1,1,0
1824,3,705,2,1,-1,0,0,1,2022012000,43500,-1,2022012000,32,-1,0,191,7,0,-1,226380,2,0,1,0,0
1793,3,657,2,1,-1,0,0,1,2022012700,5300,-1,2022012700,32,-1,0,192,5,0,-1,212446,2,0,1,0,0
59,3,707,5,1,-1,7300000,0,0,-101,68000,3,2022012900,32,-1,0,9,5,7300000,-1,225410,2,0,1,0,0
200,3,838,5,1,-1,2100000,0,0,-101,33000,3,2022020900,32,-1,0,436,5,2100000,-1,237312,2,0,-1,0,0
94,3,709,2,1,-1,0,0,1,2022012100,33500,-1,2022012100,32,-1,0,1793,5,0,-1,235247,4,0,1,0,0
110109,3,749,2,1,-1,0,0,1,2022020100,11500,-1,2022013100,32,-1,0,1854,5,0,-1,219840,2,0,-1,0,0
101088,3,711,2,1,-1,0,0,1,2022012100,19500,-1,2022012100,32,-1,0,741,5,0,-1,229055,2,0,1,0,0
22,3,712,5,1,-1,20500000,0,0,-101,90000,3,2022012800,32,-1,0,110374,5,20500000,-1,216158,3,0,1,0,0
919,3,645,2,1,-1,0,0,1,2022020100,1600,-1,2022013100,32,-1,0,112578,3,0,-1,214479,1,0,-1,0,0
1898,2,870,5,1,-1,0,0,0,-101,0,1,2022021700,32,-1,0,101097,1,0,-1,284201,-1,0,-1,1,0
1823,3,715,2,1,-1,0,0,1,2022012300,7600,-1,2022012300,32,-1,0,111140,4,0,-1,208372,1,0,1,0,0
698,3,633,5,1,-1,13000000,0,0,-101,12500,3,2022021600,32,-1,0,112093,5,13000000,-1,232639,1,0,-1,0,0
449,3,717,2,1,-1,0,0,1,2022012200,20000,-1,2022012200,32,-1,0,54,7,0,-1,240475,4,0,1,0,0
189,3,718,2,1,-1,0,0,1,2022012300,93000,-1,2022012300,32,-1,0,9,5,0,-1,171833,2,0,1,0,0
100888,2,719,5,1,-1,0,0,0,-101,0,1,2022012400,32,-1,0,244,1,0,-1,283184,-1,0,1,1,0
1914,3,594,2,1,-1,0,0,1,2022013102,4100,-1,2022013100,32,-1,0,705,4,0,-1,226540,3,0,1,0,0
32,3,721,2,1,-1,0,0,1,2022012400,22500,-1,2022012400,32,-1,0,242,5,0,-1,229654,3,0,1,0,0
1843,2,722,5,1,-1,0,0,0,-101,0,1,2022012400,32,-1,0,175,1,0,-1,223329,-1,0,1,1,0
1843,3,846,2,1,-1,0,0,1,2022022500,66000,-1,2022022500,1,-1,0,91,5,0,-1,211513,2,0,-1,0,0
462,3,724,2,1,-1,0,0,1,2022012400,14500,-1,2022012400,32,-1,0,1013,4,0,-1,199266,3,0,1,0,0
66,3,725,5,1,-1,16000000,0,0,-101,76000,5,2022012700,32,-1,0,45,7,16000000,-1,231535,2,0,1,0,0
479,3,781,2,1,-1,0,0,1,2022013107,17500,-1,2022013100,32,-1,0,101026,4,0,-1,195313,2,0,1,0,0
682,3,739,0,1,-1,32400000,0,0,-101,0,-1,2022021200,1,-1,0,237,3,32400000,-1,228650,0,0,-1,0,0
483,0,728,5,1,-1,360000,1,0,-101,4100,5,2022012800,32,-1,0,101105,7,360000,-1,239965,5,0,1,0,0
110746,3,729,2,1,-1,0,0,1,2022012300,10000,-1,2022012300,32,-1,0,113142,3,0,-1,234868,1,0,1,0,0
1914,3,730,5,1,-1,1300000,0,0,-101,9600,5,2022012700,1,-1,0,112476,7,1300000,-1,280453,3,0,1,0,0
112172,3,731,2,1,-1,0,0,1,2022012300,58000,-1,2022012300,32,-1,0,1796,6,0,-1,206058,2,0,1,0,0
112392,3,732,2,1,-1,0,0,1,2022012400,15500,-1,2022012400,32,-1,0,607,3,0,-1,231821,1,0,1,0,0
112425,3,733,2,1,-1,0,0,1,2022012400,4200,-1,2022012400,32,-1,0,110482,4,0,-1,239396,2,0,1,0,0
101085,3,734,2,1,-1,0,0,1,2022012400,21500,-1,2022012400,32,-1,0,256,5,0,-1,213449,2,0,1,0,0
320,3,727,2,1,-1,0,0,1,2022021100,10000,-1,2022021100,32,-1,0,106,4,0,-1,186200,1,0,-1,0,0
111821,3,683,5,1,-1,610000,1,0,-101,2200,3,2022013100,32,-1,0,110915,5,610000,-1,281601,2,0,1,0,0
25,3,737,5,1,-1,3700000,0,0,-101,18500,4,2022012600,32,-1,0,467,6,3700000,-1,192938,4,0,1,0,0
230,3,738,2,1,-1,0,0,1,2022012300,10000,-1,2022012300,32,-1,0,101085,4,0,-1,214979,2,0,1,0,0
180,3,794,2,1,-1,0,0,1,2022021100,7500,-1,2022021100,32,-1,0,111560,4,0,-1,217585,2,0,-1,0,0
10029,3,723,2,1,-1,0,0,1,2022030100,60000,-1,2022030100,2,-1,0,18,5,0,-1,184144,3,0,-1,0,0
109,3,741,2,1,-1,0,0,1,2022012500,7500,-1,2022012500,32,-1,0,101148,6,0,-1,282223,2,0,1,0,0
23,3,742,2,1,-1,0,0,1,2022013000,33000,-1,2022013000,32,-1,0,25,5,0,-1,211879,3,0,1,0,0
28,3,743,2,1,-1,0,0,1,2022012900,12000,-1,2022012900,32,-1,0,1871,7,0,-1,231394,3,0,1,0,0
595,3,744,4,1,-1,3800000,0,0,-101,14500,1,2022012700,1,-1,0,1819,3,3800000,-1,144200,2,0,1,0,0
243,3,745,0,0,-1,66100000,1,0,-101,-1,-1,2022012200,1,-1,0,1944,7,66100000,-1,280189,0,0,1,1,-1
461,3,746,2,1,-1,0,0,1,2022012500,44000,-1,2022012500,32,-1,0,59,5,0,-1,222943,3,0,1,0,0
112172,3,635,2,1,-1,8300000,1,0,-101,32500,4,2022030100,2,-1,0,54,6,8300000,-1,281527,2,0,-1,0,0
1035,3,760,2,1,-1,0,0,1,2022013107,16000,-1,2022013100,32,-1,0,232,3,0,-1,194222,1,0,1,0,0
449,3,710,5,1,-1,10500000,0,0,-101,36500,5,2022020900,32,-1,0,312,7,10500000,-1,224243,2,0,-1,0,0
101025,3,750,2,1,-1,0,0,1,2022013106,15000,-1,2022013100,32,-1,0,492,4,0,-1,235207,3,0,1,0,0
809,3,751,4,1,-1,21400000,0,0,-101,68000,5,2022020100,1,-1,0,73,7,21400000,-1,224411,2,0,-1,0,0
904,3,767,2,1,-1,0,0,1,2022013108,42500,-1,2022013108,1,-1,0,243,6,0,-1,235212,3,0,1,0,0
112791,3,753,5,1,-1,10000000,0,0,-101,36500,3,2022012900,32,-1,0,15,5,10000000,-1,225144,1,0,1,0,0
876,3,813,2,1,-1,0,0,1,2022020100,7000,-1,2022020100,1,-1,0,110929,3,0,-1,225145,1,0,-1,0,0
101084,3,755,2,1,-1,0,0,1,2022013000,5400,-1,2022013000,32,-1,0,506,4,0,-1,216269,3,0,1,0,0
1786,3,756,2,1,-1,0,0,1,2022012600,4900,-1,2022012600,32,-1,0,111082,5,0,-1,223850,3,0,1,0,0
2007,3,799,2,1,-1,0,0,0,2022021000,9600,-1,2022021000,32,-1,0,111592,5,0,-1,283562,2,0,-1,0,0
1796,3,758,5,1,-1,9200000,0,0,-101,28500,4,2022012800,32,-1,0,34,6,9200000,-1,231614,3,0,1,0,0
1799,3,759,2,1,-1,0,0,1,2022012700,22500,-1,2022012700,32,-1,0,393,5,0,-1,215069,2,0,1,0,0
448,3,748,2,1,-1,0,0,1,2022013107,42000,-1,2022013100,32,-1,0,13,5,0,-1,197948,1,0,1,0,0
44,3,761,2,1,-1,0,0,1,2022012500,72000,-1,2022012500,32,-1,0,100767,5,0,-1,213732,3,0,1,0,0
452,3,762,2,1,-1,0,0,1,2022012600,47000,-1,2022012600,32,-1,0,111974,5,0,-1,223524,2,0,1,0,0
101151,3,659,5,1,-1,2900000,0,0,-101,11500,1,2022013100,32,-1,0,15001,3,2900000,-1,223332,1,0,1,0,0
65,0,764,5,1,-1,440000,1,0,-101,11500,4,2022013100,32,-1,0,1800,6,440000,-1,233915,4,0,1,0,0
112508,3,765,5,1,-1,93000,0,0,-101,1300,1,2022012700,32,-1,0,1813,3,93000,-1,181698,4,0,1,0,0
241,3,766,2,1,-1,0,0,1,2022012800,180000,-1,2022012800,32,-1,0,21,7,0,-1,212190,1,0,1,0,0
745,3,649,0,1,-1,3800000,1,0,-101,0,-1,2022020100,1,-1,0,378,3,3800000,-1,214929,0,0,-1,0,0
2013,2,619,5,1,-1,0,0,0,-101,0,1,2022013100,32,-1,0,110374,1,0,-1,284046,-1,0,1,1,0
212,3,820,2,1,-1,0,0,1,2022020800,6700,-1,2022020800,32,-1,0,15012,3,0,-1,220348,1,0,-1,0,0
7,3,770,2,1,-1,0,0,1,2022012800,62000,-1,2022012800,32,-1,0,69,5,0,-1,215792,1,0,1,0,0
9,3,771,5,0,-1,39500000,0,0,-101,46000,0,2022012800,32,-1,0,1944,6,39500000,-1,280013,2,0,1,0,0
1837,0,772,5,1,-1,1750000,0,0,-101,10500,4,2022013100,32,-1,0,160,6,1750000,-1,237601,5,0,1,0,0
15015,3,773,2,1,-1,0,0,1,2022012800,6600,-1,2022012800,32,-1,0,77,4,0,-1,210321,1,0,1,0,0
111138,3,774,2,1,-1,0,0,1,2022012700,7500,-1,2022012700,32,-1,0,112116,5,0,-1,160072,1,0,1,0,0
312,3,775,5,1,-1,6800000,0,0,-101,35000,5,2022013100,32,-1,0,144,7,6800000,-1,281092,1,0,1,0,0
1837,0,824,0,1,-1,2800000,0,0,-101,0,-1,2022020100,1,-1,0,110580,3,2800000,-1,233092,0,0,-1,0,0
1530,2,777,5,1,-1,0,0,0,-101,0,1,2022013000,32,-1,0,573,1,0,-1,283257,-1,0,1,1,0
573,3,778,2,1,-1,0,0,1,2022012700,23000,-1,2022012700,32,-1,0,110144,6,0,-1,217167,2,0,1,0,0
112218,3,779,5,1,-1,13700000,0,0,-101,62000,4,2022013100,32,-1,0,175,6,13700000,-1,234711,1,0,-1,0,0
882,3,752,4,1,-1,9200000,0,0,-101,23000,5,2022020100,1,-1,0,25,7,9200000,-1,281870,2,0,-1,0,0
683,3,726,4,1,-1,8700000,0,0,-101,45500,3,2022020100,1,-1,0,111974,5,8700000,-1,211022,1,0,-1,0,0
113704,3,782,2,1,-1,0,0,1,2022012800,18000,-1,2022012800,32,-1,0,1939,4,0,-1,221587,3,0,1,0,0
319,3,783,2,1,-1,0,0,1,2022012800,2700,-1,2022012800,32,-1,0,418,5,0,-1,228238,3,0,1,0,0
1955,3,784,2,1,-1,0,0,1,2022013101,5100,-1,2022013100,32,-1,0,110854,3,0,-1,192072,2,0,1,0,0
18,3,785,2,1,-1,0,0,1,2022012800,145000,-1,2022012800,32,-1,0,243,4,0,-1,188350,2,0,1,0,0
15001,3,867,2,1,-1,0,0,1,2022021000,3100,-1,2022021000,32,-1,0,711,3,0,-1,187898,2,0,-1,0,0
243,3,787,5,0,-1,74400000,0,0,-101,87000,12,2022013100,32,-1,0,1944,7,74400000,-1,280072,2,0,1,0,0
10,3,788,2,1,-1,0,0,1,2022012900,185000,-1,2022012900,32,-1,0,18,7,0,-1,211117,1,0,1,0,0
1807,3,789,2,1,-1,0,0,0,2022013000,3300,-1,2022013000,32,-1,0,111592,6,0,-1,283805,3,0,1,0,0
665,2,790,5,1,-1,0,0,0,-101,0,1,2022013100,32,-1,0,1961,1,0,-1,239923,-1,0,1,1,0
479,3,791,2,1,-1,0,0,1,2022012900,37500,-1,2022012900,32,-1,0,1939,4,0,-1,200607,2,0,1,0,0
110556,3,792,2,1,-1,0,0,1,2022012900,32000,-1,2022012900,32,-1,0,674,5,0,-1,224813,2,0,1,0,0
101020,2,793,5,1,-1,0,0,0,-101,0,1,2022013000,32,-1,0,1847,1,0,-1,281271,-1,0,1,1,0
32,3,714,2,1,-1,0,0,1,2022021100,62000,-1,2022021100,32,-1,0,1795,6,0,-1,203581,3,0,-1,0,0
48,3,795,2,1,-1,0,0,1,2022013100,185000,-1,2022013100,32,-1,0,243,5,0,-1,173731,2,0,1,0,0
674,3,796,2,1,-1,0,0,1,2022013100,5300,-1,2022013100,32,-1,0,112225,5,0,-1,207684,3,0,1,0,0
68,3,797,5,1,-1,3000000,1,0,-101,33500,2,2022013100,32,-1,0,59,4,3000000,-1,205985,3,0,1,0,0
23,3,757,2,1,-1,0,0,1,2022020900,58000,-1,2022020900,32,-1,0,112172,7,0,-1,225713,2,0,-1,0,0
44,3,716,2,1,-1,0,0,1,2022021000,81000,-1,2022021000,32,-1,0,19,4,0,-1,184200,3,0,-1,0,0
1,0,800,5,1,-1,7000000,0,0,-101,7500,5,2022013100,32,-1,0,260,7,7000000,-1,239986,5,0,1,0,0
5,2,801,0,0,-1,0,1,0,-101,-1,-1,2022012700,1,-1,0,1944,1,0,-1,280059,0,0,1,1,-1
450,3,802,2,1,-1,0,0,1,2022013102,66000,-1,2022013100,32,-1,0,1795,6,0,-1,215333,2,0,1,0,0
72,3,803,2,1,-1,0,0,1,2022013000,52000,-1,2022013000,32,-1,0,175,6,0,-1,216255,3,0,1,0,0
144,3,804,2,1,-1,0,0,1,2022013000,33500,-1,2022013000,32,-1,0,100409,4,0,-1,199439,1,0,1,0,0
781,3,776,2,1,-1,0,0,1,2022020100,11000,-1,2022020100,1,-1,0,110394,5,0,-1,210853,3,0,-1,0,0
112026,2,806,5,1,-1,0,0,0,-101,0,1,2022013100,32,-1,0,267,1,0,-1,240037,-1,0,1,1,0
46,3,807,2,1,-1,0,0,1,2022013000,88000,-1,2022013000,32,-1,0,66,6,0,-1,221639,2,0,1,0,0
65536,3,808,2,1,-1,0,0,1,2022013102,66000,-1,2022013102,1,-1,0,66,6,0,-1,221919,2,0,1,0,0
71,2,809,5,1,-1,0,0,0,-101,0,1,2022013100,32,-1,0,112885,1,0,-1,284354,-1,0,1,1,0
110329,3,810,2,1,-1,0,0,1,2022013100,6100,-1,2022013100,32,-1,0,110746,4,0,-1,240754,1,0,1,0,0
112172,3,811,0,1,-1,8300000,2,0,-101,0,-1,2022020100,1,-1,0,169,3,8300000,-1,280790,0,0,-1,0,0
112172,3,812,2,1,-1,0,0,1,2022013100,45000,-1,2022013100,1,-1,0,1795,5,0,-1,172203,2,0,1,0,0
838,3,754,4,1,-1,6500000,0,0,-101,12000,2,2022020100,1,-1,0,10029,4,6500000,-1,223017,1,0,-1,0,0
31,3,814,5,1,-1,14800000,0,0,-101,35000,5,2022013100,32,-1,0,483,7,14800000,-1,221564,2,0,1,0,0
1843,2,815,5,1,-1,0,0,0,-101,0,1,2022013100,32,-1,0,1035,1,0,-1,231391,-1,0,1,1,0
457,3,816,5,1,-1,28500000,1,0,-101,60000,4,2022013100,32,-1,0,1795,6,28500000,-1,231943,2,0,1,0,0
1028,3,680,2,1,-1,0,0,1,2022021700,17000,-1,2022021700,32,-1,0,110502,4,0,-1,201955,2,0,-1,0,0
111715,3,818,2,1,-1,0,0,0,2022013101,6400,-1,2022013100,32,-1,0,111592,5,0,-1,282893,3,0,1,0,0
10029,3,713,0,1,-1,6800000,1,0,-101,0,-1,2022020100,1,-1,0,19,3,6800000,-1,226430,0,0,-1,0,0
169,3,708,5,1,-1,8100000,2,0,-101,18500,5,2022022700,32,-1,0,231,7,8100000,-1,281928,2,0,-1,0,0
467,0,821,5,1,-1,370000,1,0,-101,4000,4,2022013100,32,-1,0,12,6,370000,-1,230807,5,0,1,0,0
100646,3,822,5,1,-1,1250000,0,0,-101,7300,4,2022013100,32,-1,0,247,6,1250000,-1,236649,3,0,1,0,0
242,3,823,5,1,-1,3450000,0,0,-101,13500,4,2022013100,32,-1,0,481,6,3450000,-1,224297,2,0,1,0,0
865,3,805,2,1,-1,0,0,1,2022020100,270000,-1,2022020100,1,-1,0,5,6,0,-1,219809,2,0,-1,0,0
782,3,825,2,1,-1,0,0,1,2022013101,52000,-1,2022013101,1,-1,0,9,3,0,-1,199715,1,0,1,0,0
1801,2,826,5,1,-1,0,0,0,-101,0,1,2022013100,32,-1,0,483,1,0,-1,283241,-1,0,1,1,0
1806,3,827,2,1,-1,0,0,1,2022013101,110000,-1,2022013100,32,-1,0,95,5,0,-1,203263,2,0,1,0,0
459,3,828,2,1,-1,0,0,1,2022013101,6400,-1,2022013100,32,-1,0,112552,5,0,-1,225572,3,0,1,0,0
294,3,829,2,1,-1,0,0,1,2022013103,37500,-1,2022013100,32,-1,0,100769,5,0,-1,209301,2,0,1,0,0
110394,3,830,2,1,-1,0,0,1,2022013102,11000,-1,2022013100,32,-1,0,111379,5,0,-1,221962,2,0,1,0,0
1943,3,831,2,1,-1,0,0,1,2022013102,7900,-1,2022013100,32,-1,0,379,7,0,-1,224953,3,0,1,0,0
169,3,832,0,1,-1,8300000,3,0,-101,0,-1,2022013106,1,-1,0,101085,3,8300000,-1,281479,0,0,1,0,0
189,3,833,5,1,-1,3700000,0,0,-101,82000,4,2022013100,32,-1,0,22,6,3700000,-1,233731,2,0,1,0,0
894,3,869,2,1,-1,0,0,1,2022021600,5200,-1,2022021600,1,-1,0,46,3,0,-1,220709,3,0,-1,0,0
753,3,835,4,1,-1,11100000,0,0,-101,45500,2,2022022300,1,-1,0,7,4,11100000,-1,186146,2,0,-1,0,0
1944,3,836,5,0,-1,0,0,0,-101,250000,5,2022012900,32,-1,0,73,7,0,-1,190871,1,0,1,0,0
806,3,837,4,1,-1,18000000,0,0,-101,39000,4,2022013105,1,-1,0,241,6,18000000,-1,281932,2,0,1,0,0
185,0,769,4,1,-1,600000,0,0,-101,750,4,2022021500,1,-1,0,423,6,600000,-1,231617,5,0,-1,0,0
112134,3,839,2,1,-1,0,0,1,2022013102,6100,-1,2022013100,32,-1,0,1800,5,0,-1,239554,3,0,1,0,0
900,3,840,2,1,-1,0,0,1,2022013102,3200,-1,2022013100,32,-1,0,101103,4,0,-1,214211,2,0,1,0,0
1719,3,841,5,1,-1,1600000,0,0,-101,5600,4,2022013100,32,-1,0,1909,6,1600000,-1,282135,3,0,1,0,0
111974,3,842,2,1,-1,0,0,1,2022013102,8700,-1,2022013100,32,-1,0,236,5,0,-1,184926,3,0,1,0,0
1960,3,843,2,1,-1,0,0,1,2022013102,36500,-1,2022013100,32,-1,0,166,5,0,-1,212626,2,0,1,0,0
191,3,844,2,1,-1,0,0,1,2022013102,5300,-1,2022013100,32,-1,0,463,4,0,-1,222464,2,0,1,0,0
71,2,865,5,1,-1,0,0,0,-101,0,1,2022021400,32,-1,0,110374,1,0,-1,229865,-1,0,-1,1,0
755,3,740,2,1,-1,0,0,1,2022021700,7300,-1,2022021700,1,-1,0,742,4,0,-1,223934,1,0,-1,0,0
206,3,847,5,1,-1,7400000,0,0,-101,32000,3,2022013100,32,-1,0,483,5,7400000,-1,281412,2,0,1,0,0
18,3,848,2,1,-1,0,0,1,2022013103,125000,-1,2022013100,32,-1,0,7,7,0,-1,230005,2,0,1,0,0
21,3,849,2,1,-1,0,0,1,2022013104,130000,-1,2022013100,32,-1,0,11,5,0,-1,194957,4,0,1,0,0
752,3,850,0,1,-1,12800000,3,0,-101,0,-1,2022020100,1,-1,0,36,3,12800000,-1,235675,0,0,-1,0,0
62,3,851,2,1,-1,0,0,1,2022013103,34500,-1,2022013100,32,-1,0,55,5,0,-1,201240,3,0,1,0,0
10029,3,852,2,1,-1,0,0,1,2022013103,52000,-1,2022013103,1,-1,0,19,6,0,-1,199412,3,0,1,0,0
113720,3,853,2,1,-1,0,0,1,2022013104,2600,-1,2022013100,32,-1,0,64,3,0,-1,223557,2,0,1,0,0
94,3,854,2,1,-1,0,0,1,2022013103,31500,-1,2022013100,32,-1,0,1919,3,0,-1,192840,4,0,1,0,0
814,3,855,4,1,-1,5200000,0,0,-101,10000,1,2022013104,1,-1,0,1943,3,5200000,-1,183909,2,0,1,0,0
210,2,856,5,1,-1,0,0,0,-101,0,1,2022013100,32,-1,0,319,1,0,-1,284396,-1,0,1,1,0
217,3,857,2,1,-1,0,0,1,2022020100,13500,-1,2022013100,32,-1,0,518,5,0,-1,220702,2,0,-1,0,0
22,3,858,0,0,-1,46600000,1,0,-101,-1,-1,2022013106,1,-1,0,1944,7,46600000,-1,280041,0,0,1,1,-1
47,3,859,5,1,-1,45400000,0,0,-101,210000,4,2022013100,32,-1,0,11,6,45400000,-1,221660,2,0,-1,0,0
452,3,860,2,1,-1,0,0,1,2022013107,24000,-1,2022013100,32,-1,0,1843,5,0,-1,202088,2,0,1,0,0
839,0,861,4,1,-1,580000,0,0,-101,1900,5,2022013106,1,-1,0,1788,7,580000,-1,282086,5,0,1,0,0
111928,3,862,2,1,-1,0,0,1,2022013104,2700,-1,2022013100,32,-1,0,101145,6,0,-1,234184,4,0,1,0,0
110734,2,863,5,1,-1,0,0,0,-101,0,1,2022013100,32,-1,0,111723,1,0,-1,284294,-1,0,1,1,0
847,3,864,2,1,-1,0,0,1,2022013104,7000,-1,2022013104,1,-1,0,269,3,0,-1,198455,1,0,1,0,0
1796,3,845,2,1,-1,0,0,1,2022021100,69000,-1,2022021100,32,-1,0,45,6,0,-1,220466,2,0,-1,0,0
110395,3,866,2,1,-1,0,0,1,2022013105,24000,-1,2022013100,32,-1,0,68,5,0,-1,211177,1,0,1,0,0
7,3,747,2,1,-1,0,0,1,2022021100,74000,-1,2022021100,32,-1,0,1837,7,0,-1,234236,1,0,-1,0,0
111022,3,868,2,1,-1,0,0,1,2022022100,1900,-1,2022022100,32,-1,0,112579,5,0,-1,219861,2,0,-1,0,0
924,3,834,2,1,-1,0,0,1,2022021700,18500,-1,2022021700,1,-1,0,19,4,0,-1,199412,1,0,-1,0,0
13,3,529,5,1,-1,16500000,1,0,-101,9600,5,2022022300,4,-1,0,110975,7,16500000,-1,282293,2,0,-1,0,0
113057,3,871,2,1,-1,0,0,1,2022013106,7700,-1,2022013100,32,-1,0,111560,4,0,-1,228349,2,0,1,0,0
1842,3,872,2,1,-1,0,0,1,2022013106,22000,-1,2022013100,32,-1,0,217,5,0,-1,212401,2,0,1,0,0
72,3,873,2,1,-1,0,0,1,2022013106,52000,-1,2022013100,32,-1,0,1795,5,0,-1,194138,2,0,1,0,0
481,3,874,5,1,-1,11900000,0,0,-101,21500,5,2022013100,32,-1,0,217,7,11900000,-1,281225,2,0,-1,0,0
870,3,875,4,1,-1,10100000,0,0,-101,21500,2,2022020700,1,-1,0,1032,4,10100000,-1,207807,1,0,-1,0,0
1715,3,876,2,1,-1,0,0,1,2022013108,2900,-1,2022013100,32,-1,0,111821,3,0,-1,219644,3,0,1,0,0
112130,3,877,2,1,-1,0,0,1,2022013107,3100,-1,2022013100,32,-1,0,111397,3,0,-1,220711,1,0,1,0,0
573,3,878,2,1,-1,0,0,1,2022013107,38000,-1,2022013100,32,-1,0,62,5,0,-1,214594,2,0,1,0,0
856,3,879,0,1,-1,1350000,2,0,-101,0,-1,2022020100,1,-1,0,111035,3,1350000,-1,282299,0,0,-1,0,0
10,3,798,2,1,-1,0,0,1,2022021100,150000,-1,2022021100,32,-1,0,45,4,0,-1,191043,2,0,-1,0,0
913,3,881,4,1,-1,26000000,0,0,-101,67000,3,2022020100,1,-1,0,52,5,26000000,-1,207993,3,0,-1,0,0
851,3,882,2,1,-1,0,0,1,2022020100,16000,-1,2022020100,1,-1,0,112218,6,0,-1,236210,2,0,-1,0,0
883,3,883,2,1,-1,0,0,1,2022020100,18500,-1,2022020100,1,-1,0,237,4,0,-1,178005,2,0,-1,0,0
54,3,884,2,1,-1,0,0,1,2022013108,18000,-1,2022013100,32,-1,0,481,6,0,-1,221014,2,0,1,0,0
57,3,885,2,1,-1,0,0,1,2022013108,33000,-1,2022013100,32,-1,0,240,3,0,-1,176600,2,0,1,0,0
459,3,886,2,1,-1,0,0,1,2022013108,12500,-1,2022013100,32,-1,0,237,6,0,-1,237960,2,0,1,0,0
100409,3,887,2,1,-1,0,0,1,2022013108,36000,-1,2022013100,32,-1,0,72,5,0,-1,230686,2,0,1,0,0
1952,3,751,2,1,-1,0,0,1,2022021800,15000,-1,2022021800,32,-1,0,1832,4,0,-1,210409,1,0,-1,0,0
728,2,889,4,1,-1,0,0,0,-101,0,1,2022020100,1,-1,0,1876,1,0,-1,222060,-1,0,-1,1,0
923,3,808,2,1,-1,0,0,1,2022021700,18000,-1,2022021700,1,-1,0,1877,6,0,-1,215331,3,0,-1,0,0
483,0,891,5,1,-1,2500000,0,0,-101,24000,5,2022020900,32,-1,0,110,7,2500000,-1,236015,5,0,-1,0,0
911,3,892,2,1,-1,0,0,1,2022013108,12500,-1,2022013108,1,-1,0,86,4,0,-1,219216,2,0,1,0,0
906,2,893,4,1,-1,0,0,0,-101,0,1,2022020100,1,-1,0,17,1,0,-1,218660,-1,0,-1,1,0
1902,3,894,2,1,-1,0,0,1,2022020100,5100,-1,2022013100,32,-1,0,1478,5,0,-1,211891,2,0,-1,0,0
601,3,895,0,1,-1,17300000,0,0,-101,0,-1,2022020100,1,-1,0,95,3,17300000,-1,194229,0,0,-1,0,0
891,3,896,2,1,-1,0,0,1,2022020100,10000,-1,2022020100,1,-1,0,1909,6,0,-1,213659,3,0,-1,0,0
900,3,897,2,1,-1,0,0,1,2022020100,13500,-1,2022020100,1,-1,0,101147,6,0,-1,282222,2,0,-1,0,0
68,2,898,5,1,-1,0,0,0,-101,0,1,2022020700,32,-1,0,873,1,0,-1,283293,-1,0,-1,1,0
937,3,899,4,1,-1,4500000,0,0,-101,14000,2,2022020100,1,-1,0,32,4,4500000,-1,230202,1,0,-1,0,0
880,3,900,4,1,-1,1050000,0,0,-101,6600,4,2022020100,1,-1,0,65,6,1050000,-1,237631,3,0,-1,0,0
110398,3,901,2,1,-1,0,0,1,2022020100,10000,-1,2022013100,32,-1,0,1477,3,0,-1,191814,1,0,-1,0,0
1746,0,902,5,1,-1,920000,0,0,-101,11500,4,2022020800,32,-1,0,111379,6,920000,-1,239439,5,0,-1,0,0
896,3,903,2,1,-1,0,0,1,2022020100,165000,-1,2022020100,1,-1,0,1943,6,0,-1,212150,1,0,-1,0,0
921,3,904,2,1,-1,0,0,1,2022020100,20000,-1,2022020100,1,-1,0,70,5,0,-1,224032,4,0,-1,0,0
66429,3,905,2,1,-1,0,0,1,2022020100,21500,-1,2022020100,1,-1,0,97,4,0,-1,203491,2,0,-1,0,0
890,3,906,0,1,-1,25400000,0,0,-101,0,-1,2022020100,1,-1,0,36,3,25400000,-1,281875,0,0,-1,0,0
111044,3,850,0,1,-1,3300000,3,0,-101,0,-1,2022030100,2,-1,0,693,3,3300000,-1,232049,0,0,-1,0,0
66465,3,908,0,1,-1,2400000,0,0,-101,0,-1,2022020100,1,-1,0,1746,3,2400000,-1,281184,0,0,-1,0,0
862,3,909,0,1,-1,24800000,0,0,-101,0,-1,2022020100,1,-1,0,169,3,24800000,-1,203965,0,0,-1,0,0
66446,3,910,0,1,-1,19000000,0,0,-101,0,-1,2022020100,1,-1,0,95,3,19000000,-1,194229,0,0,-1,0,0
66362,3,911,2,1,-1,0,0,1,2022020100,17000,-1,2022020100,1,-1,0,110329,5,0,-1,234578,2,0,-1,0,0
884,3,912,0,1,-1,9700000,0,0,-101,0,-1,2022020100,1,-1,0,744,3,9700000,-1,227890,0,0,-1,0,0
111044,3,913,0,1,-1,4100000,0,0,-101,0,-1,2022020900,1,-1,0,873,3,4100000,-1,237537,0,0,-1,0,0
1819,3,914,2,1,-1,0,0,1,2022020800,24000,-1,2022020800,32,-1,0,169,7,0,-1,230065,2,0,-1,0,0
898,3,915,4,1,-1,12800000,0,0,-101,21500,4,2022021200,1,-1,0,243,6,12800000,-1,201939,2,0,-1,0,0
36,3,916,2,1,-1,0,0,1,2022020900,11000,-1,2022020900,32,-1,0,112670,6,0,-1,235049,4,0,-1,0,0
836,3,917,2,1,-1,0,0,1,2022020700,45500,-1,2022020700,1,-1,0,100765,5,0,-1,215716,2,0,-1,0,0
110101,3,918,2,1,-1,0,0,1,2022020800,1500,-1,2022020800,32,-1,0,112409,5,0,-1,240625,3,0,-1,0,0
111715,2,919,5,1,-1,0,0,0,-101,0,1,2022021100,32,-1,0,101059,1,0,-1,284418,-1,0,-1,1,0
835,3,920,2,1,-1,0,0,1,2022020700,5500,-1,2022020700,1,-1,0,191,4,0,-1,240212,3,0,-1,0,0
95,3,921,5,1,-1,52400000,0,0,-101,87000,4,2022021300,32,-1,0,240,6,52400000,-1,222357,1,0,-1,0,0
825,3,922,4,1,-1,7800000,0,0,-101,13000,3,2022020800,1,-1,0,34,5,7800000,-1,280751,1,0,-1,0,0
768,0,923,0,1,-1,1250000,3,0,-101,0,-1,2022021700,1,-1,0,112392,3,1250000,-1,239189,0,0,-1,0,0
1785,3,924,2,1,-1,0,0,1,2022020900,21000,-1,2022020900,32,-1,0,88,3,0,-1,205586,2,0,-1,0,0
10,3,188,5,0,-1,109500000,0,0,-101,140000,12,2022022600,32,-1,0,1944,7,109500000,-1,280234,1,0,-1,0,0
1824,3,926,2,1,-1,0,0,1,2022021200,25500,-1,2022021200,32,-1,0,110144,6,0,-1,223816,2,0,-1,0,0
1871,3,927,2,1,-1,0,0,1,2022021200,16500,-1,2022021200,32,-1,0,206,3,0,-1,189860,1,0,-1,0,0
901,3,928,2,1,-1,0,0,1,2022021100,6900,-1,2022021100,1,-1,0,1808,5,0,-1,233665,3,0,-1,0,0
21,3,929,5,1,-1,35400000,0,0,-101,64000,5,2022021800,32,-1,0,54,7,35400000,-1,281277,2,0,-1,0,0
1837,0,930,4,1,-1,1400000,1,0,-101,9600,4,2022030100,1,-1,0,1935,6,1400000,-1,230771,5,0,-1,0,0
48,3,931,5,1,-1,30100000,0,0,-101,140000,4,2022022400,32,-1,0,21,6,30100000,-1,208448,2,0,-1,0,0
462,3,932,5,1,-1,2400000,1,0,-101,25000,4,2022021700,32,-1,0,485,6,2400000,-1,236553,4,0,-1,0,0
100766,3,933,5,1,-1,2400000,0,0,-101,7500,5,2022021600,32,-1,0,1746,7,2400000,-1,281184,2,0,-1,0,0
5,3,681,0,0,-1,72100000,2,0,-101,-1,-1,2022021800,1,-1,0,1944,7,72100000,-1,280393,0,0,-1,1,-1
94,3,935,2,1,-1,0,0,1,2022021000,10500,-1,2022021000,32,-1,0,101025,3,0,-1,193581,4,0,-1,0,0
66445,3,936,2,1,-1,0,0,1,2022021100,12000,-1,2022021100,1,-1,0,110109,5,0,-1,232145,2,0,-1,0,0
109,3,937,5,1,-1,25400000,0,0,-101,62000,4,2022021600,32,-1,0,240,6,25400000,-1,201533,1,0,-1,0,0
110374,3,938,5,1,-1,18400000,0,0,-101,96000,4,2022021600,32,-1,0,241,6,18400000,-1,190456,1,0,-1,0,0
243,3,606,0,0,-1,87800000,3,0,-101,-1,-1,2022022400,1,-1,0,1944,7,87800000,-1,280393,0,0,-1,1,-1
383,3,940,2,1,-1,0,0,1,2022021100,29500,-1,2022021100,32,-1,0,110636,5,0,-1,222597,2,0,-1,0,0
11,3,941,0,0,-1,87000000,3,0,-101,-1,-1,2022020600,1,-1,0,1944,7,87000000,-1,280393,0,0,-1,1,-1
