homega,previousyeartableposition,homegf,currenttableposition,awaygf,awayga,teamshortform,hasachievedobjective,yettowin,unbeatenallcomps,unbeatenleague,champion,leagueid,prevleagueid,highestpossible,teamform,highestprobable,homewins,artificialkey,nummatchesplayed,teamid,grouping,awaywins,objective,points,actualvsexpectations,homelosses,unbeatenhome,lastgameresult,unbeatenaway,awaylosses,awaydraws,homedraws,teamlongform
0,1,0,5,0,0,46,0,0,0,0,1,1,1,0,2210,8,0,0,6,269,8,0,0,0,3,0,1,2,0,0,0,0,55
0,10,0,9,0,0,46,0,0,0,0,0,1,1,0,2021,3,0,1,6,270,3,0,3,0,1,0,1,1,0,0,0,0,38
0,8,0,10,0,0,46,0,0,0,0,0,1,1,0,20012,3,0,2,6,271,3,0,3,0,1,0,0,0,0,0,0,0,38
0,6,0,8,0,0,53,0,0,0,0,0,1,1,0,22110,3,0,3,6,272,3,0,3,0,1,0,0,2,1,0,0,0,44
0,2,0,6,0,0,53,0,0,0,0,0,1,1,0,21012,8,0,4,6,819,8,0,0,0,3,0,1,0,0,0,0,0,50
0,4,0,12,0,0,20,0,1,0,0,0,1,1,0,111,5,0,5,6,820,5,0,3,0,2,0,0,1,0,0,0,0,22
0,13,0,3,0,0,53,0,0,0,0,0,1,1,0,20211,10,0,6,6,1446,10,0,5,0,0,0,1,1,0,0,0,0,61
0,9,0,7,0,0,46,0,0,0,0,0,1,1,0,20210,3,0,7,6,1447,3,0,10,0,3,0,0,2,0,0,0,0,44
0,3,0,2,0,0,80,0,0,0,0,0,1,1,0,22022,10,0,8,6,1516,10,0,0,0,2,0,1,0,0,0,0,0,66
0,5,0,14,0,0,13,0,1,0,0,0,1,1,0,11,5,0,9,6,1786,5,0,8,0,3,0,0,1,0,0,0,0,16
0,7,0,1,0,0,80,0,0,0,0,0,1,1,0,22202,0,0,10,6,1788,0,0,3,0,0,0,1,0,0,0,0,0,83
0,11,0,13,0,0,6,0,0,0,0,0,1,1,0,10,5,0,11,6,15001,5,0,3,0,2,0,0,2,0,0,0,0,22
0,14,0,4,0,0,53,0,0,0,0,0,1,1,0,1212,8,0,12,6,112425,8,0,5,0,0,0,1,0,0,0,0,0,61
0,12,0,11,0,0,40,0,0,0,0,0,1,1,0,2200,5,0,13,6,113720,5,0,5,0,1,0,0,2,0,0,0,0,33
0,1,0,10,0,0,33,0,0,0,0,1,4,4,0,1200,3,0,14,4,229,3,0,0,0,4,0,0,2,0,0,0,0,33
0,16,0,6,0,0,58,0,0,0,0,0,4,4,0,1202,8,0,15,4,230,8,0,3,0,0,0,0,0,1,0,0,0,58
0,2,0,1,0,0,100,0,0,0,1,0,4,4,0,2222,0,0,16,4,231,0,0,0,0,1,0,1,0,1,0,0,0,100
0,5,0,11,0,0,33,0,0,0,0,0,4,4,0,1200,3,0,17,4,232,3,0,10,0,3,0,0,2,0,0,0,0,33
0,6,0,2,0,0,100,0,0,1,1,0,4,4,0,2222,10,0,18,4,670,10,0,8,0,0,0,1,0,1,0,0,0,100
0,4,0,9,0,0,33,0,0,0,0,0,4,4,0,1020,3,0,19,4,673,3,0,10,0,3,0,0,2,0,0,0,0,33
0,3,0,15,0,0,8,0,1,0,0,0,4,4,0,10,3,0,20,4,674,3,0,0,0,4,0,0,2,0,0,0,0,8
0,12,0,5,0,0,75,0,0,0,0,0,4,4,0,2022,8,0,21,4,680,8,0,8,0,1,0,1,0,0,0,0,0,75
0,6,0,16,0,0,0,0,1,0,0,0,4,4,0,0,5,0,22,4,682,5,0,10,0,4,0,0,2,0,0,0,0,0
0,11,0,12,0,0,25,0,0,0,0,0,4,4,0,2,3,0,23,4,2007,3,0,3,0,1,0,0,0,0,0,0,0,25
0,13,0,13,0,0,25,0,0,0,0,0,4,4,0,2,3,0,24,4,2013,3,0,3,0,1,0,0,0,0,0,0,0,25
0,6,0,3,0,0,75,0,0,0,0,0,4,4,0,2202,10,0,25,4,15005,10,0,10,0,1,0,0,0,1,0,0,0,75
0,10,0,7,0,0,50,0,0,0,0,0,4,4,0,220,3,0,26,4,100081,3,0,3,0,1,0,0,2,0,0,0,0,50
0,6,0,14,0,0,25,0,1,0,0,0,4,4,0,1110,3,0,27,4,110724,3,0,8,0,2,0,0,2,1,0,0,0,25
0,14,0,8,0,0,41,0,0,0,0,0,4,4,0,1120,3,0,28,4,110913,3,0,3,0,1,0,0,2,1,0,0,0,41
0,15,0,4,0,0,75,0,0,0,0,0,4,4,0,2022,10,0,29,4,111560,10,0,3,0,0,0,0,0,1,0,0,0,75
0,4,0,4,0,0,46,0,0,0,0,0,7,7,0,22010,9,0,30,21,383,9,0,0,0,2,0,0,2,0,0,0,0,46
0,3,0,9,0,0,26,0,0,0,0,0,7,7,0,120,3,0,31,21,517,3,0,9,0,3,0,0,2,0,0,0,0,43
0,8,0,11,0,0,40,0,0,0,0,0,7,7,0,10121,3,0,32,20,567,3,0,8,0,2,0,0,1,0,0,0,0,40
0,2,0,6,0,0,53,0,0,0,0,0,7,7,0,12102,8,0,33,21,568,8,0,8,0,1,0,0,0,0,0,0,0,53
0,9,0,17,0,0,46,0,0,0,0,0,7,7,0,20021,5,0,34,21,598,5,0,8,0,4,0,0,1,0,0,0,0,40
0,1,0,13,0,0,40,0,0,0,0,1,7,7,0,2002,3,0,35,20,1035,3,0,0,0,4,0,0,0,0,0,0,0,43
0,15,0,7,0,0,86,0,0,0,0,0,7,7,0,22221,8,0,36,21,1039,8,0,3,0,0,0,0,1,0,0,0,0,53
0,6,0,3,0,0,46,0,0,0,0,0,7,7,0,12111,9,0,37,21,1053,9,0,0,0,2,0,0,1,0,0,0,0,66
0,5,0,2,0,0,53,0,0,0,0,0,7,7,0,12201,9,0,38,21,1629,9,0,8,0,0,0,0,1,0,0,0,0,60
0,10,0,18,0,0,66,0,0,0,0,0,7,7,0,12202,5,0,39,21,1719,5,0,5,0,2,0,0,0,0,0,0,0,43
0,16,0,10,0,0,53,0,0,0,0,0,7,7,0,20112,3,0,40,21,111043,3,0,3,0,1,0,0,0,0,0,0,0,40
0,7,0,14,0,0,46,0,0,0,0,0,7,7,0,2201,3,0,41,21,111044,3,0,3,0,1,0,0,1,0,0,0,0,33
0,11,0,8,0,0,33,0,0,0,0,0,7,7,0,21010,3,0,42,21,111057,3,0,5,0,0,0,0,2,0,0,0,0,46
0,13,0,19,0,0,33,0,0,0,0,0,7,7,0,121,5,0,43,21,111976,5,0,5,0,2,0,0,1,0,0,0,0,43
0,14,0,20,0,0,40,0,0,0,0,0,7,7,0,20020,5,0,44,21,112119,5,0,5,0,2,0,0,2,0,0,0,0,26
0,12,0,15,0,0,46,0,0,0,0,0,7,7,0,20102,5,0,45,20,112476,5,0,3,0,2,0,0,0,0,0,0,0,40
0,1,0,9,0,0,50,0,0,0,0,1,10,10,0,2,3,0,46,2,245,3,0,0,0,4,0,1,0,0,0,0,0,50
0,3,0,5,0,0,100,0,0,1,1,0,10,10,0,22,8,0,47,2,246,8,0,0,0,3,0,1,0,1,0,0,0,100
0,2,0,3,0,0,100,0,0,0,1,0,10,10,0,22,10,0,48,2,247,10,0,0,0,2,0,1,0,1,0,0,0,100
0,12,0,17,0,0,0,0,1,0,0,0,10,10,0,0,5,0,49,2,650,5,0,3,0,2,0,0,2,0,0,0,0,0
0,15,0,16,0,0,0,0,1,0,0,0,10,10,0,0,5,0,50,2,1902,5,0,3,0,2,0,0,2,0,0,0,0,0
0,7,0,2,0,0,100,0,0,1,1,0,10,10,0,22,10,0,51,2,1903,10,0,10,0,1,0,1,0,1,0,0,0,100
0,16,0,18,0,0,0,0,1,0,0,0,10,10,0,0,5,0,52,2,1904,5,0,5,0,2,0,0,2,0,0,0,0,0
0,6,0,8,0,0,50,0,0,0,0,0,10,10,0,2,3,0,53,2,1906,3,0,10,0,3,0,1,0,0,0,0,0,50
0,18,0,15,0,0,0,0,1,0,0,0,10,10,0,0,3,0,54,2,1907,3,0,3,0,1,0,0,2,0,0,0,0,0
0,8,0,14,0,0,0,0,1,0,0,0,10,10,0,0,3,0,55,2,1908,3,0,8,0,2,0,0,2,0,0,0,0,0
0,5,0,1,0,0,100,0,0,1,1,0,10,10,0,22,0,0,56,2,1909,0,0,8,0,0,0,1,0,1,0,0,0,100
0,4,0,11,0,0,33,0,1,1,1,0,10,10,0,11,3,0,57,2,1913,3,0,8,0,2,0,1,1,1,0,0,0,33
0,9,0,6,0,0,66,0,0,1,1,0,10,10,0,21,8,0,58,2,1914,8,0,3,0,0,0,1,1,1,0,0,0,66
0,10,0,12,0,0,16,0,1,0,0,0,10,10,0,10,3,0,59,2,1915,3,0,8,0,2,0,1,2,0,0,0,0,16
0,14,0,10,0,0,50,0,0,0,0,0,10,10,0,20,3,0,60,2,1971,3,0,5,0,0,0,0,2,1,0,0,0,50
0,11,0,7,0,0,66,0,0,1,1,0,10,10,0,21,8,0,61,2,100634,8,0,3,0,0,0,1,1,1,0,0,0,66
0,13,0,13,0,0,16,0,1,0,0,0,10,10,0,1,3,0,62,2,100646,3,0,5,0,0,0,1,1,0,0,0,0,16
0,17,0,4,0,0,100,0,0,1,1,0,10,10,0,22,8,0,63,2,100651,8,0,5,0,0,0,1,0,1,0,0,0,100
0,6,0,11,0,0,50,0,0,0,0,0,13,13,0,20,3,0,64,2,1,3,0,0,0,4,0,1,2,0,0,0,0,50
0,1,0,12,0,0,50,0,0,0,0,1,13,13,0,2,3,0,65,2,5,3,0,0,0,4,0,0,0,1,0,0,0,50
0,2,0,8,0,0,66,0,0,1,1,0,13,13,0,21,3,0,66,2,7,3,0,2,0,2,0,1,1,1,0,0,0,66
0,5,0,6,0,0,66,0,0,1,1,0,13,13,0,12,3,0,67,2,9,3,0,1,0,3,0,1,0,1,0,0,0,66
0,7,0,5,0,0,66,0,0,1,1,0,13,13,0,21,2,0,68,2,10,2,0,0,0,3,0,1,1,1,0,0,0,66
0,3,0,1,0,0,100,0,0,1,1,0,13,13,0,22,0,0,69,2,11,0,0,0,0,1,0,1,0,1,0,0,0,100
0,20,0,17,0,0,0,0,1,0,0,0,14,13,0,0,5,0,70,2,13,5,0,3,0,2,0,0,2,0,0,0,0,0
0,18,0,7,0,0,66,0,0,1,1,0,14,13,0,12,3,0,71,2,17,3,0,2,0,2,0,1,0,1,0,0,0,66
0,14,0,10,0,0,50,0,0,0,0,0,13,13,0,20,3,0,72,2,18,3,0,1,0,3,0,0,2,1,0,0,0,50
0,12,0,20,0,0,0,0,1,0,0,0,13,13,0,0,4,0,73,2,19,4,0,2,0,4,0,1,2,0,0,0,0,0
0,9,0,9,0,0,50,0,0,0,0,0,13,13,0,2,3,0,74,2,95,3,0,3,0,1,0,1,0,0,0,0,0,50
0,8,0,3,0,0,100,0,0,1,1,0,13,13,0,22,1,0,75,2,109,1,0,3,0,0,0,1,0,1,0,0,0,100
0,10,0,4,0,0,66,0,0,1,1,0,13,13,0,12,1,0,76,2,1795,1,0,4,0,0,0,1,0,1,0,0,0,66
0,2,0,13,0,0,50,0,0,0,0,0,13,14,0,20,3,0,77,2,1796,3,0,4,0,0,0,0,2,1,0,0,0,50
0,13,0,19,0,0,0,0,1,0,0,0,13,13,0,0,4,0,78,2,1799,4,0,4,0,2,0,0,2,0,0,0,0,0
0,15,0,14,0,0,50,0,0,0,0,0,13,13,0,2,3,0,79,2,1806,3,0,3,0,1,0,1,0,0,0,0,0,50
0,3,0,18,0,0,0,0,1,0,0,0,14,14,0,0,4,0,80,2,1808,4,0,4,0,2,0,0,2,0,0,0,0,0
0,10,0,2,0,0,100,0,0,1,1,0,14,14,0,22,1,0,81,2,1939,1,0,4,0,0,0,1,0,1,0,0,0,100
0,16,0,16,0,0,0,0,1,0,0,0,13,13,0,0,5,0,82,2,1943,5,0,4,0,1,0,0,2,0,0,0,0,0
0,11,0,15,0,0,16,0,1,0,0,0,13,13,0,10,5,0,83,2,1960,5,0,3,0,2,0,0,2,1,0,0,0,16
0,7,0,16,0,0,33,0,0,0,0,0,14,14,6,1002,3,0,84,4,2,3,0,7,0,3,0,1,0,0,0,0,0,33
0,19,0,22,0,0,16,0,1,0,0,0,14,14,6,110,4,0,85,4,4,4,0,4,0,2,0,0,2,1,0,0,0,16
0,6,0,5,0,0,66,0,0,0,1,0,14,14,6,2112,7,0,86,4,8,7,0,7,0,1,0,1,0,1,0,0,0,66
0,18,0,9,0,0,50,0,0,0,0,0,14,14,6,220,3,0,87,4,12,3,0,6,0,4,0,1,2,0,0,0,0,50
0,13,0,4,0,0,75,0,0,0,0,0,14,14,6,2202,7,0,88,4,14,7,0,3,0,0,0,1,0,0,0,0,0,75
0,14,0,6,0,0,58,0,0,0,0,0,14,14,6,2102,7,0,89,4,15,7,0,3,0,0,0,1,0,0,0,0,0,58
0,20,0,15,0,0,33,0,0,0,0,0,14,14,6,210,3,0,90,4,88,3,0,3,0,2,0,1,2,0,0,0,0,33
0,9,0,8,0,0,58,0,0,0,0,0,14,14,6,1022,8,0,91,4,91,8,0,7,0,2,0,0,0,1,0,0,0,58
0,4,0,2,0,0,100,0,0,0,1,0,13,14,6,2222,6,0,92,4,94,6,0,3,0,0,0,1,0,1,0,0,0,100
0,21,0,23,0,0,16,0,1,0,0,0,14,14,6,101,4,0,93,4,97,4,0,4,0,2,0,0,1,0,0,0,0,16
0,8,0,12,0,0,41,0,0,0,0,0,14,14,6,1210,3,0,94,4,106,3,0,7,0,3,0,0,2,1,0,0,0,41
0,19,0,3,0,0,75,0,0,0,0,0,14,13,6,2220,7,0,95,4,110,7,0,6,0,2,0,0,2,1,0,0,0,75
0,1,0,19,0,0,25,0,1,0,0,1,13,14,6,1110,5,0,96,4,144,5,0,6,0,4,0,0,2,1,0,0,0,25
0,1,0,17,0,0,33,0,0,0,0,1,14,60,6,1020,5,0,97,4,1792,5,0,7,0,4,0,0,2,0,0,0,0,33
0,17,0,18,0,0,33,0,0,0,0,0,13,13,6,120,5,0,98,4,1793,5,0,8,0,2,0,1,2,0,0,0,0,33
0,3,0,10,0,0,50,0,0,0,0,0,60,60,6,2002,3,0,99,4,1794,3,0,3,0,2,0,1,0,0,0,0,0,50
0,15,0,7,0,0,58,0,0,0,0,0,14,14,6,2102,8,0,100,4,1801,8,0,3,0,1,0,1,0,0,0,0,0,58
0,11,0,13,0,0,41,0,0,0,0,0,14,14,6,112,3,0,101,4,1807,3,0,7,0,3,0,1,0,0,0,0,0,41
0,17,0,11,0,0,41,0,0,0,0,0,14,14,6,2011,3,0,102,4,1919,3,0,8,0,1,0,1,1,0,0,0,0,41
0,12,0,24,0,0,8,0,1,0,0,0,14,14,6,10,4,0,103,4,1925,4,0,8,0,3,0,0,2,0,0,0,0,8
0,4,0,20,0,0,25,0,0,0,0,0,60,60,6,20,5,0,104,4,1932,5,0,4,0,1,0,0,2,0,0,0,0,25
0,22,0,14,0,0,33,0,0,0,0,0,60,14,6,1200,3,0,105,4,1952,3,0,6,0,4,0,0,2,0,0,0,0,33
0,5,0,1,0,0,100,0,0,0,1,0,14,14,6,2222,6,0,106,4,1961,6,0,8,0,0,0,1,0,1,0,0,0,100
0,6,0,21,0,0,25,0,0,0,0,0,60,60,6,2,5,0,107,4,15015,5,0,4,0,1,0,0,0,0,0,0,0,25
0,9,0,6,0,0,55,0,0,0,1,0,16,16,0,121,3,0,108,3,59,3,0,2,0,2,0,1,1,1,0,0,0,55
0,12,0,14,0,0,33,0,0,0,0,0,16,16,0,200,3,0,109,3,62,3,0,3,0,1,0,0,2,0,0,0,0,33
0,8,0,13,0,0,33,0,0,0,0,0,16,16,0,200,3,0,110,3,65,3,0,3,0,1,0,0,2,0,0,0,0,33
0,6,0,4,0,0,77,0,0,0,1,0,16,16,0,221,2,0,111,3,66,2,0,1,0,2,0,1,1,1,0,0,0,77
0,2,0,19,0,0,0,0,1,0,0,0,16,17,0,0,4,0,112,3,68,4,0,4,0,2,0,0,2,0,0,0,0,0
0,2,0,2,0,0,100,0,0,0,1,0,16,16,0,222,1,0,113,3,69,1,0,0,0,2,0,1,0,1,0,0,0,100
0,7,0,9,0,0,44,0,0,0,0,0,16,16,0,201,3,0,114,3,70,3,0,3,0,1,0,1,1,0,0,0,0,44
0,13,0,15,0,0,33,0,0,0,0,0,16,16,0,2,5,0,115,3,71,5,0,3,0,2,0,0,0,0,0,0,0,33
0,4,0,11,0,0,33,0,0,0,0,0,16,16,0,2,3,0,116,3,72,3,0,2,0,2,0,0,0,0,0,0,0,33
0,1,0,1,0,0,100,0,0,0,1,1,16,16,0,222,0,0,117,3,73,0,0,0,0,1,0,1,0,1,0,0,0,100
0,10,0,17,0,0,22,0,1,0,0,0,16,16,0,101,5,0,118,3,74,5,0,3,0,2,0,0,1,1,0,0,0,22
0,5,0,10,0,0,44,0,0,0,0,0,17,17,0,21,3,0,119,3,76,3,0,4,0,0,0,1,1,0,0,0,0,44
0,15,0,12,0,0,33,0,0,0,0,0,16,16,0,2,3,0,120,3,210,3,0,4,0,0,0,0,0,0,0,0,0,33
0,3,0,5,0,0,77,0,0,0,1,0,16,16,0,221,3,0,121,3,219,3,0,1,0,3,0,1,1,1,0,0,0,77
0,17,0,8,0,0,44,0,0,0,0,0,16,16,0,120,3,0,122,3,294,3,0,4,0,0,0,0,2,1,0,0,0,44
0,1,0,7,0,0,55,0,0,0,1,1,16,17,0,121,3,0,123,3,1530,3,0,3,0,1,0,1,1,1,0,0,0,55
0,11,0,16,0,0,33,0,0,0,0,0,16,16,0,20,5,0,124,3,1809,5,0,3,0,2,0,1,2,0,0,0,0,33
0,14,0,20,0,0,0,0,1,0,0,0,16,16,0,0,4,0,125,3,1816,4,0,4,0,2,0,0,2,0,0,0,0,0
0,5,0,3,0,0,100,0,0,0,1,0,16,16,0,222,1,0,126,3,1819,1,0,3,0,0,0,1,0,1,0,0,0,100
0,3,0,18,0,0,11,0,1,0,0,0,17,17,0,1,5,0,127,3,110569,5,0,4,0,1,0,0,1,0,0,0,0,11
0,18,0,17,0,0,25,0,0,0,0,0,16,16,6,2000,5,0,128,4,57,5,0,3,0,2,0,0,2,0,0,0,0,25
0,20,0,19,0,0,0,0,1,0,0,0,17,16,6,0,5,0,129,4,64,5,0,7,0,4,0,0,2,0,0,0,0,0
0,15,0,9,0,0,50,0,0,0,0,0,17,17,6,2002,3,0,130,4,212,3,0,5,0,0,0,0,0,0,0,0,0,50
0,16,0,3,0,0,66,0,0,0,1,0,16,16,6,1122,7,0,131,4,217,7,0,6,0,2,0,1,0,1,0,0,0,66
0,9,0,13,0,0,33,0,0,0,0,0,17,17,6,210,3,0,132,4,224,3,0,7,0,3,0,0,2,0,0,0,0,33
0,10,0,6,0,0,66,0,0,0,1,0,17,17,6,2121,8,0,133,4,226,8,0,3,0,0,0,1,1,1,0,0,0,66
0,11,0,12,0,0,33,0,0,0,0,0,17,17,6,12,3,0,134,4,378,3,0,7,0,3,0,0,0,0,0,0,0,33
0,19,0,2,0,0,100,0,0,0,1,0,17,16,6,2222,6,0,135,4,379,6,0,7,0,0,0,1,0,1,0,0,0,100
0,12,0,4,0,0,66,0,0,0,1,0,17,17,6,1212,8,0,136,4,614,8,0,3,0,0,0,1,0,1,0,0,0,66
0,7,0,1,0,0,100,0,0,0,1,0,17,17,6,2222,6,0,137,4,1738,6,0,8,0,0,0,1,0,1,0,0,0,100
0,20,0,5,0,0,66,0,0,0,1,0,17,17,6,1122,8,0,138,4,1813,8,0,3,0,0,0,1,0,1,0,0,0,66
0,14,0,11,0,0,41,0,0,0,0,0,17,17,6,1210,3,0,139,4,1815,3,0,3,0,1,0,0,2,1,0,0,0,41
0,4,0,15,0,0,25,0,1,0,0,0,17,17,6,111,5,0,140,4,1823,5,0,6,0,4,0,1,1,0,0,0,0,25
0,17,0,8,0,0,50,0,0,0,1,0,17,17,6,1112,3,0,141,4,110316,3,0,8,0,2,0,1,0,1,0,0,0,50
0,8,0,20,0,0,0,0,1,0,0,0,17,17,6,0,5,0,142,4,110326,5,0,5,0,2,0,0,2,0,0,0,0,0
0,6,0,10,0,0,41,0,0,0,0,0,17,17,6,1210,3,0,143,4,110456,3,0,3,0,1,0,1,2,0,0,0,0,41
0,13,0,16,0,0,25,0,0,0,0,0,17,17,6,20,5,0,144,4,110576,5,0,5,0,1,0,0,2,0,0,0,0,25
0,18,0,14,0,0,33,0,0,0,0,0,17,17,6,1200,3,0,145,4,111817,3,0,5,0,0,0,0,2,0,0,0,0,33
0,19,0,7,0,0,58,0,0,0,0,0,17,17,6,2012,3,0,146,4,112276,3,0,5,0,0,0,1,0,0,0,0,0,58
0,16,0,18,0,0,16,0,1,0,0,0,17,17,6,1100,5,0,147,4,112552,5,0,5,0,2,0,0,2,0,0,0,0,16
0,1,0,2,0,0,100,0,0,1,1,1,19,19,0,2,1,0,148,1,21,1,0,0,0,2,0,1,0,1,0,0,0,100
0,2,0,1,0,0,100,0,0,1,1,0,19,19,0,2,0,0,149,1,22,0,0,1,0,0,0,1,0,1,0,0,0,100
0,8,0,5,0,0,100,0,0,1,1,0,19,19,0,2,2,0,150,1,23,2,0,2,0,1,0,1,0,1,0,0,0,100
0,15,0,10,0,0,33,0,1,0,1,0,19,19,0,1,3,0,151,1,25,3,0,4,0,0,0,1,1,1,0,0,0,33
0,16,0,6,0,0,100,0,0,0,1,0,19,19,0,2,2,0,152,1,28,2,0,3,0,0,0,1,0,1,0,0,0,100
0,5,0,11,0,0,0,0,1,0,0,0,19,19,0,0,3,0,153,1,31,3,0,3,0,1,0,1,2,0,0,0,0,0
0,6,0,15,0,0,0,0,1,0,0,0,19,19,0,0,5,0,154,1,32,5,0,1,0,4,0,1,2,0,0,0,0,0
0,3,0,3,0,0,100,0,0,1,1,0,19,19,0,2,1,0,155,1,34,1,0,1,0,1,0,1,0,1,0,0,0,100
0,2,0,17,0,0,0,0,1,0,0,0,19,20,0,0,4,0,156,1,36,4,0,3,0,3,0,1,2,0,0,0,0,0
0,10,0,14,0,0,0,0,1,0,0,0,19,19,0,0,5,0,157,1,38,5,0,3,0,2,0,1,2,0,0,0,0,0
0,12,0,4,0,0,100,0,0,1,1,0,19,19,0,2,1,0,158,1,166,1,0,2,0,0,0,1,0,1,0,0,0,100
0,13,0,12,0,0,0,0,1,0,0,0,19,19,0,0,3,0,159,1,169,3,0,3,0,1,0,0,2,1,0,0,0,0
0,4,0,18,0,0,0,0,1,0,0,0,19,19,0,0,4,0,160,1,175,4,0,2,0,4,0,0,2,1,0,0,0,0
0,14,0,7,0,0,100,0,0,1,1,0,19,19,0,2,3,0,161,1,485,3,0,4,0,0,0,1,0,1,0,0,0,100
0,11,0,9,0,0,33,0,1,1,1,0,19,19,0,1,3,0,162,1,1824,3,0,3,0,1,0,1,1,1,0,0,0,33
0,7,0,8,0,0,100,0,0,0,1,0,19,19,0,2,3,0,163,1,10029,3,0,2,0,2,0,1,0,1,0,0,0,100
0,1,0,13,0,0,0,0,1,0,0,1,19,20,0,0,3,0,164,1,100409,3,0,4,0,0,0,1,2,0,0,0,0,0
0,9,0,16,0,0,0,0,1,0,0,0,19,19,0,0,5,0,165,1,112172,5,0,1,0,4,0,1,2,0,0,0,0,0
0,11,0,16,0,0,11,0,1,0,0,0,20,20,6,10,5,0,166,3,29,5,0,3,0,2,0,1,2,0,0,0,0,11
0,16,0,1,0,0,100,0,0,0,1,0,20,20,6,222,6,0,167,3,159,6,0,5,0,0,0,1,0,1,0,0,0,100
0,18,0,15,0,0,11,0,1,0,0,0,20,19,6,10,5,0,168,3,160,5,0,7,0,4,0,0,2,0,0,0,0,11
0,10,0,18,0,0,0,0,1,0,0,0,20,20,6,0,5,0,169,3,165,5,0,8,0,4,0,0,2,0,0,0,0,0
0,17,0,3,0,0,77,0,0,1,1,0,20,19,6,221,7,0,170,3,171,7,0,7,0,1,0,1,1,1,0,0,0,77
0,3,0,11,0,0,44,0,0,0,0,0,20,20,6,210,3,0,171,3,503,3,0,8,0,2,0,0,2,1,0,0,0,44
0,13,0,14,0,0,11,0,1,0,0,0,20,20,6,1,5,0,172,3,506,5,0,5,0,1,0,0,1,0,0,0,0,11
0,6,0,12,0,0,33,0,0,0,0,0,2076,2076,6,2,3,0,173,3,543,3,0,5,0,0,0,0,0,0,0,0,0,33
0,9,0,8,0,0,44,0,0,0,0,0,2076,2076,6,102,3,0,174,3,576,3,0,5,0,0,0,1,0,0,0,0,0,44
0,5,0,9,0,0,44,0,0,0,0,0,2076,2076,6,12,3,0,175,3,1825,3,0,5,0,0,0,1,0,0,0,0,0,44
0,7,0,6,0,0,77,0,0,1,1,0,20,20,6,221,8,0,176,3,1831,8,0,6,0,3,0,1,1,1,0,0,0,77
0,18,0,2,0,0,77,0,0,0,1,0,2076,20,6,122,6,0,177,3,110178,6,0,5,0,0,0,1,0,1,0,0,0,77
0,4,0,10,0,0,44,0,0,0,0,0,20,20,6,210,3,0,178,3,110329,3,0,7,0,3,0,1,2,0,0,0,0,44
0,9,0,7,0,0,55,0,0,0,1,0,20,20,6,121,3,0,179,3,110500,3,0,6,0,4,0,1,1,1,0,0,0,55
0,8,0,5,0,0,77,0,0,0,1,0,20,20,6,212,8,0,180,3,110502,8,0,7,0,2,0,1,0,1,0,0,0,77
0,15,0,4,0,0,77,0,0,1,1,0,20,20,6,122,8,0,181,3,110636,8,0,8,0,1,0,1,0,1,0,0,0,77
0,6,0,13,0,0,33,0,0,0,0,0,20,20,6,20,3,0,182,3,111235,3,0,3,0,1,0,0,2,0,0,0,0,33
0,5,0,17,0,0,0,0,1,0,0,0,20,20,6,0,5,0,183,3,111239,5,0,6,0,4,0,0,2,0,0,0,0,0
0,18,0,16,0,0,0,0,1,0,0,0,32,31,0,0,5,0,184,1,39,5,0,3,0,2,0,0,2,1,0,0,0,0
0,3,0,1,0,0,100,0,0,0,1,0,31,31,0,2,0,0,185,1,44,0,0,1,0,0,0,1,0,1,0,0,0,100
0,2,0,2,0,0,100,0,0,0,1,0,31,31,0,2,1,0,186,1,45,1,0,0,0,2,0,1,0,1,0,0,0,100
0,8,0,11,0,0,33,0,1,0,1,0,31,31,0,1,3,0,187,1,46,3,0,2,0,2,0,1,1,1,0,0,0,33
0,5,0,3,0,0,100,0,0,0,1,0,31,31,0,2,1,0,188,1,47,1,0,1,0,1,0,1,0,1,0,0,0,100
0,1,0,4,0,0,100,0,0,0,1,1,31,31,0,2,1,0,189,1,48,1,0,0,0,2,0,1,0,1,0,0,0,100
0,4,0,7,0,0,100,0,0,0,1,0,31,31,0,2,3,0,190,1,52,3,0,0,0,4,0,1,0,1,0,0,0,100
0,7,0,9,0,0,33,0,1,0,1,0,31,31,0,1,3,0,191,1,54,3,0,2,0,2,0,1,1,1,0,0,0,33
0,13,0,15,0,0,0,0,1,0,0,0,31,31,0,0,5,0,192,1,55,5,0,3,0,2,0,0,2,1,0,0,0,0
0,12,0,8,0,0,33,0,1,0,1,0,31,31,0,1,3,0,193,1,189,3,0,3,0,1,0,1,1,1,0,0,0,33
0,19,0,5,0,0,100,0,0,0,1,0,32,31,0,2,2,0,194,1,192,2,0,3,0,0,0,1,0,1,0,0,0,100
0,2,0,17,0,0,0,0,1,0,0,0,31,32,0,0,5,0,195,1,206,5,0,4,0,1,0,0,2,1,0,0,0,0
0,10,0,6,0,0,100,0,0,0,1,0,31,31,0,2,2,0,196,1,1837,2,0,3,0,0,0,1,0,1,0,0,0,100
0,14,0,18,0,0,0,0,1,0,0,0,31,31,0,0,4,0,197,1,1842,4,0,3,0,3,0,1,2,0,0,0,0,0
0,6,0,20,0,0,0,0,1,0,0,0,31,31,0,0,4,0,198,1,110374,4,0,2,0,4,0,1,2,0,0,0,0,0
0,11,0,10,0,0,33,0,1,0,1,0,31,31,0,1,3,0,199,1,110556,3,0,4,0,0,0,1,1,1,0,0,0,33
0,16,0,19,0,0,0,0,1,0,0,0,31,31,0,0,4,0,200,1,110734,4,0,4,0,2,0,0,2,1,0,0,0,0
0,9,0,12,0,0,33,0,1,0,1,0,31,31,0,1,3,0,201,1,111974,3,0,3,0,1,0,1,1,1,0,0,0,33
0,20,0,14,0,0,0,0,1,0,0,0,32,31,0,0,3,0,202,1,112026,3,0,4,0,0,0,1,2,0,0,0,0,0
0,4,0,13,0,0,33,0,1,0,1,0,31,32,0,1,3,0,203,1,112791,3,0,4,0,0,0,1,1,1,0,0,0,33
0,7,0,14,0,0,0,0,0,0,0,0,32,32,0,0,0,0,204,0,50,3,0,7,0,0,0,0,0,0,0,0,0,0
0,18,0,4,0,0,0,0,0,0,0,0,32,32,0,0,0,0,205,0,190,7,0,5,0,0,0,0,0,0,0,0,0,0
0,15,0,15,0,0,0,0,0,0,0,0,32,32,0,0,0,0,206,0,199,3,0,7,0,0,0,0,0,0,0,0,0,0
0,17,0,16,0,0,0,0,0,0,0,0,31,31,0,0,0,0,207,0,200,5,0,6,0,0,0,0,0,0,0,0,0,0
0,16,0,21,0,0,0,0,0,0,0,0,32,32,0,0,0,0,208,0,205,5,0,7,0,0,0,0,0,0,0,0,0,0
0,13,0,20,0,0,0,0,0,0,0,0,32,32,0,0,0,0,209,0,570,5,0,5,0,0,0,0,0,0,0,0,0,0
0,1,0,9,0,0,0,0,0,0,0,1,31,32,0,0,0,0,210,0,1746,3,0,6,0,0,0,0,0,0,0,0,0,0
0,15,0,13,0,0,0,0,0,0,0,0,31,31,0,0,0,0,211,0,1843,3,0,6,0,0,0,0,0,0,0,0,0,0
0,9,0,1,0,0,0,0,0,0,0,0,32,32,0,0,0,0,212,0,1847,6,0,5,0,0,0,0,0,0,0,0,0,0
0,3,0,3,0,0,0,0,0,0,0,0,32,32,0,0,0,0,213,0,1848,7,0,7,0,0,0,0,0,0,0,0,0,0
0,19,0,2,0,0,0,0,0,0,0,0,32,32,0,0,0,0,214,0,2038,6,0,5,0,0,0,0,0,0,0,0,0,0
0,8,0,18,0,0,0,0,0,0,0,0,32,32,0,0,0,0,215,0,110373,5,0,7,0,0,0,0,0,0,0,0,0,0
0,14,0,19,0,0,0,0,0,0,0,0,32,32,0,0,0,0,216,0,110741,5,0,7,0,0,0,0,0,0,0,0,0,0
0,17,0,10,0,0,0,0,0,0,0,0,32,32,0,0,0,0,217,0,110911,3,0,3,0,0,0,0,0,0,0,0,0,0
0,10,0,6,0,0,0,0,0,0,0,0,32,32,0,0,0,0,218,0,110915,7,0,3,0,0,0,0,0,0,0,0,0,0
0,12,0,8,0,0,0,0,0,0,0,0,32,32,0,0,0,0,219,0,111434,8,0,3,0,0,0,0,0,0,0,0,0,0
0,11,0,11,0,0,0,0,0,0,0,0,32,32,0,0,0,0,220,0,111657,3,0,7,0,0,0,0,0,0,0,0,0,0
0,22,0,7,0,0,0,0,0,0,0,0,32,32,0,0,0,0,221,0,111993,8,0,3,0,0,0,0,0,0,0,0,0,0
0,5,0,12,0,0,0,0,0,0,0,0,32,32,0,0,0,0,222,0,112225,3,0,7,0,0,0,0,0,0,0,0,0,0
0,20,0,17,0,0,0,0,0,0,0,0,32,32,0,0,0,0,223,0,112398,5,0,5,0,0,0,0,0,0,0,0,0,0
0,6,0,5,0,0,0,0,0,0,0,0,32,32,0,0,0,0,224,0,112409,7,0,3,0,0,0,0,0,0,0,0,0,0
0,21,0,22,0,0,0,0,0,0,0,0,32,32,0,0,0,0,225,0,113147,5,0,3,0,0,0,0,0,0,0,0,0,0
0,7,0,9,0,0,33,0,0,0,0,0,39,39,16,1021,11,0,226,26,687,13,0,11,0,0,0,0,1,0,0,0,0,46
0,6,0,22,0,0,26,0,0,0,0,0,39,39,15,102,11,0,227,25,688,11,0,11,0,1,0,0,0,0,0,0,0,23
0,9,0,6,0,0,60,0,0,0,0,0,39,39,16,22020,13,0,228,24,689,13,0,16,0,4,0,0,2,0,0,0,0,60
0,4,0,17,0,0,60,0,0,0,0,0,39,39,16,22020,11,0,229,24,691,11,0,11,0,1,0,0,2,0,0,0,0,40
0,20,0,3,0,0,20,0,0,0,0,0,39,39,16,2000,14,0,230,25,693,14,0,11,0,0,0,0,2,0,0,0,0,43
0,19,0,20,0,0,20,0,0,0,0,0,39,39,16,10110,11,0,231,23,694,11,0,15,0,4,0,0,2,0,0,0,0,30
0,1,0,12,0,0,26,0,0,0,0,0,39,39,16,20010,13,0,232,23,695,13,0,15,0,3,0,0,2,0,0,0,0,40
0,10,0,5,0,0,53,0,0,0,0,0,39,39,16,12102,13,0,233,25,696,13,0,15,0,3,0,1,0,0,0,0,0,50
0,2,0,19,0,0,6,0,0,0,0,0,39,39,16,100,11,0,234,23,697,11,0,16,0,4,0,0,2,0,0,0,0,16
0,3,0,7,0,0,53,0,0,0,0,1,39,39,16,21120,13,0,235,25,698,13,0,11,0,0,0,1,2,0,0,0,0,46
0,15,0,13,0,0,46,0,0,0,0,0,39,39,16,2102,13,0,236,23,101112,11,0,11,0,1,0,0,0,0,0,0,0,50
0,16,0,18,0,0,40,0,0,0,0,0,39,39,16,11120,11,0,237,26,111065,11,0,15,0,4,0,0,2,0,0,0,0,50
0,21,0,21,0,0,26,0,0,0,0,0,39,39,16,10200,11,0,238,24,111138,11,0,11,0,1,0,0,2,0,0,0,0,26
0,17,0,10,0,0,80,0,0,0,0,0,39,39,16,2222,13,0,239,24,111139,13,0,15,0,3,0,0,0,0,0,0,0,60
0,8,0,8,0,0,66,0,0,0,0,0,39,39,16,21202,13,0,240,26,111140,13,0,15,0,3,0,0,0,0,0,0,0,43
0,5,0,4,0,0,86,0,0,0,0,0,39,39,16,21222,14,0,241,25,111144,14,0,16,0,3,0,0,0,0,0,0,0,70
0,14,0,1,0,0,73,0,0,0,0,0,39,39,16,12122,16,0,242,25,111651,16,0,16,0,1,0,1,0,0,0,0,0,70
0,22,0,14,0,0,46,0,0,0,0,0,39,39,16,2201,11,0,243,25,111928,11,0,11,0,1,0,0,1,0,0,0,0,46
0,18,0,16,0,0,46,0,0,0,0,0,39,39,16,20201,11,0,244,25,112134,11,0,11,0,1,0,0,1,0,0,0,0,46
0,11,0,15,0,0,13,0,0,0,0,0,39,39,16,1001,11,0,245,25,112606,11,0,11,0,1,0,0,1,0,0,0,0,23
0,12,0,2,0,0,80,0,0,0,0,0,39,39,16,20222,15,0,246,25,112828,15,0,15,0,1,0,0,0,0,0,0,0,73
0,13,0,11,0,0,73,0,0,0,0,0,39,39,16,22211,13,0,247,22,112885,13,0,11,0,0,0,0,1,0,0,0,0,56
0,2,0,1,0,0,80,0,0,0,0,0,41,41,0,22220,0,0,248,20,298,0,0,0,0,1,0,0,2,0,0,0,0,66
0,15,0,10,0,0,40,0,0,0,0,0,41,41,0,11102,3,0,249,20,299,3,0,3,0,1,0,0,0,0,0,0,0,60
0,5,0,16,0,0,40,0,0,0,0,0,41,41,0,12110,5,0,250,20,300,5,0,8,0,4,0,0,2,0,0,0,0,33
0,4,0,4,0,0,46,0,0,0,0,0,41,41,0,21200,8,0,251,20,417,8,0,0,0,3,0,0,2,0,0,0,0,56
0,10,0,15,0,0,26,0,0,0,0,0,41,41,0,12,5,0,252,19,418,5,0,3,0,3,0,0,0,0,0,0,0,20
0,7,0,6,0,0,53,0,0,0,0,0,41,41,0,21012,3,0,253,20,917,8,0,5,0,0,0,0,0,0,0,0,0,36
0,12,0,3,0,0,46,0,0,0,0,0,41,41,0,122,10,0,254,20,919,10,0,10,0,1,0,0,0,0,0,0,0,46
0,3,0,12,0,0,20,0,0,0,0,0,41,41,0,11010,3,0,255,19,920,3,0,3,0,1,0,0,2,0,0,0,0,36
0,6,0,9,0,0,73,0,0,0,0,0,41,41,0,21221,3,0,256,20,922,3,0,8,0,2,0,0,1,0,0,0,0,53
0,1,0,7,0,0,46,0,0,0,0,1,41,41,0,10202,8,0,257,19,1456,3,0,10,0,3,0,0,0,0,0,0,0,33
0,9,0,5,0,0,66,0,0,0,0,0,41,41,0,22012,8,0,258,19,1463,8,0,3,0,0,0,0,0,0,0,0,0,60
0,13,0,13,0,0,26,0,0,0,0,0,41,41,0,10002,5,0,259,20,1465,5,0,3,0,2,0,0,0,0,0,0,0,40
0,8,0,11,0,0,13,0,0,0,0,0,41,41,0,110,3,0,260,20,1755,3,0,8,0,2,0,0,2,0,0,0,0,23
0,11,0,8,0,0,60,0,0,0,0,0,41,41,0,2220,3,0,261,20,1757,3,0,5,0,0,0,0,2,0,0,0,0,46
0,14,0,2,0,0,60,0,0,0,0,0,41,41,0,12211,10,0,262,20,112199,10,0,3,0,0,0,0,1,0,0,0,0,50
0,16,0,14,0,0,13,0,0,0,0,0,41,41,0,1010,5,0,263,20,113459,5,0,5,0,1,0,0,2,0,0,0,0,26
0,3,0,3,0,0,100,0,0,0,1,0,50,50,0,222,10,0,264,3,77,10,0,10,0,1,0,1,0,1,0,0,0,100
0,1,0,1,0,0,100,0,0,0,1,1,50,50,0,222,0,0,265,3,78,0,0,0,0,1,0,1,0,1,0,0,0,100
0,7,0,7,0,0,44,0,0,0,0,0,50,50,0,21,3,0,266,3,80,3,0,8,0,2,0,1,1,0,0,0,0,44
0,4,0,5,0,0,66,0,0,0,0,0,50,50,0,220,8,0,267,3,81,8,0,8,0,1,0,0,2,1,0,0,0,66
0,6,0,10,0,0,0,0,1,0,0,0,50,50,0,0,5,0,268,3,82,5,0,3,0,2,0,0,2,1,0,0,0,0
0,10,0,8,0,0,33,0,0,0,0,0,50,50,0,2,3,0,269,3,83,3,0,5,0,0,0,0,0,0,0,0,0,33
0,2,0,6,0,0,44,0,0,0,0,0,50,50,0,201,3,0,270,3,86,3,0,10,0,3,0,0,1,1,0,0,0,44
0,9,0,12,0,0,0,0,1,0,0,0,50,50,0,0,5,0,271,3,180,5,0,5,0,2,0,0,2,0,0,0,0,0
0,11,0,4,0,0,66,0,0,0,0,0,50,50,0,22,8,0,272,3,184,8,0,5,0,0,0,1,0,0,0,0,0,66
0,5,0,9,0,0,33,0,0,0,0,0,50,50,0,200,3,0,273,3,631,3,0,3,0,1,0,0,2,0,0,0,0,33
0,8,0,11,0,0,0,0,1,0,0,0,50,50,0,0,5,0,274,3,1754,5,0,8,0,3,0,0,2,0,0,0,0,0
0,12,0,2,0,0,100,0,0,0,1,0,50,50,0,222,10,0,275,3,100804,10,0,8,0,0,0,1,0,1,0,0,0,100
0,3,0,8,0,0,33,0,1,1,1,0,53,53,0,1,3,0,276,1,240,3,0,0,0,4,0,1,1,1,0,0,0,33
0,2,0,2,0,0,100,0,0,0,1,0,53,53,0,2,1,0,277,1,241,1,0,0,0,2,0,1,0,1,0,0,0,100
0,12,0,20,0,0,0,0,1,0,0,0,53,53,0,0,4,0,278,1,242,4,0,3,0,3,0,0,2,1,0,0,0,0
0,1,0,1,0,0,100,0,0,1,1,1,53,53,0,2,0,0,279,1,243,0,0,0,0,1,0,1,0,1,0,0,0,100
0,9,0,12,0,0,33,0,1,1,1,0,53,53,0,1,3,0,280,1,448,3,0,1,0,3,0,1,1,1,0,0,0,33
0,6,0,19,0,0,0,0,1,0,0,0,53,53,0,0,4,0,281,1,449,4,0,3,0,3,0,1,2,0,0,0,0,0
0,11,0,14,0,0,0,0,1,0,0,0,53,53,0,0,3,0,282,1,450,3,0,2,0,2,0,0,2,1,0,0,0,0
0,10,0,10,0,0,33,0,1,1,1,0,53,53,0,1,3,0,283,1,452,3,0,3,0,1,0,1,1,1,0,0,0,33
0,8,0,3,0,0,100,0,0,1,1,0,53,53,0,2,1,0,284,1,457,1,0,2,0,0,0,1,0,1,0,0,0,100
0,7,0,7,0,0,100,0,0,1,1,0,53,53,0,2,3,0,285,1,461,3,0,1,0,3,0,1,0,1,0,0,0,100
0,18,0,15,0,0,0,0,1,0,0,0,54,53,0,0,5,0,286,1,463,5,0,3,0,2,0,1,2,0,0,0,0,0
0,14,0,4,0,0,100,0,0,1,1,0,53,53,0,2,1,0,287,1,467,1,0,3,0,0,0,1,0,1,0,0,0,100
0,17,0,16,0,0,0,0,1,0,0,0,53,53,0,0,5,0,288,1,472,5,0,3,0,2,0,1,2,0,0,0,0,0
0,5,0,11,0,0,33,0,1,1,1,0,53,53,0,1,3,0,289,1,481,3,0,1,0,3,0,1,1,1,0,0,0,33
0,4,0,18,0,0,0,0,1,0,0,0,53,53,0,0,4,0,290,1,483,4,0,0,0,4,0,1,2,0,0,0,0,0
0,15,0,17,0,0,0,0,1,0,0,0,53,53,0,0,5,0,291,1,573,5,0,3,0,2,0,0,2,1,0,0,0,0
0,13,0,6,0,0,100,0,0,1,1,0,53,53,0,2,2,0,292,1,1853,2,0,4,0,0,0,1,0,1,0,0,0,100
0,19,0,13,0,0,33,0,1,1,1,0,54,53,0,1,3,0,293,1,1860,3,0,4,0,0,0,1,1,1,0,0,0,33
0,1,0,5,0,0,100,0,0,1,1,1,53,54,0,2,2,0,294,1,100888,2,0,4,0,0,0,1,0,1,0,0,0,100
0,8,0,9,0,0,33,0,1,1,1,0,54,54,0,1,3,0,295,1,110062,3,0,4,0,0,0,1,1,1,0,0,0,33
0,3,0,21,0,0,0,0,1,0,0,0,54,54,6,0,5,0,296,1,244,5,0,7,0,4,0,1,2,0,0,0,0,0
0,12,0,7,0,0,100,0,0,1,1,0,54,54,6,2,8,0,297,1,260,8,0,6,0,3,0,1,0,1,0,0,0,100
0,2,0,15,0,0,33,0,1,1,1,0,53,54,6,1,3,0,298,1,459,3,0,6,0,4,0,1,1,1,0,0,0,33
0,5,0,18,0,0,0,0,1,0,0,0,53,54,6,0,5,0,299,1,462,5,0,7,0,4,0,0,2,1,0,0,0,0
0,15,0,6,0,0,100,0,0,1,1,0,54,54,6,2,7,0,300,1,477,7,0,3,0,0,0,1,0,1,0,0,0,100
0,16,0,8,0,0,33,0,1,1,1,0,53,53,6,1,8,0,301,1,479,8,0,6,0,3,0,1,1,1,0,0,0,33
0,4,0,2,0,0,100,0,0,1,1,0,54,54,6,2,6,0,302,1,480,6,0,7,0,0,0,1,0,1,0,0,0,100
0,22,0,10,0,0,33,0,1,1,1,0,54,54,6,1,3,0,303,1,1854,3,0,5,0,0,0,1,1,1,0,0,0,33
0,16,0,5,0,0,100,0,0,1,1,0,54,54,6,2,7,0,304,1,1861,7,0,8,0,0,0,1,0,1,0,0,0,100
0,11,0,17,0,0,0,0,1,0,0,0,54,54,6,0,5,0,305,1,1867,5,0,8,0,3,0,0,2,1,0,0,0,0
0,17,0,3,0,0,100,0,0,1,1,0,54,54,6,2,7,0,306,1,1968,7,0,6,0,2,0,1,0,1,0,0,0,100
0,21,0,1,0,0,100,0,0,1,1,0,54,54,6,2,6,0,307,1,2026,6,0,5,0,0,0,1,0,1,0,0,0,100
0,13,0,22,0,0,0,0,1,0,0,0,54,54,6,0,5,0,308,1,15012,5,0,5,0,2,0,1,2,0,0,0,0,0
0,14,0,20,0,0,0,0,1,0,0,0,54,54,6,0,5,0,309,1,15019,5,0,3,0,3,0,0,2,1,0,0,0,0
0,10,0,11,0,0,33,0,1,1,1,0,54,54,6,1,3,0,310,1,100831,3,0,3,0,1,0,1,1,1,0,0,0,33
0,18,0,4,0,0,100,0,0,1,1,0,54,54,6,2,7,0,311,1,110704,7,0,5,0,0,0,1,0,1,0,0,0,100
0,7,0,9,0,0,33,0,1,1,1,0,54,54,6,1,3,0,312,1,110714,3,0,3,0,1,0,1,1,1,0,0,0,33
0,20,0,16,0,0,0,0,1,0,0,0,54,53,6,0,5,0,313,1,110827,5,0,7,0,4,0,0,2,1,0,0,0,0
0,20,0,13,0,0,33,0,1,1,1,0,54,54,6,1,3,0,314,1,110831,3,0,3,0,1,0,1,1,1,0,0,0,33
0,6,0,12,0,0,33,0,1,1,1,0,54,54,6,1,3,0,315,1,110832,3,0,6,0,4,0,1,1,1,0,0,0,33
0,9,0,19,0,0,0,0,1,0,0,0,54,54,6,0,5,0,316,1,110839,5,0,7,0,4,0,1,2,0,0,0,0,0
0,19,0,14,0,0,33,0,1,1,1,0,54,54,6,1,3,0,317,1,110854,3,0,3,0,1,0,1,1,1,0,0,0,33
0,3,0,7,0,0,66,0,0,0,0,0,56,56,0,20221,3,0,318,20,319,3,0,10,0,3,0,1,1,0,0,0,0,50
0,1,0,1,0,0,80,0,0,0,0,1,56,56,0,22220,0,0,319,20,320,0,0,0,0,1,0,0,2,0,0,0,0,83
0,12,0,15,0,0,33,0,0,0,0,0,56,56,10,11200,5,0,320,20,321,5,0,5,0,2,0,0,2,0,0,0,0,23
0,5,0,3,0,0,46,0,0,0,0,0,56,56,0,2012,10,0,321,20,433,10,0,0,0,2,0,0,0,0,0,0,0,60
0,4,0,10,0,0,13,0,0,0,0,0,56,56,0,101,3,0,322,20,700,3,0,8,0,2,0,0,1,0,0,0,0,43
0,2,0,5,0,0,40,0,0,0,0,0,56,56,0,202,8,0,323,20,702,8,0,0,0,3,0,0,0,0,0,0,0,43
0,11,0,11,0,0,40,0,0,0,0,0,56,56,0,11120,3,0,324,20,705,3,0,8,0,2,0,0,2,0,0,0,0,60
0,8,0,9,0,0,46,0,0,0,0,0,56,56,0,20012,3,0,325,20,708,3,0,3,0,1,0,0,0,0,0,0,0,46
0,10,0,2,0,0,80,0,0,0,0,0,56,56,0,22022,10,0,326,20,710,10,0,3,0,0,0,0,0,0,0,0,0,70
0,7,0,6,0,0,60,0,0,0,0,0,56,56,0,11221,8,0,327,20,711,8,0,8,0,1,0,0,1,0,0,0,0,50
0,14,0,12,0,0,80,0,0,0,0,0,56,56,0,22202,3,0,328,20,1439,3,0,3,0,1,0,0,0,0,0,0,0,50
0,15,0,14,0,0,13,0,0,0,0,0,56,56,0,10100,5,0,329,20,1596,5,0,5,0,1,0,0,2,0,0,0,0,16
0,13,0,13,0,0,26,0,0,0,0,0,56,56,0,2001,5,0,330,20,112130,5,0,3,0,2,0,0,1,0,0,0,0,20
0,16,0,16,0,0,26,0,0,0,0,0,56,56,10,12,5,0,331,20,112171,5,0,5,0,2,0,0,0,0,0,0,0,23
0,6,0,8,0,0,20,0,0,0,0,0,56,56,0,1110,3,0,332,20,113173,3,0,3,0,1,0,0,2,0,0,0,0,46
0,9,0,4,0,0,46,0,0,0,0,0,56,56,0,12020,8,0,333,20,113458,8,0,5,0,0,0,0,2,0,0,0,0,56
0,23,0,17,0,0,33,0,0,0,0,0,60,14,6,2,5,0,334,3,3,5,0,6,0,4,0,0,0,0,0,0,0,33
0,5,0,6,0,0,66,0,0,0,0,0,14,60,6,202,7,0,335,3,89,7,0,8,0,0,0,1,0,0,0,0,0,66
0,1,0,4,0,0,100,0,0,0,1,1,60,61,6,222,7,0,336,3,127,7,0,4,0,0,0,1,0,1,0,0,0,100
0,9,0,8,0,0,55,0,0,0,1,0,60,60,6,121,8,0,337,3,142,8,0,3,0,1,0,1,1,1,0,0,0,55
0,13,0,13,0,0,44,0,0,0,0,0,60,60,6,201,3,0,338,3,1790,3,0,8,0,1,0,1,1,0,0,0,0,44
0,2,0,15,0,0,33,0,0,0,0,0,14,60,6,20,3,0,339,3,1797,3,0,3,0,2,0,1,2,0,0,0,0,33
0,24,0,16,0,0,33,0,0,0,0,0,60,14,6,2,3,0,340,3,1798,3,0,8,0,1,0,0,0,0,0,0,0,33
0,15,0,20,0,0,11,0,1,0,0,0,61,61,6,100,5,0,341,3,1802,5,0,4,0,1,0,0,2,0,0,0,0,11
0,16,0,12,0,0,44,0,0,0,0,0,60,60,6,21,3,0,342,3,1803,3,0,4,0,0,0,1,1,0,0,0,0,44
0,15,0,7,0,0,66,0,0,0,0,0,60,60,6,220,8,0,343,3,1804,8,0,7,0,2,0,0,2,1,0,0,0,66
0,16,0,1,0,0,100,0,0,0,1,0,14,14,6,222,6,0,344,3,1917,6,0,6,0,1,0,1,0,1,0,0,0,100
0,8,0,24,0,0,0,0,1,0,0,0,61,61,6,0,4,0,345,3,1920,4,0,4,0,2,0,0,2,0,0,0,0,0
0,10,0,11,0,0,44,0,0,0,0,0,61,61,6,21,3,0,346,3,1926,3,0,3,0,2,0,1,1,0,0,0,0,44
0,17,0,10,0,0,44,0,0,0,0,0,60,60,6,21,3,0,347,3,1929,3,0,3,0,2,0,1,1,0,0,0,0,44
0,7,0,23,0,0,0,0,1,0,0,0,61,61,6,0,4,0,348,3,1930,4,0,3,0,4,0,0,2,0,0,0,0,0
0,7,0,2,0,0,100,0,0,0,1,0,60,60,6,222,6,0,349,3,1938,6,0,8,0,0,0,1,0,1,0,0,0,100
0,12,0,19,0,0,33,0,0,0,0,0,60,60,6,200,5,0,350,3,1945,5,0,8,0,2,0,0,2,0,0,0,0,33
0,10,0,9,0,0,55,0,0,0,1,0,60,60,6,112,3,0,351,3,1949,3,0,8,0,1,0,1,0,1,0,0,0,55
0,11,0,5,0,0,66,0,0,0,0,0,60,60,6,220,7,0,352,3,1951,7,0,7,0,1,0,1,2,0,0,0,0,66
0,14,0,14,0,0,44,0,0,0,0,0,60,60,6,201,3,0,353,3,1954,3,0,8,0,1,0,1,1,0,0,0,0,44
0,24,0,21,0,0,11,0,1,0,0,0,61,60,6,10,4,0,354,3,1955,4,0,3,0,4,0,1,2,0,0,0,0,11
0,20,0,18,0,0,33,0,0,0,0,0,60,60,6,2,5,0,355,3,1962,5,0,3,0,3,0,0,0,0,0,0,0,33
0,5,0,22,0,0,11,0,1,0,0,0,61,61,6,100,4,0,356,3,112259,4,0,3,0,4,0,0,2,0,0,0,0,11
0,9,0,3,0,0,100,0,0,0,1,0,61,61,6,222,7,0,357,3,112260,7,0,8,0,0,0,1,0,1,0,0,0,100
0,22,0,18,0,0,33,0,0,0,0,0,61,61,6,200,5,0,358,3,92,5,0,7,0,4,0,0,2,0,0,0,0,33
0,16,0,10,0,0,55,0,0,0,1,0,61,61,6,112,3,0,359,3,121,3,0,5,0,0,0,1,0,1,0,0,0,55
0,21,0,12,0,0,44,0,0,0,0,0,61,60,6,120,3,0,360,3,135,3,0,3,0,1,0,1,2,0,0,0,0,44
0,18,0,2,0,0,77,0,0,0,1,0,60,60,6,212,6,0,361,3,143,6,0,8,0,0,0,1,0,1,0,0,0,77
0,3,0,22,0,0,22,0,1,0,0,0,60,61,6,110,5,0,362,3,149,5,0,6,0,4,0,1,2,0,0,0,0,22
0,17,0,21,0,0,33,0,0,0,0,0,61,61,6,20,5,0,363,3,346,5,0,3,0,2,0,1,2,0,0,0,0,33
0,18,0,13,0,0,44,0,0,0,0,0,61,61,6,210,3,0,364,3,357,3,0,5,0,0,0,0,2,1,0,0,0,44
0,14,0,8,0,0,55,0,0,0,1,0,61,61,6,112,8,0,365,3,361,8,0,3,0,0,0,1,0,1,0,0,0,55
0,19,0,15,0,0,44,0,0,0,0,0,61,61,6,102,3,0,366,3,561,3,0,3,0,1,0,1,0,0,0,0,0,44
0,13,0,5,0,0,66,0,0,0,0,0,61,61,6,22,7,0,367,3,1480,7,0,5,0,0,0,0,0,1,0,0,0,66
0,23,0,4,0,0,66,0,0,0,0,0,61,60,6,220,7,0,368,3,1800,7,0,6,0,2,0,0,2,1,0,0,0,66
0,4,0,3,0,0,66,0,0,0,0,0,60,61,6,202,6,0,369,3,1923,6,0,6,0,1,0,1,0,0,0,0,0,66
0,6,0,19,0,0,33,0,0,0,0,0,61,61,6,2,5,0,370,3,1924,5,0,7,0,4,0,0,0,0,0,0,0,33
0,2,0,16,0,0,33,0,0,0,0,0,60,61,6,200,3,0,371,3,1928,3,0,7,0,3,0,0,2,0,0,0,0,33
0,8,0,14,0,0,44,0,0,0,0,0,60,60,6,120,3,0,372,3,1933,3,0,8,0,2,0,0,2,1,0,0,0,44
0,11,0,1,0,0,77,0,0,0,1,0,61,61,6,212,6,0,373,3,1934,6,0,7,0,0,0,1,0,1,0,0,0,77
0,19,0,23,0,0,11,0,1,0,0,0,60,60,6,10,5,0,374,3,1935,5,0,8,0,4,0,1,2,0,0,0,0,11
0,20,0,20,0,0,33,0,0,0,0,0,61,61,6,20,5,0,375,3,1936,5,0,5,0,1,0,1,2,0,0,0,0,33
0,12,0,7,0,0,66,0,0,0,0,0,61,61,6,22,7,0,376,3,1937,7,0,6,0,2,0,1,0,0,0,0,0,66
0,22,0,11,0,0,44,0,0,0,0,0,61,60,6,120,3,0,377,3,1940,3,0,6,0,4,0,1,2,0,0,0,0,44
0,4,0,17,0,0,33,0,0,0,0,0,13,13,6,2,5,0,378,3,1944,5,0,7,0,4,0,0,0,0,0,0,0,33
0,21,0,6,0,0,66,0,0,0,0,0,61,61,6,202,7,0,379,3,110313,7,0,3,0,0,0,1,0,0,0,0,0,66
0,24,0,24,0,0,0,0,1,0,0,0,61,61,6,0,5,0,380,3,110890,5,0,5,0,2,0,0,2,0,0,0,0,0
0,23,0,9,0,0,55,0,0,0,1,0,61,61,6,112,8,0,381,3,112254,8,0,3,0,0,0,1,0,1,0,0,0,55
0,7,0,6,0,0,46,0,0,0,0,0,65,65,10,2210,3,0,382,26,305,3,0,8,0,2,0,0,2,0,0,0,0,46
0,5,0,4,0,0,60,0,0,0,0,0,65,65,10,20022,8,0,383,26,306,8,0,10,0,2,0,0,0,0,0,0,0,63
0,3,0,1,0,0,60,0,0,0,0,0,65,65,0,20202,0,0,384,26,422,0,0,0,0,1,0,0,0,1,0,0,0,80
0,2,0,8,0,0,86,0,0,0,0,0,65,65,10,22212,3,0,385,26,423,3,0,3,0,1,0,0,0,0,0,0,0,53
0,4,0,3,0,0,80,0,0,0,0,0,65,65,10,22220,10,0,386,26,445,10,0,8,0,0,0,0,2,0,0,0,0,60
0,9,0,9,0,0,46,0,0,0,0,0,65,65,10,11112,3,0,387,27,563,3,0,8,0,2,0,0,0,0,0,0,0,40
0,1,0,2,0,0,66,0,0,0,0,1,65,65,0,20122,10,0,388,26,837,10,0,0,0,2,0,0,0,0,0,0,0,73
0,10,0,5,0,0,33,0,0,0,0,0,65,65,10,112,8,0,389,27,838,8,0,3,0,0,0,0,0,0,0,0,0,36
0,8,0,11,0,0,60,0,0,0,0,0,65,65,10,22020,5,0,390,26,1571,5,0,5,0,1,0,0,2,0,0,0,0,36
0,6,0,12,0,0,6,0,0,0,0,0,65,65,8,10000,5,0,391,26,1572,5,0,5,0,2,0,0,2,0,0,0,0,6
0,11,0,10,0,0,20,0,0,0,0,0,65,65,10,2000,5,0,392,26,111131,5,0,5,0,1,0,0,2,0,0,0,0,33
0,12,0,7,0,0,26,0,0,0,0,0,65,65,10,10002,3,0,393,26,111285,3,0,5,0,0,0,0,0,0,0,0,0,36
0,12,0,6,0,0,40,0,0,0,0,0,66,66,0,2111,8,0,394,6,420,8,0,3,0,0,0,1,1,0,0,0,0,50
0,1,0,3,0,0,66,0,0,0,0,1,66,66,0,2212,10,0,395,6,873,10,0,0,0,2,0,1,0,0,0,0,0,61
0,6,0,10,0,0,46,0,0,0,0,0,66,66,0,21020,3,0,396,6,1569,3,0,8,0,2,0,0,2,1,0,0,0,38
0,2,0,5,0,0,66,0,0,0,0,0,66,66,0,12022,8,0,397,6,1871,8,0,0,0,3,0,1,0,0,0,0,0,55
0,8,0,2,0,0,80,0,0,0,0,0,66,66,0,22022,0,0,398,5,1873,10,0,10,0,1,0,1,0,0,0,0,0,80
0,3,0,1,0,0,66,0,0,0,0,0,66,66,0,22021,10,0,399,6,110745,0,0,0,0,1,0,0,1,1,0,0,0,72
0,5,0,8,0,0,46,0,0,0,0,0,66,66,0,20012,3,0,400,6,110746,3,0,10,0,3,0,0,0,0,0,0,0,38
0,13,0,15,0,0,26,0,0,0,0,0,66,66,0,20001,5,0,401,6,110747,5,0,10,0,4,0,0,1,0,0,0,0,27
0,10,0,4,0,0,60,0,0,1,1,0,66,66,0,12121,8,0,402,5,110749,8,0,8,0,1,0,1,1,1,0,0,0,60
0,11,0,9,0,0,26,0,0,0,0,0,66,66,0,11110,3,0,403,6,111082,3,0,3,0,1,0,0,2,1,0,0,0,38
0,15,0,13,0,0,33,0,0,0,0,0,66,66,0,12100,3,0,404,6,111083,5,0,3,0,2,0,0,2,0,0,0,0,33
0,9,0,16,0,0,26,0,0,0,0,0,66,66,0,102,5,0,405,6,111086,5,0,8,0,4,0,0,0,0,0,0,0,27
0,4,0,12,0,0,13,0,0,0,0,0,66,66,0,110,5,0,406,6,111091,3,0,10,0,3,0,0,2,0,0,0,0,27
0,14,0,11,0,0,40,0,0,0,0,0,66,66,0,2111,3,0,407,6,111092,3,0,8,0,2,0,1,1,0,0,0,0,33
0,16,0,7,0,0,46,0,0,0,0,0,66,66,0,10202,8,0,408,6,112508,8,0,5,0,0,0,0,0,0,0,0,0,44
0,7,0,14,0,0,33,0,0,0,0,0,66,66,0,1210,5,0,409,6,112510,5,0,3,0,2,0,0,2,0,0,0,0,27
0,11,0,11,0,0,46,0,0,0,0,0,67,67,0,2021,3,0,410,7,312,3,0,8,0,2,0,0,1,0,0,0,0,38
0,3,0,4,0,0,66,0,0,0,0,0,67,67,0,20221,10,0,411,7,315,10,0,0,0,2,0,0,1,1,0,0,0,61
0,5,0,2,0,0,66,0,0,0,0,0,67,67,0,22102,10,0,412,7,100765,10,0,10,0,1,0,0,0,1,0,0,0,76
0,16,0,15,0,0,0,0,0,0,0,0,67,67,0,0,5,0,413,7,100766,5,0,3,0,3,0,0,2,0,0,0,0,14
0,1,0,10,0,0,40,0,0,0,0,1,67,67,0,20200,3,0,414,7,100767,3,0,0,0,4,0,0,2,0,0,0,0,38
0,2,0,1,0,0,86,0,0,1,1,0,67,67,0,22122,0,0,415,7,100769,0,0,0,0,1,0,1,0,1,0,0,0,90
0,10,0,13,0,0,33,0,0,0,0,0,67,67,0,211,5,0,416,7,110101,5,0,5,0,1,0,0,1,0,0,0,0,23
0,8,0,8,0,0,40,0,0,0,0,0,67,67,0,22000,8,0,417,6,110109,3,0,10,0,3,0,0,2,0,0,0,0,50
0,6,0,6,0,0,73,0,0,0,0,0,67,67,0,22112,8,0,418,7,110227,8,0,10,0,2,0,0,0,0,0,0,0,52
0,7,0,3,0,0,86,0,0,0,0,0,67,67,0,22221,10,0,419,7,110231,10,0,10,0,1,0,0,1,1,0,0,0,66
0,12,0,16,0,0,13,0,1,0,0,0,67,67,0,110,5,0,420,7,110234,5,0,3,0,3,0,0,2,0,0,0,0,9
0,14,0,14,0,0,26,0,0,0,0,0,67,67,0,20001,5,0,421,6,110756,5,0,3,0,2,0,0,1,0,0,0,0,22
0,9,0,7,0,0,40,0,0,0,0,0,67,67,0,12101,3,0,422,7,110822,8,0,8,0,1,0,0,1,1,0,0,0,47
0,15,0,9,0,0,33,0,0,1,1,0,67,67,0,11111,3,0,423,7,111264,3,0,8,0,2,0,1,1,1,0,0,0,42
0,4,0,5,0,0,40,0,0,0,0,0,67,67,0,1211,10,0,424,7,112218,10,0,10,0,1,0,1,1,0,0,0,0,57
0,13,0,12,0,0,46,0,0,0,0,0,67,67,0,2021,3,0,425,7,113704,3,0,5,0,0,0,0,1,0,0,0,0,33
0,3,0,1,0,0,100,0,0,1,1,0,68,68,0,22,0,0,426,2,325,0,0,0,0,1,0,1,0,1,0,0,0,100
0,2,0,12,0,0,33,0,1,1,1,0,68,68,0,11,3,0,427,2,326,3,0,0,0,4,0,1,1,1,0,0,0,33
0,1,0,3,0,0,66,0,0,1,1,1,68,68,0,21,10,0,428,2,327,10,0,0,0,2,0,1,1,1,0,0,0,66
0,6,0,5,0,0,66,0,0,1,1,0,68,68,0,21,8,0,429,2,436,8,0,10,0,2,0,1,1,1,0,0,0,66
0,5,0,15,0,0,16,0,1,0,0,0,68,68,0,1,5,0,430,2,741,5,0,8,0,3,0,1,1,0,0,0,0,16
0,7,0,8,0,0,50,0,0,0,0,0,68,68,0,2,3,0,431,2,742,3,0,3,0,1,0,1,0,0,0,0,0,50
0,4,0,10,0,0,50,0,0,1,0,0,68,68,0,20,3,0,432,2,101014,3,0,10,0,3,0,1,2,0,0,0,0,50
0,9,0,11,0,0,50,0,0,0,0,0,68,68,0,2,3,0,433,2,101020,3,0,5,0,0,0,1,0,0,0,0,0,50
0,8,0,13,0,0,33,0,1,1,1,0,68,68,0,1,3,0,434,1,101025,3,0,3,0,1,0,1,1,1,0,0,0,33
0,15,0,14,0,0,16,0,1,0,0,0,68,68,0,10,5,0,435,2,101026,5,0,5,0,1,0,1,2,0,0,0,0,16
0,10,0,16,0,0,0,0,1,0,0,0,68,68,0,0,5,0,436,1,101033,5,0,3,0,3,0,1,2,0,0,0,0,0
0,17,0,7,0,0,50,0,0,0,0,0,68,68,0,2,8,0,437,2,101041,8,0,5,0,0,0,1,0,0,0,0,0,50
0,16,0,2,0,0,66,0,0,1,1,0,68,68,0,21,10,0,438,2,111339,10,0,3,0,0,0,1,1,1,0,0,0,66
0,13,0,6,0,0,66,0,0,1,1,0,68,68,0,21,8,0,439,2,111340,8,0,3,0,0,0,1,1,1,0,0,0,66
0,12,0,4,0,0,66,0,0,1,1,0,68,68,0,12,10,0,440,2,112122,10,0,3,0,0,0,1,0,1,0,0,0,66
0,11,0,18,0,0,0,0,1,0,0,0,68,68,0,0,5,0,441,2,112958,5,0,3,0,3,0,0,2,0,0,0,0,0
0,14,0,17,0,0,0,0,1,0,0,0,68,68,0,0,5,0,442,2,113142,5,0,3,0,3,0,0,2,0,0,0,0,0
0,18,0,9,0,0,50,0,0,1,0,0,68,68,0,20,3,0,443,2,113259,3,0,5,0,0,0,1,2,0,0,0,0,50
0,1,0,1,0,0,0,0,0,0,0,0,76,76,0,0,0,0,444,0,267,0,0,0,0,0,0,0,0,0,0,0,0,0
0,1,0,1,0,0,0,0,0,0,0,0,76,76,0,0,0,0,445,0,278,0,0,0,0,0,0,0,0,0,0,0,0,0
0,1,0,1,0,0,0,0,0,0,0,0,76,76,0,0,0,0,446,0,280,0,0,0,0,0,0,0,0,0,0,0,0,0
0,1,0,1,0,0,0,0,0,0,0,0,76,76,0,0,0,0,447,0,393,0,0,0,0,0,0,0,0,0,0,0,0,0
0,1,0,1,0,0,0,0,0,0,0,0,76,76,0,0,0,0,448,0,1884,0,0,0,0,0,0,0,0,0,0,0,0,0
0,1,0,1,0,0,0,0,0,0,0,0,76,76,0,0,0,0,449,0,100325,0,0,0,0,0,0,0,0,0,0,0,0,0
0,1,0,1,0,0,0,0,0,0,0,0,76,76,0,0,0,0,450,0,101059,0,0,0,0,0,0,0,0,0,0,0,0,0
0,1,0,1,0,0,0,0,0,0,0,0,76,76,0,0,0,0,451,0,110929,0,0,0,0,0,0,0,0,0,0,0,0,0
0,1,0,1,0,0,0,0,0,0,0,0,76,76,0,0,0,0,452,0,110930,0,0,0,0,0,0,0,0,0,0,0,0,0
255,256,0,1,0,0,0,0,0,0,0,0,76,76,0,0,0,0,453,0,111072,0,0,0,0,0,0,0,0,0,0,0,0,0
199,2,0,1,0,0,0,0,0,0,0,0,76,76,0,0,0,0,454,0,111596,0,0,0,0,0,0,0,0,0,0,0,0,0
197,2,0,1,0,0,0,0,0,0,0,0,76,76,0,0,0,0,455,0,112190,0,0,0,0,0,0,0,0,0,0,0,0,0
0,1,0,13,0,0,0,0,0,0,0,0,78,78,0,0,0,0,456,0,1318,0,0,0,1051,0,0,0,0,0,0,0,0,0
0,1,0,37,0,0,0,0,0,0,0,0,78,78,0,0,0,0,457,0,1322,0,0,0,723,0,0,0,0,0,0,0,0,0
0,1,0,9,0,0,0,0,0,0,0,0,78,78,0,0,0,0,458,0,1325,0,0,0,1194,0,0,0,0,0,0,0,0,0
0,1,0,52,0,0,0,0,0,0,0,0,78,78,0,0,0,0,459,0,1327,0,0,0,643,0,0,0,0,0,0,0,0,0
0,1,0,40,0,0,0,0,0,0,0,0,78,78,0,0,0,0,460,0,1330,0,0,0,714,0,0,0,0,0,0,0,0,0
0,1,0,46,0,0,0,0,0,0,0,0,78,78,0,0,0,0,461,0,1331,0,0,0,683,0,0,0,0,0,0,0,0,0
0,1,0,110,0,0,0,0,0,0,0,0,78,78,0,0,0,0,462,0,1334,0,0,0,293,0,0,0,0,0,0,0,0,0
0,1,0,10,0,0,0,0,0,0,0,0,78,78,0,0,0,0,463,0,1335,0,0,0,1157,0,0,0,0,0,0,0,0,0
0,1,0,2,0,0,0,0,0,0,0,0,78,78,0,0,0,0,464,0,1337,0,0,0,1549,0,0,0,0,0,0,0,0,0
0,1,0,38,0,0,0,0,0,0,0,0,78,78,0,0,0,0,465,0,1338,0,0,0,716,0,0,0,0,0,0,0,0,0
0,1,0,20,0,0,0,0,0,0,0,0,78,78,0,0,0,0,466,0,1341,0,0,0,927,0,0,0,0,0,0,0,0,0
0,1,0,12,0,0,0,0,0,0,0,0,78,78,0,0,0,0,467,0,1343,0,0,0,1059,0,0,0,0,0,0,0,0,0
0,1,0,85,0,0,0,0,0,0,0,0,78,78,0,0,0,0,468,0,1352,0,0,0,391,0,0,0,0,0,0,0,0,0
0,1,0,5,0,0,0,0,0,0,0,0,78,78,0,0,0,0,469,0,1353,0,0,0,1319,0,0,0,0,0,0,0,0,0
0,1,0,6,0,0,0,0,0,0,0,0,78,78,0,0,0,0,470,0,1354,0,0,0,1267,0,0,0,0,0,0,0,0,0
0,1,0,29,0,0,0,0,0,0,0,0,78,78,0,0,0,0,471,0,1355,0,0,0,816,0,0,0,0,0,0,0,0,0
0,1,0,42,0,0,0,0,0,0,0,0,78,78,0,0,0,0,472,0,1356,0,0,0,713,0,0,0,0,0,0,0,0,0
0,1,0,62,0,0,0,0,0,0,0,0,78,78,0,0,0,0,473,0,1357,0,0,0,590,0,0,0,0,0,0,0,0,0
0,1,0,58,0,0,0,0,0,0,0,0,78,78,0,0,0,0,474,0,1359,0,0,0,612,0,0,0,0,0,0,0,0,0
0,1,0,51,0,0,0,0,0,0,0,0,78,78,0,0,0,0,475,0,1361,0,0,0,652,0,0,0,0,0,0,0,0,0
0,1,0,11,0,0,0,0,0,0,0,0,78,78,0,0,0,0,476,0,1362,0,0,0,1114,0,0,0,0,0,0,0,0,0
0,1,0,19,0,0,0,0,0,0,0,0,78,78,0,0,0,0,477,0,1363,0,0,0,933,0,0,0,0,0,0,0,0,0
0,1,0,4,0,0,0,0,0,0,0,0,78,78,0,0,0,0,478,0,1364,0,0,0,1329,0,0,0,0,0,0,0,0,0
0,1,0,33,0,0,0,0,0,0,0,0,78,78,0,0,0,0,479,0,1365,0,0,0,779,0,0,0,0,0,0,0,0,0
0,1,0,18,0,0,0,0,0,0,0,0,78,78,0,0,0,0,480,0,1367,0,0,0,951,0,0,0,0,0,0,0,0,0
0,1,0,3,0,0,0,0,0,0,0,0,78,78,0,0,0,0,481,0,1369,0,0,0,1399,0,0,0,0,0,0,0,0,0
0,1,0,1,0,0,0,0,0,0,0,0,78,78,0,0,0,0,482,0,1370,0,0,0,1604,0,0,0,0,0,0,0,0,0
0,1,0,40,0,0,0,0,0,0,0,0,78,78,0,0,0,0,483,0,1375,0,0,0,714,0,0,0,0,0,0,0,0,0
0,1,0,17,0,0,0,0,0,0,0,0,78,78,0,0,0,0,484,0,1377,0,0,0,995,0,0,0,0,0,0,0,0,0
0,1,0,14,0,0,0,0,0,0,0,0,78,78,0,0,0,0,485,0,1386,0,0,0,1046,0,0,0,0,0,0,0,0,0
0,1,0,26,0,0,0,0,0,0,0,0,78,78,0,0,0,0,486,0,1387,0,0,0,865,0,0,0,0,0,0,0,0,0
0,1,0,35,0,0,0,0,0,0,0,0,78,78,0,0,0,0,487,0,1395,0,0,0,737,0,0,0,0,0,0,0,0,0
0,1,0,77,0,0,0,0,0,0,0,0,78,78,0,0,0,0,488,0,1413,0,0,0,447,0,0,0,0,0,0,0,0,0
0,1,0,45,0,0,0,0,0,0,0,0,78,78,0,0,0,0,489,0,1415,0,0,0,691,0,0,0,0,0,0,0,0,0
0,1,0,56,0,0,0,0,0,0,0,0,78,78,0,0,0,0,490,0,1886,0,0,0,616,0,0,0,0,0,0,0,0,0
0,1,0,36,0,0,0,0,0,0,0,0,78,78,0,0,0,0,491,0,105035,0,0,0,734,0,0,0,0,0,0,0,0,0
0,1,0,23,0,0,0,0,0,0,0,0,78,78,0,0,0,0,492,0,110081,0,0,0,897,0,0,0,0,0,0,0,0,0
0,1,0,66,0,0,0,0,0,0,0,0,78,78,0,0,0,0,493,0,111099,0,0,0,536,0,0,0,0,0,0,0,0,0
0,1,0,15,0,0,0,0,0,0,0,0,78,78,0,0,0,0,494,0,111108,0,0,0,1023,0,0,0,0,0,0,0,0,0
0,1,0,8,0,0,0,0,0,0,0,0,78,78,0,0,0,0,495,0,111109,0,0,0,1208,0,0,0,0,0,0,0,0,0
0,1,0,54,0,0,0,0,0,0,0,0,78,78,0,0,0,0,496,0,111112,0,0,0,636,0,0,0,0,0,0,0,0,0
0,1,0,59,0,0,0,0,0,0,0,0,78,78,0,0,0,0,497,0,111114,0,0,0,601,0,0,0,0,0,0,0,0,0
0,1,0,25,0,0,0,0,0,0,0,0,78,78,0,0,0,0,498,0,111130,0,0,0,866,0,0,0,0,0,0,0,0,0
0,1,0,68,0,0,0,0,0,0,0,0,78,78,0,0,0,0,499,0,111451,0,0,0,532,0,0,0,0,0,0,0,0,0
0,1,0,95,0,0,0,0,0,0,0,0,78,78,0,0,0,0,500,0,111455,0,0,0,352,0,0,0,0,0,0,0,0,0
0,1,0,7,0,0,0,0,0,0,0,0,78,78,0,0,0,0,501,0,111459,0,0,0,1250,0,0,0,0,0,0,0,0,0
0,1,0,32,0,0,0,0,0,0,0,0,78,78,0,0,0,0,502,0,111465,0,0,0,791,0,0,0,0,0,0,0,0,0
0,1,0,97,0,0,0,0,0,0,0,0,78,78,0,0,0,0,503,0,111466,0,0,0,341,0,0,0,0,0,0,0,0,0
0,1,0,123,0,0,0,0,0,0,0,0,78,78,0,0,0,0,504,0,111473,0,0,0,258,0,0,0,0,0,0,0,0,0
0,1,0,69,0,0,0,0,0,0,0,0,78,78,0,0,0,0,505,0,111487,0,0,0,521,0,0,0,0,0,0,0,0,0
0,1,0,2,0,0,86,0,0,0,1,1,80,80,0,21222,10,0,506,5,191,10,0,0,0,2,0,1,0,1,0,0,0,86
0,3,0,1,0,0,100,0,0,0,1,0,80,80,0,22222,0,0,507,5,209,0,0,8,0,0,0,1,0,1,0,0,0,100
0,8,0,3,0,0,53,0,0,0,0,0,80,80,0,21201,10,0,508,5,252,10,0,5,0,0,0,1,1,0,0,0,0,53
0,2,0,7,0,0,33,0,0,0,0,0,80,80,0,12100,3,0,509,5,254,3,0,8,0,2,0,0,2,0,0,0,0,33
0,4,0,4,0,0,46,0,0,0,0,0,80,80,0,122,10,0,510,5,256,10,0,3,0,0,0,0,0,0,0,0,0,46
0,6,0,8,0,0,33,0,0,0,0,0,80,80,0,12010,3,0,511,5,1785,3,0,5,0,0,0,0,2,1,0,0,0,33
0,5,0,9,0,0,26,0,0,0,0,0,80,80,0,20001,5,0,512,5,15009,5,0,3,0,2,0,0,1,0,0,0,0,26
0,7,0,6,0,0,40,0,0,0,0,0,80,80,0,2020,3,0,513,5,111821,3,0,3,0,1,0,1,2,0,0,0,0,40
0,9,0,5,0,0,40,0,0,0,0,0,80,80,0,202,8,0,514,5,111822,8,0,5,0,0,0,0,0,0,0,0,0,40
0,10,0,10,0,0,6,0,1,0,0,0,80,80,0,10,5,0,515,5,112075,5,0,5,0,2,0,0,2,0,0,0,0,6
0,7,0,5,0,0,53,0,0,0,0,0,83,83,0,2121,8,0,516,27,982,8,0,9,0,2,0,0,1,0,0,0,0,66
0,4,0,4,0,0,46,0,0,0,0,0,83,83,0,21200,8,0,517,27,983,8,0,8,0,1,0,0,2,0,0,0,0,63
0,3,0,2,0,0,46,0,0,0,0,0,83,83,0,11211,9,0,518,27,1473,9,0,8,0,0,0,0,1,0,0,0,0,63
0,1,0,7,0,0,33,0,0,0,0,0,83,83,0,2110,3,0,519,27,1474,3,0,3,0,1,0,0,2,0,0,0,0,30
0,9,0,8,0,0,33,0,0,0,0,0,83,83,0,2110,3,0,520,27,1475,3,0,8,0,2,0,0,2,0,0,0,0,36
0,2,0,1,0,0,66,0,0,0,0,1,83,83,0,22012,0,0,521,27,1477,0,0,0,0,1,0,0,0,0,0,0,0,63
0,6,0,3,0,0,86,0,0,0,0,0,83,83,0,22122,9,0,522,26,1478,9,0,9,0,1,0,0,0,0,0,0,0,66
0,8,0,11,0,0,6,0,0,0,0,0,83,83,0,1,5,0,523,27,2055,5,0,5,0,2,0,0,1,0,0,0,0,13
0,5,0,9,0,0,53,0,0,0,0,0,83,83,0,20121,5,0,524,27,2056,5,0,3,0,2,0,0,1,0,0,0,0,40
0,10,0,10,0,0,53,0,0,0,0,0,83,83,0,10122,5,0,525,27,110765,5,0,5,0,1,0,0,0,0,0,0,0,43
0,12,0,6,0,0,40,0,0,0,0,0,83,83,0,202,3,0,526,27,112115,3,0,5,0,0,0,0,0,0,0,0,0,46
0,11,0,12,0,0,20,0,0,0,0,0,83,83,0,20000,5,0,527,26,112258,5,0,3,0,3,0,0,2,0,0,0,0,20
0,2,0,9,0,0,26,0,0,0,0,0,189,189,0,102,5,0,528,5,322,5,0,10,0,4,0,0,0,0,0,0,0,26
0,7,0,1,0,0,73,0,0,1,1,0,189,189,0,22121,0,0,529,5,894,0,0,8,0,0,0,1,1,1,0,0,0,73
0,1,0,3,0,0,66,0,0,0,0,1,189,189,0,2221,10,0,530,5,896,10,0,0,0,2,0,1,1,0,0,0,0,66
0,5,0,4,0,0,53,0,0,0,0,0,189,189,0,20121,10,0,531,5,897,10,0,10,0,1,0,1,1,0,0,0,0,53
0,6,0,5,0,0,46,0,0,0,0,0,189,189,0,12020,8,0,532,5,898,8,0,8,0,1,0,0,2,0,0,0,0,46
0,4,0,2,0,0,66,0,0,0,0,0,189,189,0,22201,10,0,533,5,900,10,0,0,0,2,0,0,1,1,0,0,0,66
0,9,0,7,0,0,40,0,0,0,0,0,189,189,0,22,3,0,534,5,1715,3,0,8,0,2,0,0,0,0,0,0,0,40
0,10,0,10,0,0,6,0,1,0,0,0,189,189,0,10000,5,0,535,5,1862,5,0,5,0,2,0,0,2,0,0,0,0,6
0,8,0,8,0,0,33,0,0,0,0,0,189,189,0,1201,3,0,536,5,10032,3,0,5,0,0,0,0,1,0,0,0,0,33
0,3,0,6,0,0,46,0,0,0,0,0,189,189,0,22001,3,0,537,5,110770,3,0,10,0,3,0,1,1,0,0,0,0,46
0,3,0,1,0,0,100,0,0,1,1,0,308,308,0,222,0,0,538,3,234,0,0,0,0,1,0,1,0,1,0,0,0,100
0,1,0,2,0,0,100,0,0,1,1,1,308,308,0,222,10,0,539,3,236,10,0,0,0,2,0,1,0,1,0,0,0,100
0,2,0,3,0,0,100,0,0,1,1,0,308,308,0,222,10,0,540,3,237,10,0,0,0,2,0,1,0,1,0,0,0,100
0,18,0,16,0,0,11,0,1,0,0,0,308,308,0,1,5,0,541,3,518,5,0,8,0,3,0,0,1,0,0,0,0,11
0,15,0,12,0,0,22,0,1,0,0,0,308,308,0,101,3,0,542,3,665,3,0,3,0,1,0,1,1,0,0,0,0,22
0,16,0,17,0,0,11,0,1,0,0,0,308,308,0,10,5,0,543,3,666,5,0,5,0,2,0,0,2,1,0,0,0,11
0,13,0,4,0,0,100,0,0,1,1,0,308,308,0,222,10,0,544,3,744,10,0,8,0,0,0,1,0,1,0,0,0,100
0,6,0,11,0,0,33,0,0,0,0,0,308,308,0,200,3,0,545,3,1887,3,0,10,0,3,0,0,2,0,0,0,0,33
0,5,0,10,0,0,33,0,0,0,0,0,308,308,0,20,3,0,546,3,1889,3,0,3,0,1,0,1,2,0,0,0,0,33
0,11,0,15,0,0,11,0,1,0,0,0,308,308,0,10,5,0,547,3,1892,5,0,8,0,3,0,1,2,0,0,0,0,11
0,8,0,6,0,0,66,0,0,0,0,0,308,308,0,202,8,0,548,3,1893,8,0,10,0,2,0,1,0,0,0,0,0,66
0,4,0,5,0,0,66,0,0,0,0,0,308,308,0,22,10,0,549,3,1896,10,0,10,0,1,0,1,0,0,0,0,0,66
0,10,0,18,0,0,0,0,1,0,0,0,308,308,0,0,5,0,550,3,1898,5,0,3,0,3,0,0,2,0,0,0,0,0
0,7,0,13,0,0,22,0,1,0,0,0,308,308,0,110,3,0,551,3,1900,3,0,3,0,1,0,1,2,0,0,0,0,22
0,9,0,8,0,0,55,0,0,1,1,0,308,308,0,112,8,0,552,3,10019,8,0,3,0,0,0,1,0,1,0,0,0,55
0,14,0,7,0,0,66,0,0,0,0,0,308,308,0,22,8,0,553,3,10020,8,0,8,0,1,0,1,0,0,0,0,0,66
0,17,0,9,0,0,33,0,0,0,0,0,308,308,0,200,3,0,554,3,10031,3,0,5,0,0,0,1,2,0,0,0,0,33
0,12,0,14,0,0,11,0,1,0,0,0,308,308,0,100,3,0,555,3,112516,3,0,5,0,0,0,0,2,1,0,0,0,11
8,1,19,2,11,6,75,0,0,0,0,0,335,335,0,2202,9,5,556,4,15029,9,4,0,33,2,0,1,0,0,0,3,3,75
6,9,14,6,7,11,50,0,0,0,0,0,335,335,0,2002,3,4,557,4,101097,3,0,3,18,1,1,0,0,0,4,3,3,50
5,2,12,15,12,9,25,0,1,0,0,0,335,335,0,1011,5,5,558,4,110975,5,4,8,31,3,0,1,1,0,2,2,2,25
9,16,8,11,4,12,33,0,1,1,1,0,335,335,0,1111,3,2,559,4,110976,3,0,5,10,0,4,1,1,1,5,2,2,33
7,3,18,1,10,10,83,0,0,1,1,0,335,335,0,1222,0,6,560,4,110977,0,1,8,27,0,1,1,0,1,1,5,1,83
3,4,10,8,9,9,41,0,0,0,0,0,335,335,0,1210,3,5,561,4,110980,3,2,0,26,4,1,0,2,1,2,4,1,41
8,10,11,14,6,9,33,0,0,0,0,0,335,335,0,210,5,3,562,4,111327,5,1,5,18,1,2,1,2,0,3,3,3,33
7,11,9,12,7,13,33,0,0,0,0,0,335,335,0,210,3,3,563,4,111328,3,0,5,15,0,2,1,2,0,4,4,2,33
7,8,10,16,8,12,8,0,1,0,0,1,335,335,0,1,5,3,564,4,112116,5,3,9,20,4,2,0,1,0,5,0,2,8
9,6,9,10,10,6,33,0,0,0,0,0,335,335,0,120,3,2,565,4,112531,3,3,3,23,1,2,0,2,1,0,4,4,33
7,5,9,5,8,5,50,0,0,1,1,0,335,335,0,1112,8,3,566,4,112533,8,4,3,25,0,2,1,0,1,2,2,2,50
6,14,8,4,7,14,50,0,0,1,1,0,335,335,0,1112,8,2,567,4,112534,8,0,3,13,0,2,1,0,1,4,4,3,50
11,7,11,3,7,7,66,0,0,1,1,0,335,335,0,2211,9,2,568,4,112584,9,4,3,23,0,2,1,1,1,2,1,4,66
7,13,5,13,6,18,33,0,0,0,0,0,335,335,0,12,5,2,569,4,112655,5,2,5,14,1,3,0,0,0,6,0,2,33
11,15,11,7,1,20,50,0,0,0,0,0,335,335,0,2020,3,2,570,4,112668,3,0,3,11,1,2,1,2,0,6,1,4,50
9,12,7,9,7,10,33,0,0,0,0,0,335,335,0,2010,3,2,571,4,112709,3,2,3,14,1,4,1,2,0,5,1,1,33
0,16,0,9,0,0,33,0,0,0,0,0,336,336,16,10201,11,0,572,9,101099,11,0,14,0,3,0,1,1,0,0,0,0,44
0,3,0,3,0,0,66,0,0,0,0,1,336,336,16,1222,14,0,573,9,101100,14,0,16,0,3,0,1,0,0,0,0,0,70
0,2,0,1,0,0,86,0,0,0,0,0,336,336,16,22212,16,0,574,9,101101,16,0,15,0,0,0,1,0,0,0,0,0,81
0,1,0,16,0,0,33,0,0,0,0,0,336,336,16,11200,5,0,575,9,101102,5,0,15,0,4,0,0,2,0,0,0,0,33
0,7,0,4,0,0,60,0,0,0,0,0,336,336,16,20220,14,0,576,9,101103,14,0,15,0,2,0,1,2,0,0,0,0,55
0,4,0,2,0,0,66,0,0,0,0,0,336,336,16,22012,15,0,577,9,101104,15,0,15,0,1,0,0,0,1,0,0,0,81
0,6,0,7,0,0,53,0,0,0,0,0,336,336,16,10221,13,0,578,9,101105,13,0,15,0,3,0,0,1,1,0,0,0,48
0,10,0,17,0,0,26,0,0,0,0,0,336,336,16,120,5,0,579,9,101106,5,0,14,0,4,0,0,2,0,0,0,0,33
0,20,0,11,0,0,46,0,0,0,0,0,336,336,16,10202,11,0,580,9,111722,11,0,14,0,3,0,1,0,0,0,0,0,40
0,11,0,12,0,0,46,0,0,0,0,0,336,336,16,12002,11,0,581,9,111723,11,0,13,0,2,0,0,0,0,0,0,0,40
0,17,0,10,0,0,33,0,0,0,0,0,336,336,16,11002,11,0,582,9,112523,11,0,13,0,2,0,0,0,0,0,0,0,44
0,19,0,18,0,0,46,0,0,0,0,0,336,336,16,12020,5,0,583,9,112526,5,0,11,0,2,0,0,2,0,0,0,0,29
0,9,0,15,0,0,20,0,0,0,0,0,336,336,16,11010,5,0,584,9,112527,5,0,13,0,3,0,1,2,0,0,0,0,33
0,13,0,13,0,0,46,0,0,0,0,0,336,336,16,22010,11,0,585,9,112528,11,0,13,0,2,0,0,2,0,0,0,0,37
0,8,0,20,0,0,33,0,0,0,0,0,336,336,16,10102,5,0,586,9,112578,5,0,13,0,3,0,0,0,0,0,0,0,22
0,12,0,6,0,0,33,0,0,0,0,0,336,336,16,11020,13,0,587,9,112579,13,0,11,0,0,0,1,2,0,0,0,0,51
0,14,0,14,0,0,33,0,0,0,0,0,336,336,16,11002,11,0,588,9,112903,11,0,11,0,1,0,0,0,0,0,0,0,33
0,5,0,5,0,0,40,0,0,0,0,0,336,336,16,220,13,0,589,9,112934,13,0,11,0,0,0,0,2,0,0,0,0,51
0,15,0,8,0,0,66,0,0,0,0,0,336,336,16,12220,13,0,590,9,112968,13,0,11,0,0,0,0,2,0,0,0,0,48
0,18,0,19,0,0,40,0,0,0,0,0,336,336,16,2002,5,0,591,9,112992,5,0,11,0,2,0,0,0,0,0,0,0,25
11,15,11,16,9,13,20,0,1,0,0,0,341,341,16,11100,5,2,592,5,1028,5,1,11,15,2,3,0,2,0,5,2,4,20
4,2,19,1,12,9,86,0,0,1,1,0,341,341,16,12222,16,8,593,5,1032,16,3,15,37,0,1,1,0,1,1,4,0,86
8,8,14,3,8,9,60,0,0,1,1,1,341,341,16,21112,14,5,594,5,1878,14,3,15,28,2,2,1,0,1,3,2,2,60
8,1,28,2,10,7,80,0,0,0,0,0,341,341,16,2222,15,8,595,5,1879,15,5,15,41,1,0,0,0,1,2,1,1,80
5,4,16,18,7,11,20,0,1,0,0,0,341,341,16,11100,5,7,596,5,1880,5,2,16,30,4,1,0,2,0,4,2,1,20
10,3,16,11,15,8,40,0,0,0,0,0,341,341,16,20020,11,6,597,5,1881,11,5,14,37,3,2,1,2,0,0,3,1,40
11,18,6,4,6,27,60,0,0,1,1,0,341,341,16,12211,14,0,598,5,1882,14,1,13,8,0,4,1,1,1,7,1,4,60
10,9,11,5,10,10,53,0,0,0,0,0,341,341,16,21102,13,3,599,5,1970,13,3,16,22,4,2,1,0,0,5,1,3,53
13,14,8,10,9,12,40,0,0,0,0,0,341,341,16,22000,11,1,600,5,101114,11,2,5,16,0,4,0,2,0,3,4,3,40
9,10,13,6,9,18,53,0,0,0,0,0,341,341,16,22101,13,3,601,5,101121,13,2,11,20,0,1,0,1,1,6,1,4,53
7,6,19,17,9,10,20,0,1,0,0,0,341,341,16,11100,5,5,602,5,110144,5,3,11,29,2,1,0,2,0,3,3,2,20
13,16,11,9,6,23,46,0,0,0,0,0,341,341,16,221,11,3,603,5,110145,11,1,5,15,0,3,0,1,0,7,1,2,46
9,5,15,12,14,7,40,0,0,0,0,0,341,341,16,22,11,4,604,5,110147,11,4,11,29,1,2,0,0,0,2,3,2,40
8,12,8,7,7,14,53,0,0,0,0,0,341,341,16,20121,13,4,605,5,110150,13,0,5,19,0,2,0,1,1,4,5,2,53
7,13,11,13,5,20,33,0,0,0,0,0,341,341,16,1012,11,4,606,5,110152,11,0,5,17,0,2,1,0,0,6,2,3,33
7,7,11,14,12,11,26,0,0,0,0,0,341,341,16,120,11,5,607,5,110781,11,4,11,29,1,3,0,2,0,3,1,1,26
12,17,7,8,6,14,46,0,0,0,0,0,341,341,16,12200,13,1,608,5,111035,13,0,5,8,0,5,0,2,0,6,3,2,46
11,11,8,15,9,9,26,0,0,0,0,0,341,341,16,12,5,2,609,5,111678,5,3,11,19,2,4,0,0,0,4,1,3,26
13,14,16,6,19,8,53,0,0,0,0,0,349,349,0,20121,9,5,610,23,101144,9,6,3,39,0,4,0,1,0,2,4,2,76
13,5,16,4,20,9,73,0,0,0,0,0,349,349,0,12122,9,6,611,23,101145,9,8,3,45,0,4,0,0,0,2,2,1,60
14,2,14,11,11,15,26,0,0,0,0,0,349,349,0,20001,3,4,612,23,101146,3,5,8,30,2,6,0,1,0,5,1,2,33
11,11,16,1,22,12,80,0,0,0,0,1,349,349,0,22202,0,7,613,23,101147,0,9,0,49,1,5,0,0,0,1,1,0,83
10,15,29,2,17,16,46,0,0,0,0,0,349,349,0,20201,9,9,614,23,101148,9,4,3,45,0,0,1,1,0,4,3,3,66
20,17,12,13,16,17,26,0,0,0,0,0,349,349,0,10200,5,3,615,23,101149,5,3,3,25,2,6,0,2,0,4,5,2,36
11,9,15,10,15,15,53,0,0,0,0,0,349,349,0,11220,3,4,616,23,101150,3,5,8,33,2,3,0,2,0,5,2,4,40
9,7,19,5,11,8,73,0,0,0,0,0,349,349,0,12221,9,7,617,23,101151,9,6,3,44,0,1,0,1,0,4,1,4,80
19,1,32,7,18,20,46,0,0,0,0,0,349,349,0,122,8,7,618,23,111575,8,4,9,36,2,2,0,0,0,7,1,2,43
14,3,27,3,16,11,66,0,0,0,0,0,349,349,0,1222,9,7,619,23,111730,9,6,9,45,1,1,0,0,0,3,2,4,76
10,4,19,8,17,15,26,0,0,0,0,0,349,349,0,20100,8,4,620,23,112093,8,6,9,36,2,4,0,2,0,3,2,4,36
18,6,10,16,11,24,26,0,0,0,0,0,349,349,0,1020,5,3,621,23,112345,5,2,3,19,3,7,0,2,0,7,2,2,40
11,18,12,15,9,25,26,0,0,0,0,0,349,349,0,20010,5,5,622,23,112444,5,0,5,20,2,3,0,2,0,10,2,3,26
19,12,13,12,13,20,53,0,0,0,0,0,349,349,0,10122,3,4,623,23,112836,3,4,5,29,1,6,0,0,0,4,3,2,40
25,16,6,18,8,22,6,0,0,0,0,0,349,349,9,10000,5,1,624,23,112906,5,1,5,9,3,10,0,2,0,8,3,0,3
18,10,9,17,13,19,46,0,0,0,0,0,349,349,0,2102,5,1,625,23,113157,5,3,8,18,4,6,0,0,0,7,1,5,26
9,8,18,9,9,15,66,0,0,0,0,0,349,349,0,22102,8,8,626,23,113160,8,1,3,34,0,2,0,0,0,5,6,1,53
7,13,6,14,6,18,26,0,0,0,0,0,349,349,0,2010,5,3,627,23,113162,5,1,5,20,2,4,0,2,0,7,4,4,20
0,1,0,2,0,0,100,0,0,0,1,1,350,350,0,22,9,0,628,2,605,9,0,0,0,0,0,1,0,1,0,0,0,100
0,3,0,8,0,0,50,0,0,0,0,0,350,350,0,2,3,0,629,2,607,3,0,0,0,0,0,0,0,1,0,0,0,50
0,7,0,7,0,0,50,0,0,0,0,0,350,350,0,2,3,0,630,2,111674,3,0,0,0,0,0,0,0,1,0,0,0,50
0,12,0,4,0,0,66,0,0,0,1,0,350,350,0,21,8,0,631,2,112096,8,0,0,0,0,0,1,1,1,0,0,0,66
0,5,0,3,0,0,66,0,0,0,1,0,350,350,0,21,9,0,632,2,112139,9,0,0,0,0,0,1,1,1,0,0,0,66
0,2,0,5,0,0,50,0,0,0,0,0,350,350,0,2,8,0,633,2,112387,8,0,0,0,0,0,1,0,0,0,0,0,50
0,8,0,9,0,0,50,0,0,0,0,0,350,350,0,2,3,0,634,2,112389,3,0,0,0,0,0,0,0,1,0,0,0,50
0,9,0,14,0,0,0,0,1,0,0,0,350,350,0,0,5,0,635,2,112390,5,0,0,0,0,0,0,2,0,0,0,0,0
0,10,0,11,0,0,50,0,0,0,0,0,350,350,0,20,5,0,636,2,112391,5,0,0,0,0,0,1,2,0,0,0,0,50
0,6,0,12,0,0,0,0,1,0,0,0,350,350,0,0,5,0,637,2,112392,5,0,0,0,0,0,0,2,0,0,0,0,0
0,4,0,6,0,0,50,0,0,0,0,0,350,350,0,20,3,0,638,2,112393,3,0,0,0,0,0,0,2,1,0,0,0,50
0,13,0,1,0,0,100,0,0,0,1,0,350,350,0,22,0,0,639,2,112990,0,0,0,0,0,0,1,0,1,0,0,0,100
0,11,0,13,0,0,0,0,1,0,0,0,350,350,0,0,5,0,640,2,113057,5,0,0,0,0,0,0,2,0,0,0,0,0
0,14,0,10,0,0,50,0,0,0,0,0,350,350,0,20,5,0,641,2,113219,5,0,0,0,0,0,1,2,0,0,0,0,50
0,2,0,1,0,0,0,0,0,0,0,0,351,351,0,0,0,0,642,0,111393,16,0,11,0,0,0,0,0,0,0,0,0,0
0,7,0,2,0,0,0,0,0,0,0,0,351,351,0,0,0,0,643,0,111395,15,0,15,0,0,0,0,0,0,0,0,0,0
0,8,0,3,0,0,0,0,0,0,0,0,351,351,0,0,0,0,644,0,111396,14,0,11,0,0,0,0,0,0,0,0,0,0
0,1,0,5,0,0,0,0,0,0,0,1,351,351,0,0,0,0,645,0,111397,13,0,16,0,0,0,0,0,0,0,0,0,0
0,10,0,6,0,0,0,0,0,0,0,0,351,351,0,0,0,0,646,0,111398,13,0,11,0,0,0,0,0,0,0,0,0,0
0,3,0,7,0,0,0,0,0,0,0,0,351,351,0,0,0,0,647,0,111399,11,0,14,0,0,0,0,0,0,0,0,0,0
0,4,0,8,0,0,0,0,0,0,0,0,351,351,0,0,0,0,648,0,111400,11,0,16,0,0,0,0,0,0,0,0,0,0
0,9,0,9,0,0,0,0,0,0,0,0,351,351,0,0,0,0,649,0,111766,5,0,11,0,0,0,0,0,0,0,0,0,0
0,6,0,4,0,0,0,0,0,0,0,0,351,351,0,0,0,0,650,0,112224,14,0,16,0,0,0,0,0,0,0,0,0,0
0,5,0,10,0,0,0,0,0,0,0,0,351,351,0,0,0,0,651,0,112427,5,0,13,0,0,0,0,0,0,0,0,0,0
0,4,0,23,0,0,0,0,0,0,0,0,353,353,0,0,0,0,652,0,1013,5,0,9,0,0,0,0,0,0,0,0,0,0
0,1,0,21,0,0,0,0,0,0,0,1,353,353,0,0,0,0,653,0,1876,5,0,0,0,0,0,0,0,0,0,0,0,0
0,2,0,6,0,0,0,0,0,0,0,0,353,353,0,0,0,0,654,0,1877,8,0,0,0,0,0,0,0,0,0,0,0,0
0,9,0,11,0,0,0,0,0,0,0,0,353,353,0,0,0,0,655,0,101083,3,0,9,0,0,0,0,0,0,0,0,0,0
0,17,0,12,0,0,0,0,0,0,0,0,353,353,0,0,0,0,656,0,101084,3,0,3,0,0,0,0,0,0,0,0,0,0
0,5,0,20,0,0,0,0,0,0,0,0,353,353,0,0,0,0,657,0,101085,5,0,9,0,0,0,0,0,0,0,0,0,0
0,19,0,28,0,0,0,0,0,0,0,0,353,353,0,0,0,0,658,0,101088,5,0,3,0,0,0,0,0,0,0,0,0,0
0,3,0,15,0,0,0,0,0,0,0,0,353,353,0,0,0,0,659,0,110093,3,0,8,0,0,0,0,0,0,0,0,0,0
0,21,0,2,0,0,0,0,0,0,0,0,353,353,0,0,0,0,660,0,110394,9,0,5,0,0,0,0,0,0,0,0,0,0
0,7,0,16,0,0,0,0,0,0,0,0,353,353,0,0,0,0,661,0,110395,3,0,8,0,0,0,0,0,0,0,0,0,0
0,11,0,17,0,0,0,0,0,0,0,0,353,353,0,0,0,0,662,0,110396,3,0,8,0,0,0,0,0,0,0,0,0,0
0,20,0,18,0,0,0,0,0,0,0,0,353,353,0,0,0,0,663,0,110398,3,0,3,0,0,0,0,0,0,0,0,0,0
0,12,0,4,0,0,0,0,0,0,0,0,353,353,0,0,0,0,664,0,110404,9,0,8,0,0,0,0,0,0,0,0,0,0
0,25,0,7,0,0,0,0,0,0,0,0,353,353,0,0,0,0,665,0,110405,8,0,5,0,0,0,0,0,0,0,0,0,0
0,22,0,9,0,0,0,0,0,0,0,0,353,353,0,0,0,0,666,0,110406,8,0,8,0,0,0,0,0,0,0,0,0,0
0,8,0,22,0,0,0,0,0,0,0,0,353,353,0,0,0,0,667,0,110580,5,0,8,0,0,0,0,0,0,0,0,0,0
0,26,0,19,0,0,0,0,0,0,0,0,353,353,0,0,0,0,668,0,110581,3,0,5,0,0,0,0,0,0,0,0,0,0
0,23,0,1,0,0,0,0,0,0,0,0,353,353,0,0,0,0,669,0,111019,0,0,5,0,0,0,0,0,0,0,0,0,0
0,13,0,5,0,0,0,0,0,0,0,0,353,353,0,0,0,0,670,0,111022,9,0,3,0,0,0,0,0,0,0,0,0,0
0,16,0,13,0,0,0,0,0,0,0,0,353,353,0,0,0,0,671,0,111706,3,0,3,0,0,0,0,0,0,0,0,0,0
0,14,0,3,0,0,0,0,0,0,0,0,353,353,0,0,0,0,672,0,111708,9,0,3,0,0,0,0,0,0,0,0,0,0
0,15,0,10,0,0,0,0,0,0,0,0,353,353,0,0,0,0,673,0,111710,8,0,8,0,0,0,0,0,0,0,0,0,0
0,6,0,14,0,0,0,0,0,0,0,0,353,353,0,0,0,0,674,0,111711,3,0,3,0,0,0,0,0,0,0,0,0,0
0,27,0,24,0,0,0,0,0,0,0,0,353,353,0,0,0,0,675,0,111713,5,0,5,0,0,0,0,0,0,0,0,0,0
0,10,0,8,0,0,0,0,0,0,0,0,353,353,0,0,0,0,676,0,111715,8,0,5,0,0,0,0,0,0,0,0,0,0
0,24,0,27,0,0,0,0,0,0,0,0,353,353,0,0,0,0,677,0,111716,5,0,3,0,0,0,0,0,0,0,0,0,0
0,18,0,25,0,0,0,0,0,0,0,0,353,353,0,0,0,0,678,0,112670,5,0,3,0,0,0,0,0,0,0,0,0,0
0,28,0,26,0,0,0,0,0,0,0,0,353,353,0,0,0,0,679,0,112904,5,0,3,0,0,0,0,0,0,0,0,0,0
0,2,0,2,0,0,0,0,0,0,0,0,382,382,0,0,0,0,680,0,111592,0,0,0,0,0,0,0,0,0,0,0,0,0
0,2,0,2,0,0,0,0,0,0,0,0,2028,2028,0,0,0,0,681,0,112264,0,0,0,0,0,0,0,0,0,0,0,0,0
0,7,0,6,0,0,66,0,0,0,0,0,2076,2076,6,21202,8,0,682,5,27,8,0,3,0,0,0,0,0,1,0,0,0,66
0,15,0,11,0,0,46,0,0,0,0,0,2076,2076,6,2012,3,0,683,5,172,3,0,3,0,1,0,1,0,0,0,0,0,46
0,19,0,16,0,0,20,0,1,0,0,0,2076,2076,6,10011,5,0,684,5,487,5,0,3,0,2,0,0,1,0,0,0,0,20
0,12,0,7,0,0,66,0,0,0,0,0,20,20,6,22201,3,0,685,5,492,3,0,7,0,3,0,1,1,0,0,0,0,66
0,10,0,12,0,0,33,0,0,0,0,0,2076,2076,6,20011,3,0,686,5,507,3,0,3,0,1,0,0,1,0,0,0,0,33
0,17,0,9,0,0,46,0,0,0,0,0,2076,20,6,12200,3,0,687,5,531,3,0,8,0,2,0,0,2,1,0,0,0,46
0,14,0,5,0,0,66,0,0,0,0,0,20,20,6,2221,8,0,688,5,550,8,0,3,0,0,0,1,1,0,0,0,0,66
0,1,0,15,0,0,26,0,0,0,0,1,20,2076,6,10020,5,0,689,5,1832,5,0,6,0,4,0,1,2,0,0,0,0,26
0,16,0,2,0,0,86,0,0,1,1,0,2076,2076,6,12222,6,0,690,5,10030,6,0,3,0,0,0,1,0,1,0,0,0,86
0,14,0,19,0,0,13,0,1,0,0,0,2076,2076,6,10010,5,0,691,5,100424,5,0,5,0,2,0,0,2,0,0,0,0,13
0,20,0,1,0,0,86,0,0,1,1,0,2076,2076,6,22212,6,0,692,5,110169,6,0,5,0,0,0,1,0,1,0,0,0,86
0,2,0,18,0,0,13,0,1,0,0,0,20,2076,6,11000,5,0,693,5,110197,5,0,7,0,4,0,0,2,0,0,0,0,13
0,13,0,17,0,0,13,0,1,0,0,0,2076,2076,6,10010,5,0,694,5,110482,5,0,8,0,3,0,0,2,0,0,0,0,13
0,4,0,3,0,0,80,0,0,0,0,0,2076,2076,6,2222,7,0,695,5,110588,7,0,6,0,2,0,1,0,0,0,0,0,80
0,18,0,14,0,0,26,0,0,0,0,0,2076,2076,6,210,3,0,696,5,110591,3,0,5,0,0,0,0,2,0,0,0,0,26
0,3,0,20,0,0,13,0,1,0,0,0,2076,2076,6,1010,5,0,697,5,110592,5,0,3,0,3,0,1,2,0,0,0,0,13
0,12,0,10,0,0,46,0,0,0,0,0,2076,2076,6,10022,3,0,698,5,110597,3,0,5,0,0,0,0,0,0,0,0,0,46
0,17,0,4,0,0,73,0,0,1,1,0,2076,2076,6,21221,8,0,699,5,110694,8,0,5,0,0,0,1,1,1,0,0,0,73
0,8,0,13,0,0,26,0,0,0,0,0,2076,2076,6,1002,3,0,700,5,110700,3,0,3,0,1,0,0,0,0,0,0,0,26
0,11,0,8,0,0,53,0,0,0,0,0,2076,2076,6,21201,3,0,701,5,111379,3,0,3,0,1,0,1,1,0,0,0,0,53
204,3,0,7,0,0,0,0,0,0,0,0,2136,2136,0,0,0,0,702,0,112998,0,0,0,1976,0,0,0,0,0,0,0,0,0
190,3,0,8,0,0,0,0,0,0,0,0,2136,2136,0,0,0,0,703,0,112999,0,0,0,1971,0,0,0,0,0,0,0,0,0
191,3,0,4,0,0,0,0,0,0,0,0,2136,2136,0,0,0,0,704,0,113000,0,0,0,2027,0,0,0,0,0,0,0,0,0
192,3,0,14,0,0,0,0,0,0,0,0,2136,2136,0,0,0,0,705,0,113001,0,0,0,1875,0,0,0,0,0,0,0,0,0
193,3,0,5,0,0,0,0,0,0,0,0,2136,2136,0,0,0,0,706,0,113002,0,0,0,2024,0,0,0,0,0,0,0,0,0
194,3,0,3,0,0,0,0,0,0,0,0,2136,2136,0,0,0,0,707,0,113003,0,0,0,2076,0,0,0,0,0,0,0,0,0
195,3,0,2,0,0,0,0,0,0,0,0,2136,2136,0,0,0,0,708,0,113004,0,0,0,2111,0,0,0,0,0,0,0,0,0
196,3,0,18,0,0,0,0,0,0,0,0,2136,2136,0,0,0,0,709,0,113005,0,0,0,1841,0,0,0,0,0,0,0,0,0
197,3,0,11,0,0,0,0,0,0,0,0,2136,2136,0,0,0,0,710,0,113007,0,0,0,1924,0,0,0,0,0,0,0,0,0
198,3,0,9,0,0,0,0,0,0,0,0,2136,2136,0,0,0,0,711,0,113008,0,0,0,1956,0,0,0,0,0,0,0,0,0
199,3,0,1,0,0,0,0,0,0,0,0,2136,2136,0,0,0,0,712,0,113009,0,0,0,2118,0,0,0,0,0,0,0,0,0
200,3,0,26,0,0,0,0,0,0,0,0,2136,2136,0,0,0,0,713,0,113010,0,0,0,1733,0,0,0,0,0,0,0,0,0
201,3,0,12,0,0,0,0,0,0,0,0,2136,2136,0,0,0,0,714,0,113011,0,0,0,1918,0,0,0,0,0,0,0,0,0
202,3,0,13,0,0,0,0,0,0,0,0,2136,2136,0,0,0,0,715,0,113012,0,0,0,1885,0,0,0,0,0,0,0,0,0
207,3,0,20,0,0,0,0,0,0,0,0,2136,2136,0,0,0,0,716,0,113258,0,0,0,1827,0,0,0,0,0,0,0,0,0
198,2,0,2,0,0,0,0,0,0,0,0,111,111,0,0,0,0,743,0,111,0,0,0,0,0,0,0,0,0,0,0,0,0
205,3,0,2,0,0,0,0,0,0,0,0,111,111,0,0,0,0,744,0,112,0,0,0,0,0,0,0,0,0,0,0,0,0
206,3,0,2,0,0,0,0,0,0,0,0,383,383,0,0,0,0,745,0,112428,0,0,0,0,0,0,0,0,0,0,0,0,0
