firstname,surname,managerid,headid,height,hashighqualityhead,gender,suitvariationid,teamid,suittypeid,eyecolorcode,headclasscode,skintonecode,bodytypecode
Ars√®ne,Wenger,89,232298,191,1,0,1,1,0,5,0,2,81
,,86,26542,183,0,0,1,2,2,3,0,3,83
,,557,26540,185,0,0,3,3,0,1,0,4,85
,,553,26541,183,0,0,0,4,2,6,0,2,82
Antonio,Conte,183,1067,178,1,0,1,5,0,2,0,3,82
Ronald,Koeman,96,232303,181,1,0,1,7,0,1,0,3,83
,,1829,26543,180,0,0,0,8,0,7,0,2,81
J√ºrgen,Klopp,414,232302,193,1,0,2,9,2,1,0,2,85
,Pep Guardiola,417,169894,180,1,0,0,10,1,3,0,4,81
,Jos√© Mourinho,121,232425,174,1,0,3,11,0,3,0,3,88
,,176,26539,183,0,0,3,12,0,1,0,3,81
,Rafa Ben√≠tez,450,26544,175,0,0,3,13,0,9,0,4,83
,,370,26538,183,0,0,0,14,0,2,0,3,83
,,151,26538,173,0,0,2,15,0,2,0,3,87
Mauricio,Pellegrino,861,26540,193,0,0,1,17,1,1,0,4,84
Mauricio,Pochettino,67,8885,182,1,0,1,18,0,4,0,1,82
Slaven,Biliƒá,252,183617,189,1,0,1,19,0,1,0,3,85
Carlo,Ancelotti,518,237388,179,1,0,3,21,0,1,0,2,83
,,81,26544,175,0,0,0,22,2,9,0,4,82
,,427,26542,179,0,0,1,23,1,3,0,3,83
,,424,26542,181,0,0,1,25,2,3,0,3,81
Pavel,Dotchev,1327,26539,176,0,0,1,27,2,1,0,3,82
,,422,26539,184,0,0,0,28,1,1,0,3,82
,,807,26543,173,0,0,3,29,2,7,0,2,87
,,411,26537,176,0,0,0,31,2,1,0,3,81
,,1791,26544,188,0,0,3,32,2,9,0,4,84
,,1731,26543,177,0,0,1,34,2,7,0,2,82
,,1574,26541,181,0,0,0,36,1,6,0,2,81
,,1573,26543,178,0,0,2,38,2,7,0,2,81
Gian Piero,Gasperini,452,26542,177,0,0,1,39,0,3,0,3,81
,,793,26538,180,0,0,0,44,0,2,0,3,81
Massimiliano,Allegri,247,26543,183,0,0,1,45,0,7,0,2,82
Simone,Inzaghi,1247,26541,185,0,0,1,46,0,6,0,2,84
Vincenzo,Montella,17,26541,172,0,0,1,47,0,6,0,2,88
,,448,26544,189,0,0,1,48,2,9,0,4,85
,,467,26543,184,0,0,0,50,1,7,0,2,82
,,34,26540,178,0,0,1,52,0,1,0,4,81
,,314,26540,185,0,0,1,54,0,1,0,4,85
Luigi,Delneri,1069,26542,180,0,0,3,55,0,3,0,3,82
,,778,26537,182,0,0,3,57,0,1,0,3,81
,,373,26543,183,0,0,0,59,0,7,0,2,82
,,384,26545,185,0,0,0,62,0,9,0,8,85
,,1364,26544,179,0,0,0,64,2,9,0,4,83
,,382,26539,184,0,0,1,65,2,1,0,3,83
,,1106,26543,172,0,0,2,66,0,7,0,2,88
,,1101,26540,178,0,0,1,68,0,1,0,4,82
,,371,26544,180,0,0,0,69,0,9,0,4,81
,,376,26543,180,0,0,1,70,0,7,0,2,82
,,260,26542,182,0,0,1,71,2,3,0,3,83
,,415,26537,178,0,0,1,72,0,1,0,3,82
,Unai Emery,520,237389,181,1,0,1,73,0,4,0,4,81
,,1397,26537,174,0,0,0,74,0,1,0,3,88
,,405,26537,186,0,0,1,76,0,1,0,3,84
Derek,McInnes,129,26541,170,0,0,0,77,2,6,0,2,88
Brendan,Rodgers,148,26540,170,0,0,3,78,0,1,0,4,88
Jon,Daly,1646,26540,191,0,0,0,80,2,1,0,4,86
Neil,Lennon,131,26539,175,0,0,1,81,2,1,0,3,82
Lee,McCulloch,1154,26543,185,0,0,1,82,2,7,0,2,85
Steve,Robinson,1427,26543,173,0,0,3,83,2,7,0,2,87
,Pedro Caixinha,11,26540,178,0,0,1,86,0,1,0,4,82
,,170,26539,180,0,0,1,88,0,1,0,3,82
,,572,26541,180,0,0,3,89,1,6,0,2,82
,,350,26541,183,0,0,1,91,0,6,0,2,81
,,355,26538,183,0,0,0,92,2,2,0,3,83
,,359,26537,188,0,0,1,94,2,1,0,3,85
Craig,Shakespeare,1727,239229,178,1,0,1,95,2,1,0,3,3
,,362,26540,180,0,0,1,97,2,1,0,4,82
,,566,26538,183,0,0,1,106,2,2,0,3,82
Tony,Pulis,175,174609,173,1,0,1,109,2,4,0,3,88
,,128,26545,188,0,0,1,110,0,9,0,8,85
,,1691,26541,191,0,0,1,121,0,6,0,2,85
,,1306,26541,164,0,0,1,127,2,6,0,2,88
,,1663,26541,178,0,0,3,135,2,6,0,2,82
,,1009,26540,178,0,0,0,142,0,1,0,4,82
,,582,26538,175,0,0,2,143,0,2,0,3,81
,,367,26541,191,0,0,3,144,0,6,0,2,85
,,1643,26541,175,0,0,1,149,2,6,0,2,82
,,144,26540,170,0,0,1,159,0,1,0,4,88
,,1787,26543,180,0,0,0,160,2,7,0,2,83
,,1631,26539,176,0,0,0,165,2,1,0,3,82
,,421,26541,179,0,0,2,166,2,6,0,2,83
,,1858,26543,186,0,0,1,169,2,7,0,2,85
,,1734,26543,180,0,0,0,171,2,7,0,2,82
Claus,Schromm,1807,26541,180,0,0,1,172,2,6,0,2,82
,,1730,26540,178,0,0,1,175,0,1,0,4,81
Neil,McCann,1893,26540,178,0,0,3,180,1,1,0,4,81
Martin,Canning,505,26543,190,0,0,1,184,2,7,0,2,85
Roberto,Donadoni,181,26542,173,0,0,1,189,0,3,0,3,88
,,937,26539,178,0,0,2,190,2,1,0,3,83
Marco,Rose,1890,26539,187,0,0,3,191,2,1,0,3,85
Rolando,Maran,445,26544,183,0,0,0,192,1,9,0,4,83
,,1840,26540,179,0,0,0,199,1,1,0,4,82
Zdenƒõk,Zeman,868,26537,178,0,0,1,200,0,1,0,3,82
,,180,26541,181,0,0,0,205,0,6,0,2,81
Fabio,Pecchia,1311,26541,172,0,0,1,206,0,6,0,2,88
Franco,Foda,664,26540,180,0,0,0,209,1,1,0,4,82
,,386,26537,173,0,0,0,210,2,1,0,3,88
,,1105,26541,175,0,0,1,212,0,6,0,2,81
,,1811,26543,184,0,0,1,217,2,7,0,2,82
,,312,26540,180,0,0,1,219,0,1,0,4,81
,,1084,26543,174,0,0,0,224,2,7,0,2,87
,,881,26538,184,0,0,1,226,2,2,0,3,81
Ren√©,Weiler,118,26543,180,0,0,1,229,2,7,0,2,82
L√°szl√≥,B√∂l√∂ni,928,26542,178,0,0,0,230,2,3,0,3,82
Ivan,Leko,1320,26541,179,0,0,1,231,0,6,0,2,82
,S√° Pinto,858,26541,178,0,0,2,232,0,6,0,2,82
,Rui Vit√≥ria,74,26543,179,0,0,1,234,0,7,0,2,83
,S√©rgio Concei√ß√£oK\,76,26543,176,0,0,0,236,0,7,0,2,82
,Jorge Jesus,321,26537,175,0,0,3,237,0,1,0,3,82
Diego,Simeone,507,5571,177,1,0,0,240,0,6,0,4,81
,Ernesto Valverde,506,26540,169,0,0,3,241,0,1,0,4,87
,Pepe Mel,537,26544,179,0,0,1,242,0,9,0,4,83
Zinedine,Zidane,1113,238399,185,1,0,3,243,0,5,0,3,84
,Natxo Gonz√°lez,1309,26541,172,0,0,1,244,2,6,0,2,88
,,1195,26538,182,0,0,1,245,1,2,0,3,82
,,343,26540,177,0,0,1,246,0,1,0,4,81
,,97,26541,185,0,0,1,247,0,6,0,2,84
Oliver,Glasner,1865,26540,181,0,0,3,252,2,1,0,4,81
Goran,Djuricin,1765,26538,178,0,0,0,254,2,2,0,3,82
Thorsten,Fink,817,26541,181,0,0,0,256,0,6,0,2,82
,Mart√≠,1037,26540,180,0,0,1,260,1,1,0,4,81
Andrea,Stramaccioni,178,26543,183,0,0,1,267,0,7,0,2,81
Alexander,Zorniger,899,26540,182,0,0,1,269,2,1,0,4,82
Peter,S√∏rensen,1339,26538,190,0,0,2,270,1,2,0,3,85
Glen,Riddersholm,58,26539,181,0,0,1,271,0,1,0,3,82
Kent,Nielsen,133,26543,192,0,0,0,272,2,7,0,2,86
,Manolo Jim√©nez,1851,26540,178,0,0,0,278,2,1,0,4,81
Besnik,Hasi,199,26541,177,0,0,1,280,0,6,0,2,82
,,1302,26543,180,0,0,1,294,2,7,0,2,82
K√•re,Ingebrigtsen,497,26542,175,0,0,0,298,2,3,0,3,82
Arne,Erlandsen,1571,26537,180,0,0,3,299,2,1,0,3,82
Ian,Burchnall,1656,26541,178,0,0,1,300,2,6,0,2,82
Keith,Long,599,26539,180,0,0,3,305,2,1,0,3,82
Stephen,Bradley,1391,26540,170,0,0,2,306,2,1,0,4,88
Yuriy,Kalitvintsev,1814,26539,181,0,0,1,312,2,1,0,3,82
Viktor,Gancharenko,273,26541,171,0,0,1,315,1,6,0,2,88
Alf,Westerberg,1876,26539,187,0,0,3,319,0,1,0,3,86
Magnus,Pehrsson,1632,26541,190,0,0,2,320,0,6,0,2,85
Igor,Krulj,1854,26541,177,0,0,2,321,2,6,0,2,81
Carlos,Bernegger,142,26544,180,0,0,1,322,0,9,0,4,82
Igor,Tudor,924,26544,193,0,0,1,325,0,9,0,4,85
Aykut,Kocaman,623,26543,175,0,0,1,326,0,7,0,2,82
≈ûenol,G√ºne≈ü,256,26537,178,0,0,1,327,0,1,0,3,82
,,1090,26538,170,0,0,1,346,2,2,0,3,87
,,586,26538,185,0,0,0,357,2,2,0,3,86
,,1185,26543,180,0,0,0,361,2,7,0,2,83
,,396,26544,187,0,0,0,378,0,9,0,4,84
,,1285,26540,177,0,0,1,379,2,1,0,4,82
,,779,26542,178,0,0,1,383,2,3,0,3,82
RƒÉzvan,Lucescu,1304,26543,179,0,0,0,393,0,7,0,2,81
Ole Gunnar,Solskj√¶r,114,26539,178,0,0,1,417,2,1,0,3,82
Simo,Valakari,1881,26543,178,0,0,0,418,2,7,0,2,82
Marcin,Brosz,898,26541,180,0,0,1,420,1,6,0,2,81
John,Caulfield,600,26539,180,0,0,0,422,0,1,0,3,82
Liam,Buckley,115,26539,173,0,0,2,423,2,1,0,3,89
Rikard,Norling,109,26541,185,0,0,1,433,0,6,0,2,84
Ersun,Yanal,309,26540,178,0,0,3,436,0,1,0,4,82
Kenny,Shiels,1039,26540,178,0,0,1,445,2,1,0,4,82
,Cuco Ziganda,904,26540,185,0,0,1,448,1,1,0,4,84
,Quique Seti√©n,546,26537,183,0,0,1,449,0,1,0,3,81
,Juan Carlos Unzu√©,1798,26541,178,0,0,1,450,1,6,0,2,81
,Quique Flores,830,26540,176,0,0,2,452,0,1,0,4,81
,Eusebio,1045,26543,170,0,0,1,457,0,7,0,2,88
,Paco Herrera,529,26539,178,0,0,3,459,0,1,0,3,82
,Marcelino,524,26543,170,0,0,1,461,0,7,0,2,88
,Luis C√©sar,527,26538,179,0,0,2,462,0,2,0,3,82
Luis,Zubeld√≠a,1066,26543,179,0,0,3,463,2,7,0,2,81
,Mendilibar,957,26540,172,0,0,3,467,0,1,0,4,88
,Manolo M√°rquez,1860,26543,175,0,0,1,472,1,7,0,2,82
,Jagoba Arrasate,927,26539,169,0,0,1,477,1,1,0,3,88
,Diego Mart√≠nez,1413,26543,175,0,0,3,479,2,7,0,2,82
,M√≠chel,1724,26543,174,0,0,1,480,1,7,0,2,87
Eduardo,Berizzo,523,26541,180,0,0,3,481,0,6,0,2,81
,Fran Escrib√°,513,26537,175,0,0,0,483,1,1,0,3,81
,,423,26539,182,0,0,1,485,1,1,0,3,82
Joe,Enochs,1790,26544,183,0,0,3,487,1,9,0,4,82
R√ºdiger,Rehm,1350,26541,184,0,0,2,492,2,6,0,2,82
,,1328,26540,188,0,0,0,503,2,1,0,4,85
,,1905,26541,185,0,0,1,506,2,6,0,2,85
Horst,Steffen,1875,26542,182,0,0,1,507,2,3,0,3,82
,,1553,26543,173,0,0,2,517,2,7,0,2,88
,,1627,26542,181,0,0,1,518,2,3,0,3,82
Benno,M√∂hlmann,1001,26539,178,0,0,0,531,2,1,0,3,83
,,444,26540,190,0,0,3,543,2,1,0,4,84
Peter,Vollmann,1789,26542,175,0,0,3,550,2,3,0,3,82
,,570,26540,173,0,0,0,561,2,1,0,4,88
Gerard,Lyttle,1767,26538,175,0,0,1,563,2,2,0,3,82
,,1666,26542,187,0,0,2,567,2,3,0,3,86
,,1233,26538,178,0,0,1,568,1,2,0,3,82
,,1864,26538,175,0,0,1,570,2,2,0,3,82
,M√≠chel,327,26540,183,0,0,0,573,0,1,0,4,82
,,1806,26539,171,0,0,0,576,2,1,0,3,88
,,1263,26537,186,0,0,0,598,2,1,0,3,85
Ram√≥n,D√≠az,661,26540,173,0,0,1,605,0,1,0,4,88
Jos√© Luis,Sierra,22,26540,181,0,0,0,607,2,1,0,4,82
,,391,26538,182,0,0,0,614,2,2,0,3,82
Jim,McIntyre,503,26543,180,0,0,1,631,2,7,0,2,82
,,818,26540,185,0,0,1,650,0,1,0,4,84
,Jos√© Couceiro,316,26539,175,0,0,3,665,0,1,0,3,83
,,1670,26543,185,0,0,0,666,1,7,0,2,85
Felice,Mazzu,124,26543,183,0,0,0,670,0,7,0,2,82
Albert,Stuivenberg,1674,26540,178,0,0,1,673,2,1,0,4,82
Hein,Vanhaezebrouck,1,26539,189,0,0,0,674,0,1,0,3,86
Jonas,De Roeck,1901,26541,188,0,0,1,680,2,6,0,2,85
Yves,Vanderhaeghe,202,26544,180,0,0,2,682,0,9,0,4,83
,,477,26538,185,0,0,1,687,0,2,0,3,85
,,478,26543,173,0,0,1,688,1,7,0,2,87
,,481,26541,180,0,0,0,689,0,6,0,2,81
,,485,26541,175,0,0,1,691,1,6,0,2,81
,,1060,26540,184,0,0,3,693,2,1,0,4,82
,,1904,26540,183,0,0,3,694,2,1,0,4,81
,,483,26543,173,0,0,0,695,1,7,0,2,88
,,479,26538,185,0,0,3,696,0,2,0,3,85
,,489,26537,180,0,0,1,697,1,1,0,3,83
,,1608,26546,179,0,0,0,698,1,9,0,4,82
Magnus,Haglund,102,26539,185,0,0,0,700,0,1,0,3,85
Jens,Gustafsson,110,26543,182,0,0,2,702,0,7,0,2,83
Alexander,Ax√©n,292,26539,185,0,0,3,705,0,1,0,3,85
Jakob,Michelsen,929,26541,174,0,0,1,708,1,6,0,2,88
√ñzcan,Melkemichel,1713,26543,185,0,0,0,710,1,7,0,2,86
Mikael,Stahre,108,26540,176,0,0,1,711,0,1,0,4,82
Rƒ±za,√áalƒ±mbay,270,26539,172,0,0,0,741,2,1,0,3,89
Paul,Le Guen,1846,26544,186,0,0,1,742,1,9,0,4,84
,Miguel Cardoso,1874,26538,176,0,0,1,744,0,2,0,3,82
St√•le,Solbakken,230,26538,190,0,0,0,819,2,2,0,3,84
Morten,Wieghorst,880,26539,197,0,0,1,820,2,1,0,3,84
Stephen,Kenny,135,26541,175,0,0,0,837,2,6,0,2,82
Harry,Kenny,1265,26537,175,0,0,2,838,2,1,0,3,83
Nenad,Bjelica,154,26543,181,0,0,1,873,0,7,0,2,82
Uli,Forte,145,26543,185,0,0,1,894,0,7,0,2,85
Raphael,Wicky,1834,26543,182,0,0,3,896,2,7,0,2,82
Markus,Babbel,681,26538,191,0,0,1,897,2,2,0,3,85
Giorgio,Contini,683,26538,175,0,0,0,898,1,2,0,3,82
Adi,H√ºtter,36,26538,184,0,0,0,900,0,2,0,3,81
,Toni Ordinas,1389,26538,175,0,0,1,917,2,2,0,3,83
Lars Arne,Nilsen,1053,26540,182,0,0,0,919,2,1,0,4,81
Ronny,Deila,147,26540,188,0,0,0,920,2,1,0,4,85
Tor Ole,Skullerud,253,26540,180,0,0,2,922,0,1,0,4,82
,,671,26546,183,0,0,3,982,2,9,0,4,82
,,668,26546,173,0,0,1,983,0,9,0,4,88
Diego,Aguirre,1241,26539,180,0,0,1,1013,2,1,0,3,83
Roberto,Hern√°ndez,727,26547,171,0,0,2,1028,0,3,0,8,87
Antonio,Mohamed,264,26543,175,0,0,3,1032,0,7,0,2,83
,,1887,26537,178,0,0,0,1035,2,1,0,3,82
,,696,26543,175,0,0,0,1039,2,7,0,2,81
,,1209,26544,175,0,0,0,1053,2,9,0,4,83
Gareth,Southgate,1582,26543,183,0,0,1,1318,1,1,0,2,81
Marcel,Koller,45,26544,173,0,0,1,1322,1,9,0,4,87
,,132,26544,175,0,0,1,1325,0,9,0,4,81
,,635,26540,181,0,0,1,1327,0,1,0,4,82
Karel,Jarol√≠m,1418,26538,174,0,0,0,1330,2,2,0,3,89
√Öge,Hareide,160,26539,180,0,0,1,1331,0,1,0,3,82
,,943,26541,185,0,0,0,1334,2,6,0,2,84
Didier,Deschamps,304,26537,169,0,0,1,1335,0,1,0,3,88
Joachim,L√∂w,47,26543,182,0,0,0,1337,0,7,0,2,81
Michael,Skibbe,111,26541,180,0,0,1,1338,0,6,0,2,81
Heimir,Hallgr√≠msson,1903,26539,177,0,0,1,1341,2,1,0,3,82
,,177,26537,184,0,0,0,1343,0,1,0,3,83
Lars,Lagerb√§ck,1716,26537,180,0,0,1,1352,2,1,0,3,83
,,157,26539,181,0,0,1,1353,0,1,0,3,82
,Fernando Santos,48,26542,180,0,0,1,1354,0,3,0,3,82
Martin,O'Neill,179,26544,178,0,0,1,1355,0,9,0,4,82
Christoph,Daum,1383,26537,180,0,0,1,1356,0,1,0,3,82
Stanislav,Cherchesov,16,26544,183,0,0,0,1357,0,9,0,4,82
Gordon,Strachan,50,26539,168,0,0,1,1359,0,1,0,3,88
,,642,26540,190,0,0,1,1361,0,1,0,4,85
,Julen Lopetegui,693,26541,187,0,0,1,1362,0,6,0,2,85
Jan,Andersson,126,26542,180,0,0,1,1363,0,3,0,3,82
,,643,26537,190,0,0,1,1364,0,1,0,3,85
Mircea,Lucescu,630,26542,177,0,0,1,1365,0,3,0,3,83
Chris,Coleman,51,26543,188,0,0,0,1367,0,7,0,2,84
,,656,26538,165,0,0,3,1369,2,2,0,3,88
,Tite,1198,26542,184,0,0,1,1370,0,3,0,3,82
,,1420,26544,178,0,0,1,1375,1,9,0,4,83
,,646,26537,174,0,0,1,1377,2,1,0,3,88
Juan Carlos,Osorio,6,26537,176,0,0,0,1386,0,1,0,3,81
,,480,26544,183,0,0,2,1387,0,9,0,4,83
,,1179,26542,180,0,0,3,1395,0,3,0,3,82
Marcello,Lippi,1619,26539,182,0,0,3,1413,2,1,0,3,82
Ange,Postecoglou,159,26539,184,0,0,1,1415,0,1,0,3,83
Nanne,Bergstrand,550,26542,182,0,0,0,1439,2,3,0,3,82
Bo,Henriksen,1326,26541,178,0,0,3,1446,1,6,0,2,82
Claus,N√∏rgaard,1689,26538,180,0,0,0,1447,2,2,0,3,82
Dag-Eilev,Fagermo,167,26539,187,0,0,0,1456,0,1,0,3,86
Eirik,Horneland,1598,26540,180,0,0,0,1463,2,1,0,4,81
Eirik,Bakke,1047,26543,188,0,0,1,1465,1,7,0,2,85
,,677,26546,183,0,0,1,1473,0,9,0,4,81
,,1583,26546,185,0,0,3,1474,2,9,0,4,85
,,674,26546,175,0,0,1,1475,0,9,0,4,82
,,669,26546,175,0,0,1,1477,0,9,0,4,82
,,673,26546,171,0,0,1,1478,2,9,0,4,88
,,579,26544,183,0,0,1,1480,0,9,0,4,81
Jess,Thorup,920,26544,190,0,0,0,1516,2,9,0,4,84
,,401,26540,170,0,0,0,1530,2,1,0,4,88
Jerzy,Brzƒôczek,614,26540,174,0,0,0,1569,0,1,0,4,87
Shane,Keegan,1182,26538,179,0,0,0,1571,2,2,0,3,83
Pete,Mahon,1023,26537,180,0,0,2,1572,2,1,0,3,83
Joel,Cedergren,548,26538,188,0,0,0,1596,2,2,0,3,85
,,1577,26543,184,0,0,2,1629,2,7,0,2,82
Marc,Schneider,1861,26541,180,0,0,3,1715,2,6,0,2,82
,,1250,26540,185,0,0,0,1719,1,1,0,4,84
,,1592,26543,165,0,0,1,1738,2,7,0,2,88
Vincenzo,Vivarini,889,26543,175,0,0,1,1746,1,7,0,2,82
Alan,Archibald,63,26540,183,0,0,0,1754,2,1,0,4,82
Trond,Fredriksen,495,26540,182,0,0,3,1755,2,1,0,4,81
Lars,Bohinen,498,26542,185,0,0,1,1757,2,3,0,3,85
Gerald,Baumgartner,250,26540,182,0,0,0,1785,2,1,0,4,82
√ìlafur,Kristj√°nsson,227,26538,183,0,0,1,1786,0,2,0,3,82
Kasper,Hjulmand,66,26541,184,0,0,1,1788,1,6,0,2,82
,,369,26539,178,0,0,2,1790,0,1,0,3,82
,,1796,26541,182,0,0,0,1792,1,6,0,2,82
,,1351,26538,191,0,0,0,1793,1,2,0,3,84
,,587,26539,180,0,0,0,1794,2,1,0,3,83
,Marco Silva,320,178609,180,1,0,1,1795,0,4,0,2,82
Sean,Dyche,174,51404,183,1,0,1,1796,0,6,0,3,82
,,1640,26544,175,0,0,0,1797,1,9,0,4,81
,,907,26540,183,0,0,3,1798,0,1,0,4,81
Frank,de Boer,95,26539,180,0,0,2,1799,0,1,0,3,82
,,568,26539,173,0,0,1,1800,2,1,0,3,88
,,303,26538,170,0,0,1,1801,2,2,0,3,88
,,1685,26540,180,0,0,0,1802,2,1,0,4,82
,,1207,26538,178,0,0,0,1803,2,2,0,3,82
,,136,26539,170,0,0,3,1804,2,1,0,3,89
Mark,Hughes,68,232304,178,1,0,0,1806,0,8,0,3,82
,,885,26544,178,0,0,1,1807,0,9,0,4,82
Chris,Hughton,354,26547,170,0,0,1,1808,2,3,0,8,87
,,390,26544,172,0,0,2,1809,2,9,0,4,89
,,918,26544,177,0,0,0,1813,2,9,0,4,82
,,395,26541,176,0,0,0,1815,1,6,0,2,81
,,1329,26543,176,0,0,0,1816,2,7,0,2,82
,,1107,26543,184,0,0,1,1819,1,7,0,2,83
,,393,26544,171,0,0,1,1823,2,9,0,4,88
,,893,26541,176,0,0,3,1824,0,6,0,2,82
,,1028,26541,188,0,0,1,1825,1,6,0,2,85
,,1363,26540,182,0,0,1,1831,2,1,0,4,81
,,1908,26537,180,0,0,0,1832,0,1,0,3,83
Marco,Giampaolo,873,26540,182,0,0,1,1837,0,1,0,4,81
Massimo,Rastelli,462,26541,174,0,0,1,1842,0,6,0,2,88
,,1838,26538,182,0,0,1,1843,2,2,0,3,83
,,1872,26537,177,0,0,0,1847,2,1,0,3,82
,,1835,26543,190,0,0,3,1848,0,7,0,2,84
,Mu√±iz,913,26540,185,0,0,3,1853,0,1,0,4,84
,Jos√© Manuel Aira,1831,26540,187,0,0,2,1854,1,1,0,4,85
,Jos√© Bordal√°s,528,26540,180,0,0,3,1860,0,1,0,4,82
,Ramis,1737,26540,190,0,0,0,1861,0,1,0,4,84
Fabio,Celestini,1366,26540,183,0,0,2,1862,1,1,0,4,81
,Luis Carri√≥n,1637,26541,176,0,0,3,1867,0,6,0,2,82
Jacek,Magiera,1579,26539,185,0,0,1,1871,1,1,0,3,84
,Kiko Ram√≠rez,1682,26544,180,0,0,1,1873,0,9,0,4,81
Marcelo,Gallardo,757,26543,170,0,0,0,1876,0,7,0,2,88
Guillermo,Barros Schelotto,193,26543,171,0,0,3,1877,0,7,0,2,87
,Paco J√©mez,522,26538,180,0,0,1,1878,0,2,0,3,82
Miguel,Herrera,158,26539,165,0,0,0,1879,0,1,0,3,89
Mat√≠as,Almeyda,763,26541,174,0,0,1,1880,1,6,0,2,88
Francisco,Palencia,1341,26540,173,0,0,3,1881,0,1,0,4,87
Hern√°n,Cristante,1331,26541,181,0,0,0,1882,0,6,0,2,81
Marinos,Ouzounidis,1648,26543,185,0,0,2,1884,0,7,0,2,84
,,926,26537,182,0,0,0,1886,2,1,0,3,82
,Pedro Martins,694,26541,178,0,0,0,1887,1,6,0,2,82
,Domingos Paci√™nciaXv,1769,26540,174,0,0,1,1889,0,1,0,4,88
,Vasco Seabra,1657,26540,186,0,0,0,1892,2,1,0,4,84
,Daniel Ramos,1575,26543,175,0,0,0,1893,2,7,0,2,82
,Abel,1880,26543,178,0,0,2,1896,0,7,0,2,82
,Miguel Leal,691,26543,175,0,0,1,1898,0,7,0,2,81
,Manuel Machado,75,26540,170,0,0,3,1900,0,1,0,4,89
,,1836,26539,188,0,0,1,1902,1,1,0,3,85
,,903,26538,182,0,0,0,1903,0,2,0,3,81
,,800,26541,181,0,0,0,1904,0,6,0,2,82
,,340,26539,191,0,0,1,1906,0,1,0,3,85
,,222,26543,191,0,0,1,1907,0,7,0,2,85
,,969,26540,176,0,0,1,1908,1,1,0,4,82
,,203,26540,181,0,0,2,1909,0,1,0,4,82
,,221,26538,190,0,0,0,1913,0,2,0,3,84
,,198,26540,182,0,0,1,1914,0,1,0,4,82
,,819,26540,184,0,0,0,1915,0,1,0,4,82
,,590,26544,180,0,0,1,1917,2,9,0,4,82
,,552,26543,168,0,0,2,1919,1,7,0,2,88
,,589,26539,178,0,0,0,1920,2,1,0,3,82
,,1118,26541,170,0,0,1,1923,0,6,0,2,87
,,368,26541,185,0,0,1,1924,0,6,0,2,85
,,571,26539,185,0,0,0,1925,0,1,0,3,85
,,351,26543,183,0,0,1,1926,2,7,0,2,82
,,1695,26540,176,0,0,2,1928,2,1,0,4,82
,,123,26541,178,0,0,1,1929,0,6,0,2,81
,,560,26540,175,0,0,1,1930,0,1,0,4,82
,,1171,26543,183,0,0,3,1932,2,7,0,2,82
,,595,26540,178,0,0,1,1933,0,1,0,4,81
,,577,26539,180,0,0,1,1934,1,1,0,3,83
,,1280,26538,180,0,0,1,1935,2,2,0,3,81
,,580,26544,168,0,0,0,1936,0,9,0,4,88
,,1696,26540,183,0,0,2,1937,2,1,0,4,81
,,985,26539,178,0,0,1,1938,2,1,0,3,82
David,Wagner,1042,26540,183,0,0,1,1939,2,1,0,4,82
,,365,26537,170,0,0,1,1940,0,1,0,3,89
Eddie,Howe,353,232297,178,1,0,3,1943,2,2,0,3,81
,,1049,26543,183,0,0,1,1944,1,9,0,2,81
,,1178,26541,175,0,0,1,1945,0,6,0,2,83
,,575,26541,178,0,0,3,1949,1,6,0,2,81
,,1862,26543,182,0,0,1,1951,2,7,0,2,83
,,107,26539,181,0,0,0,1952,2,1,0,3,83
,,592,26537,180,0,0,1,1954,0,1,0,3,82
,,567,26538,183,0,0,0,1955,2,2,0,3,83
Paul,Clement,799,239228,185,1,0,1,1960,1,3,0,2,5
,,1168,26540,175,0,0,1,1961,2,1,0,4,83
,,810,26540,178,0,0,0,1962,2,1,0,4,81
,√Ålvaro Cervera,1369,26539,165,0,0,2,1968,0,1,0,3,87
,Tuca Ferretti,87,26542,173,0,0,1,1970,1,3,0,3,88
,,1346,26538,186,0,0,1,1971,0,2,0,3,84
Peter,Maes,90,26542,188,0,0,0,2007,0,3,0,3,85
,Jordi Condom,1376,26540,178,0,0,0,2013,0,1,0,4,82
,Curro Torres,1859,26541,180,0,0,0,2026,2,6,0,2,81
,,1210,26543,171,0,0,1,2038,0,7,0,2,88
,,1665,26546,179,0,0,3,2055,2,9,0,4,83
,,1804,26544,177,0,0,0,2056,2,9,0,4,82
,,1673,26541,178,0,0,1,10019,2,6,0,2,82
,Pedro Emanuel,697,26543,182,0,0,1,10020,0,7,0,2,81
,,1172,26541,189,0,0,2,10029,2,6,0,2,85
Steffen,Baumgart,1895,26539,178,0,0,2,10030,2,1,0,3,82
,,831,26544,176,0,0,0,10031,2,9,0,4,83
Pierluigi,Tami,682,26544,182,0,0,1,10032,2,9,0,4,82
David,Nielsen,257,26545,183,0,0,0,15001,2,9,0,8,81
Francky,Dury,57,26540,178,0,0,3,15005,0,1,0,4,82
Klaus,Schmidt,1850,26538,178,0,0,0,15009,2,2,0,3,82
,De la Barrera,1857,26541,174,0,0,1,15012,0,6,0,2,87
,,569,26543,175,0,0,1,15015,2,7,0,2,82
,Llu√≠s Carreras,1114,26540,183,0,0,1,15019,0,1,0,4,81
√Ångel,Hoyos,1424,26540,175,0,0,2,15029,2,1,0,4,82
Giannis,Anastasiou,73,26543,185,0,0,1,100081,0,7,0,2,85
Mika,Lehkosuo,1360,26541,181,0,0,1,100325,0,6,0,2,81
,,1664,26543,169,0,0,1,100409,1,7,0,2,88
Stefan,Kr√§mer,1805,26540,175,0,0,0,100424,2,1,0,4,83
,,345,26541,182,0,0,1,100634,0,6,0,2,82
,,1340,26541,180,0,0,0,100646,0,6,0,2,82
,,1800,26544,179,0,0,1,100651,0,9,0,4,82
Yuriy,Semin,274,26537,176,0,0,2,100765,0,1,0,3,81
Vadim,Skripchenko,972,26538,174,0,0,1,100766,2,2,0,3,87
Massimo,Carrera,1557,26540,181,0,0,0,100767,0,1,0,4,82
Roberto,Mancini,449,26543,179,0,0,1,100769,0,7,0,2,82
Tommy,Wright,5,26543,185,0,0,1,100804,0,7,0,2,86
,Julio Vel√°zquez,1299,26540,178,0,0,3,100831,0,1,0,4,81
,Asier Garitano,532,26540,169,0,0,0,100888,2,1,0,4,88
Abdullah,Avci,156,26540,178,0,0,1,101014,0,1,0,4,81
Marius,≈ûumudicƒÉ,1160,26540,179,0,0,0,101020,0,1,0,4,83
√úmit,√ñzat,1143,26543,186,0,0,0,101025,1,7,0,2,86
Tamer,Tuna,1847,26541,172,0,0,2,101026,0,6,0,2,88
Mustafa Re≈üit,Ak√ßay,281,26542,172,0,0,1,101033,2,3,0,3,89
Samet,Aybaba,1055,26544,179,0,0,1,101041,1,9,0,4,82
,,319,26543,188,0,0,3,101059,1,7,0,2,85
Gustavo,Matosas,20,26540,185,0,0,0,101083,0,1,0,4,85
Mariano,Soso,1844,26543,178,0,0,1,101084,2,7,0,2,82
Diego,Cocca,754,26540,174,0,0,0,101085,1,1,0,4,87
,,1585,26542,181,0,0,1,101088,2,3,0,3,82
Hugo,Vilches,701,26540,173,0,0,1,101097,2,1,0,4,88
Hern√°n,Torres,7,26547,186,0,0,0,101099,1,3,0,8,86
Juan Manuel,Lillo D√≠ez,310,26541,170,0,0,2,101100,2,6,0,2,88
Julio,Comesa√±a,1749,26542,175,0,0,2,101101,1,3,0,3,82
H√©ctor,C√°rdenas,217,26540,177,0,0,1,101102,0,1,0,4,81
Juan Jose,Pelaez,1818,26544,170,0,0,1,101103,2,9,0,4,88
Gregorio,P√©rez,1675,26537,178,0,0,0,101104,0,1,0,3,82
Miguel √Ångel,Russo,756,26537,175,0,0,1,101105,2,1,0,3,82
Francisco,Maturana,1808,26547,181,0,0,3,101106,0,3,0,8,82
,,475,26541,178,0,0,1,101112,1,6,0,2,81
Jos√© Guadalupe,Cruz,733,26544,175,0,0,1,101114,0,9,0,4,82
Ignacio,Ambriz,12,26543,177,0,0,1,101121,0,7,0,2,81
,,1230,26546,177,0,0,0,101144,0,9,0,4,82
,,1212,26546,175,0,0,1,101145,2,9,0,4,82
,,1902,26546,174,0,0,2,101146,2,9,0,4,87
,,1803,26546,180,0,0,2,101147,1,9,0,4,82
,,670,26546,173,0,0,1,101148,0,9,0,4,87
,,1782,26546,174,0,0,3,101149,0,9,0,4,88
,,1414,26546,168,0,0,0,101150,0,9,0,4,88
,,1245,26540,180,0,0,0,101151,0,1,0,4,82
,,349,26537,170,0,0,1,105035,0,1,0,3,89
,Pablo Mach√≠n,543,26540,182,0,0,1,110062,1,1,0,4,81
Michael,O'Neill,10,26539,180,0,0,1,110081,0,1,0,3,82
Ariel,Holan,961,26542,180,0,0,0,110093,0,3,0,3,82
Alexey,Poddubskiy,1866,26541,176,0,0,3,110101,2,6,0,2,82
Oleg,Kononov,38,26541,183,0,0,1,110109,0,6,0,2,81
Jos√© Manuel,De la Torre,729,26543,178,0,0,1,110144,0,7,0,2,82
Juan Antonio,Luna,1742,26538,170,0,0,1,110145,2,2,0,3,89
Diego,Alonso,731,26540,188,0,0,2,110147,0,1,0,4,84
Jaime,Lozano,1715,26544,172,0,0,2,110150,0,9,0,4,87
Rafael,Garcia,1820,26541,176,0,0,3,110152,0,6,0,2,81
Uwe,Koschinat,1416,26539,178,0,0,0,110169,2,1,0,3,83
,,1378,26540,174,0,0,1,110178,2,1,0,4,88
Stephan,Schmidt,1870,26540,186,0,0,3,110197,2,1,0,4,85
Kurban,Berdyev,618,26544,178,0,0,1,110227,2,9,0,4,82
Leonid,Kuchuk,267,26537,191,0,0,1,110231,2,1,0,3,85
Gadzhi,Gadzhiev,4,26537,175,0,0,0,110234,2,1,0,3,82
,,255,26544,180,0,0,1,110313,0,9,0,4,82
,,375,26544,182,0,0,0,110316,2,9,0,4,81
,,1752,26538,171,0,0,1,110326,2,2,0,3,88
,,1898,26539,177,0,0,0,110329,1,1,0,3,81
,,1641,26538,174,0,0,2,110373,2,2,0,3,88
Stefano,Pioli,248,26544,183,0,0,1,110374,0,9,0,4,81
Humberto,Grondona,1692,26542,174,0,0,1,110394,2,3,0,3,89
Jorge,Almir√≥n,758,26543,181,0,0,1,110395,1,7,0,2,82
Juan Manuel,Llop,1294,26538,174,0,0,1,110396,2,2,0,3,88
Mario,Sciacqua,805,26539,179,0,0,1,110398,2,1,0,3,82
Julio C√©sar,Falcioni,211,26537,180,0,0,1,110404,0,1,0,3,82
,,1886,26541,175,0,0,0,110405,1,6,0,2,82
Eduardo,Dom√≠nguez,951,26540,185,0,0,1,110406,1,1,0,4,84
,,1222,26540,183,0,0,0,110456,0,1,0,4,82
Rico,Schmitt,1792,26541,184,0,0,3,110482,2,6,0,2,82
,,438,26541,174,0,0,1,110500,2,6,0,2,87
,,1708,26541,182,0,0,1,110502,2,6,0,2,82
Ivan,Juriƒá,874,26543,174,0,0,1,110556,2,7,0,2,87
,,408,26541,177,0,0,0,110569,0,6,0,2,81
,,875,26543,179,0,0,1,110576,2,7,0,2,82
Paolo,Montero,1400,26538,179,0,0,0,110580,1,2,0,3,82
Juan Pablo,Pumpido,1630,26541,180,0,0,1,110581,2,6,0,2,82
Jens,H√§rtel,1892,26541,185,0,0,1,110588,2,6,0,2,85
Mark,Zimmermann,1863,26539,174,0,0,0,110591,2,1,0,3,88
Torsten,Ziegner,1841,26541,175,0,0,0,110592,2,6,0,2,81
Christian,Neidhart,1891,26537,180,0,0,1,110597,2,1,0,3,82
,,1214,26537,181,0,0,0,110636,2,1,0,3,82
Florian,Kohfeldt,1816,26540,185,0,0,2,110694,2,1,0,4,85
Marc,Fascher,1883,26538,174,0,0,0,110700,2,2,0,3,88
,Gerard L√≥pez,1852,26541,182,0,0,3,110704,1,6,0,2,81
,Tevenet,905,26540,178,0,0,1,110714,1,1,0,4,81
Yannick,Ferrera,811,26543,174,0,0,2,110724,0,7,0,2,87
Davide,Nicola,455,26541,177,0,0,0,110734,0,6,0,2,81
,,1827,26540,176,0,0,1,110741,0,1,0,4,82
Ireneusz,Mamrot,1824,26539,175,0,0,0,110745,2,1,0,3,81
Maciej,Skor≈ºa,607,26546,188,0,0,1,110746,0,9,0,4,85
Micha≈Ç,Probierz,23,26544,176,0,0,0,110747,0,9,0,4,82
Piotr,Stokowiec,18,26541,184,0,0,1,110749,0,6,0,2,81
Miodrag,Bo≈æovic,15,26539,196,0,0,1,110756,0,1,0,3,85
,,1654,26546,181,0,0,1,110765,0,9,0,4,82
Paolo,Tramezzani,1669,26540,185,0,0,3,110770,0,1,0,4,85
Javier,Torrente,832,26538,170,0,0,1,110781,1,2,0,3,87
Sergey,Semak,1678,26543,178,0,0,1,110822,2,7,0,2,81
,Anquela,534,26539,178,0,0,3,110827,0,1,0,3,82
,Francisco,1658,26543,174,0,0,3,110831,1,7,0,2,87
,Jos√© Luis Oltra,915,26540,175,0,0,1,110832,0,1,0,4,81
,Rubi,538,26541,170,0,0,1,110839,2,6,0,2,88
,L√≥pez Garai,1842,26540,182,0,0,0,110854,0,1,0,4,81
,,1809,26543,180,0,0,0,110890,2,7,0,2,81
,,1856,26540,182,0,0,0,110911,2,1,0,4,82
Philippe,Clement,1795,26538,191,0,0,1,110913,0,2,0,3,85
,,454,26539,182,0,0,0,110915,0,1,0,3,83
Steve,Komphela,871,26545,184,0,0,3,110929,0,9,0,8,81
Milutin,Sredojeviƒá,1894,26544,170,0,0,0,110930,0,9,0,4,87
Mario,Salas,214,26540,178,0,0,1,110975,2,1,0,4,81
Nicol√°s,C√≥rdova,1103,26543,174,0,0,3,110976,0,7,0,2,87
Mart√≠n,Palermo,1292,26541,188,0,0,2,110977,0,6,0,2,85
,,702,26543,178,0,0,3,110980,1,7,0,2,82
Alfredo,Berti,1896,26543,179,0,0,3,111019,2,7,0,2,82
Sebasti√°n,M√©ndez,1127,26538,177,0,0,0,111022,1,2,0,3,81
Rafael,Puente Del Rio,1819,26543,173,0,0,0,111035,0,7,0,2,87
,,1142,26542,168,0,0,0,111043,2,3,0,3,89
,,1199,26544,170,0,0,0,111044,2,9,0,4,89
,,1801,26540,180,0,0,3,111057,0,1,0,4,82
,,1745,26541,188,0,0,1,111065,0,6,0,2,84
,,632,26537,180,0,0,1,111072,0,1,0,3,83
Leszek,Ojrzy≈Ñski,238,26540,184,0,0,0,111082,0,1,0,4,82
Gino,Lettieri,808,26540,170,0,0,1,111083,1,1,0,4,88
Dariusz,Wdowczyk,19,26542,179,0,0,1,111086,0,3,0,3,82
Piotr,Nowak,1129,26539,168,0,0,1,111091,0,1,0,3,88
Jan,Urban,535,26539,179,0,0,1,111092,0,1,0,3,82
,,21,26537,175,0,0,1,111099,0,1,0,3,81
,,650,26537,186,0,0,0,111108,2,1,0,3,84
,,651,26537,178,0,0,3,111109,0,1,0,3,81
,,634,26543,184,0,0,3,111112,0,7,0,2,83
,,1240,26539,181,0,0,0,111114,0,1,0,3,82
,,653,26544,179,0,0,0,111130,0,9,0,4,81
Ollie,Horgan,1181,26542,178,0,0,1,111131,2,3,0,3,82
,,493,26542,168,0,0,1,111138,1,3,0,3,89
,,965,26540,173,0,0,0,111139,0,1,0,4,88
,,488,26540,175,0,0,1,111140,0,1,0,4,82
,,1417,26539,180,0,0,1,111144,1,1,0,3,82
,,442,26540,190,0,0,3,111235,2,1,0,4,85
,,1638,26539,188,0,0,1,111239,1,1,0,3,85
Alexandr,Tarkhanov,621,26537,178,0,0,1,111264,2,1,0,3,83
Neil,McDonald,804,26539,180,0,0,1,111285,1,1,0,3,83
C√©sar,Vigevani,1822,26543,180,0,0,3,111327,1,7,0,2,82
Germ√°n,Cavalieri,1763,26543,184,0,0,0,111328,2,7,0,2,81
Kemal,√ñzde≈ü,1594,26544,178,0,0,2,111339,2,9,0,4,82
Okan,Buruk,269,26543,170,0,0,1,111340,0,7,0,2,89
Sascha,Hildmann,1869,26539,184,0,0,3,111379,2,1,0,3,82
Marco,Kurz,1100,26543,185,0,0,0,111393,2,7,0,2,84
John,Aloisi,794,26541,184,0,0,3,111395,0,6,0,2,81
Paul,Okon,1563,26543,177,0,0,1,111396,0,7,0,2,82
Kevin,Muscat,196,26538,180,0,0,1,111397,0,2,0,3,82
Ernie,Merrick,32,26539,178,0,0,1,111398,2,1,0,3,82
Kenny,Lowe,322,26538,185,0,0,1,111399,0,2,0,3,84
Graham,Arnold,31,26544,183,0,0,1,111400,0,9,0,4,82
,,460,26537,176,0,0,1,111434,0,1,0,3,82
,,1424,26540,175,0,0,2,111451,2,1,0,4,82
,,1739,26542,181,0,0,2,111455,0,3,0,3,82
Juan Antonio,Pizzi,734,26541,185,0,0,1,111459,0,6,0,2,85
,,657,26543,181,0,0,1,111465,0,7,0,2,82
,,658,26538,181,0,0,1,111466,1,2,0,3,82
,,659,26543,181,0,0,0,111473,1,7,0,2,81
,,1276,26544,187,0,0,3,111487,0,9,0,4,85
Mircea,Rednic,1267,26544,175,0,0,0,111560,0,9,0,4,82
,,1885,26546,177,0,0,3,111575,2,9,0,4,82
,,1929,26537,180,0,0,0,111596,0,1,0,3,83
,,490,26541,180,0,0,2,111651,1,6,0,2,81
,,1336,26543,176,0,0,1,111657,1,7,0,2,81
Sami,Al Jaber,1396,26543,177,0,0,0,111674,1,7,0,2,82
Eduardo,Coudet,765,26541,178,0,0,1,111678,1,6,0,2,81
Mauricio,Larriera,1899,26543,170,0,0,3,111706,1,7,0,2,88
Pablo,Lavall√©n,1087,26543,175,0,0,0,111708,0,7,0,2,81
Nelson,Vivas,1085,26543,166,0,0,0,111710,1,7,0,2,87
Gustavo,Alfaro,772,26539,176,0,0,0,111711,0,1,0,3,82
Nestor,Gorosito,766,26543,177,0,0,0,111713,0,7,0,2,82
,,760,26540,166,0,0,1,111715,2,1,0,4,89
Leonardo,Madel√≥n,773,26542,175,0,0,0,111716,1,3,0,3,82
Jos√© Eugenio,Hern√°ndez,1888,26544,170,0,0,3,111722,2,9,0,4,88
Flabio,Torres,219,26540,183,0,0,1,111723,1,1,0,4,82
,,1626,26546,168,0,0,1,111730,2,9,0,4,88
Darije,Kaleziƒá,846,26540,184,0,0,1,111766,0,1,0,4,81
,,1398,26540,180,0,0,0,111817,2,1,0,4,81
Damir,Buriƒá,1714,26537,182,0,0,0,111821,2,1,0,3,82
Heimo,Pfeifenberger,28,26542,183,0,0,1,111822,2,3,0,3,81
,,1849,26541,180,0,0,2,111928,0,6,0,2,81
Cristian,Bucchi,1356,26538,186,0,0,1,111974,0,2,0,3,84
,,1561,26543,186,0,0,1,111976,2,7,0,2,85
,,1404,26542,176,0,0,0,111993,2,3,0,3,82
Marco,Baroni,886,26541,185,0,0,0,112026,2,6,0,2,85
Jochen,Fallmann,1873,26541,173,0,0,0,112075,1,6,0,2,88
,,1224,26546,177,0,0,1,112093,0,9,0,4,81
Miodrag,Je≈°iƒá,1845,26538,178,0,0,3,112096,0,2,0,3,82
,,61,26546,178,0,0,0,112115,2,9,0,4,82
Gabriel,Milito,752,26541,179,0,0,3,112116,2,6,0,2,82
,,1882,26543,180,0,0,3,112119,2,7,0,2,82
Erkan,S√∂zeri,1848,26544,179,0,0,0,112122,0,9,0,4,82
Jimmy,Thelin,1184,26539,180,0,0,1,112130,0,1,0,3,82
,,492,26539,193,0,0,3,112134,1,1,0,3,85
,Ricardo Gomes,1150,26544,189,0,0,1,112139,2,9,0,4,85
Michael,Jolley,1821,26543,182,0,0,0,112171,1,7,0,2,82
,,443,26541,191,0,0,3,112172,2,6,0,2,85
,,633,26539,180,0,0,1,112190,2,1,0,3,81
Geir,Bakke,500,26538,170,0,0,0,112199,2,2,0,3,89
Igor,Shalimov,1595,26544,182,0,0,0,112218,1,9,0,4,82
Warren,Joyce,1611,26539,175,0,0,1,112224,2,1,0,3,82
,,182,26538,173,0,0,3,112225,0,2,0,3,87
,,1751,26541,178,0,0,0,112254,2,6,0,2,83
,,678,26546,177,0,0,1,112258,1,9,0,4,81
,,598,26543,175,0,0,1,112259,0,7,0,2,81
,,360,26538,185,0,0,1,112260,0,2,0,3,85
,,1930,26537,180,0,0,0,112264,0,1,0,3,83
,,1681,26543,175,0,0,3,112276,0,7,0,2,81
,,1218,26546,173,0,0,1,112345,1,9,0,4,88
Sergiy,Rebrov,619,26539,173,0,0,3,112387,0,1,0,3,87
Vuk,Ra≈°oviƒá,1815,26542,182,0,0,1,112389,0,3,0,3,82
Fathi,Al Jabal,963,26539,178,0,0,0,112390,2,1,0,3,83
Nacif,Beyaoui,741,26543,180,0,0,1,112391,1,7,0,2,82
Taoufik,Rouabah,1810,26544,174,0,0,3,112392,2,9,0,4,88
,Jos√© Gomes,743,26543,180,0,0,1,112393,0,7,0,2,82
,,1826,26541,180,0,0,2,112398,2,6,0,2,81
,,1877,26544,176,0,0,0,112409,1,9,0,4,83
Thomas,Thomasberg,1868,26540,180,0,0,3,112425,2,1,0,4,83
Tony,Popovic,41,26543,193,0,0,0,112427,0,7,0,2,84
,,1781,26546,180,0,0,3,112444,2,9,0,4,81
,,1200,26544,185,0,0,0,112476,2,9,0,4,85
Rados≈Çaw,Mroczkowski,1867,26539,181,0,0,1,112508,0,1,0,3,83
Mariusz,Rumak,138,26543,176,0,0,3,112510,1,7,0,2,82
,,1403,26545,185,0,0,1,112516,0,9,0,8,84
Luis Fernando,Su√°rez,1000,26540,176,0,0,1,112523,1,1,0,4,83
Rub√©n,Bedoya,1897,26543,170,0,0,2,112526,2,7,0,2,88
Diego,Corredor,1260,26540,179,0,0,1,112527,0,1,0,4,82
N√©stor,Craviotto,1889,26540,175,0,0,2,112528,2,1,0,4,82
Jaime,Vera,982,26540,170,0,0,1,112531,2,1,0,4,89
Nicol√°s,Larcam√≥n,1823,26543,175,0,0,1,112533,2,7,0,2,83
Francisco,Boz√°n,709,26538,175,0,0,1,112534,2,2,0,3,82
,,1839,26541,168,0,0,1,112552,1,6,0,2,88
Diego,Uma√±a,1900,26544,174,0,0,3,112578,2,9,0,4,88
Jorge Luis,Bernal,940,26544,165,0,0,0,112579,1,9,0,4,89
Pablo,S√°nchez,289,26540,178,0,0,1,112584,2,1,0,4,82
,,494,26539,173,0,0,2,112606,0,1,0,3,88
Luis,Marcelota,1778,26537,189,0,0,3,112655,2,1,0,3,86
Miguel,Ram√≠rez,993,26543,176,0,0,0,112668,2,7,0,2,82
Frank,Kudelka,1324,26540,176,0,0,1,112670,2,1,0,4,82
Dalcio,Giovagnoli,698,26540,182,0,0,3,112709,2,1,0,4,82
Leonardo,Semplici,1395,26540,185,0,0,1,112791,0,1,0,4,85
,,1044,26545,193,0,0,1,112828,0,9,0,8,85
,,1220,26546,184,0,0,1,112836,0,9,0,4,81
,,313,26539,175,0,0,1,112885,2,1,0,3,83
Hubert,Bodhert,1297,26545,177,0,0,1,112903,2,9,0,8,83
Gustavo,√Ålvarez,1284,26539,178,0,0,0,112904,1,1,0,3,82
,,1879,26540,182,0,0,1,112906,0,1,0,4,82
N√©stor,Otero,1043,26539,170,0,0,0,112934,2,1,0,3,89
B√ºlent,Uygun,1707,26541,175,0,0,3,112958,0,6,0,2,82
John,Bodmer,1720,26543,176,0,0,0,112968,2,7,0,2,82
,Quim Machado,239,26540,180,0,0,1,112990,0,1,0,4,81
Jaime,De la Pava,726,26544,175,0,0,0,112992,1,9,0,4,82
Alen,Stajcic,848,26541,180,0,0,0,112998,1,6,0,2,82
,Emily Lima,1616,26541,166,0,0,1,112999,2,6,0,2,88
,,837,26543,165,0,0,0,113000,1,7,0,2,88
Bruno,Bini,1423,26544,180,0,0,0,113001,0,9,0,4,81
Mark,Sampson,814,26541,177,0,0,1,113002,1,6,0,2,81
,,397,26541,184,0,0,1,113003,0,6,0,2,81
Steffi,Jones,1399,26543,179,0,0,2,113004,2,7,0,2,82
,,854,26539,178,0,0,1,113005,0,1,0,3,82
Martin,Sj√∂gren,1667,26541,184,0,0,1,113007,2,6,0,2,82
,,127,26541,175,0,0,1,113008,2,6,0,2,81
,,855,26542,175,0,0,1,113009,2,3,0,3,82
,,1793,26540,175,0,0,1,113010,0,1,0,4,82
,,1672,26541,168,0,0,1,113011,2,6,0,2,88
,Jorge Vilda,933,26541,177,0,0,1,113012,2,6,0,2,81
Constantin,G√¢lcƒÉ,1088,26540,178,0,0,1,113057,2,1,0,4,81
Safet,Su≈°iƒá,944,26542,174,0,0,1,113142,2,3,0,3,89
,,1774,26544,177,0,0,1,113147,2,9,0,4,82
,,64,26539,177,0,0,1,113157,1,1,0,3,82
,,1232,26543,181,0,0,1,113160,1,7,0,2,81
,,1225,26546,174,0,0,1,113162,0,9,0,4,87
Graham,Potter,1038,26540,185,0,0,1,113173,0,1,0,4,84
Abdulwahab,Al Harbi,1802,26543,180,0,0,0,113219,2,7,0,2,82
,,1719,26541,181,0,0,1,113258,0,6,0,2,81
Ertuƒürul,Saƒülam,286,26541,175,0,0,1,113259,0,6,0,2,82
Kim,Bergstrand,1699,26540,180,0,0,0,113458,2,1,0,4,82
Christian,Michelsen,1623,26539,180,0,0,1,113459,2,1,0,3,82
Dmytro,Parfyonov,1853,26544,170,0,0,3,113704,0,9,0,4,88
Christian,L√∏nstrup,1833,26541,187,0,0,0,113720,2,6,0,2,85
