previousteamid,playerid
89,16
449,28
66011,80
26,164
39,591
135,657
65870,768
5,887
65547,1178
550,1179
1174,1210
29,2147
29,2196
8,2335
899,2492
41,2702
44,3281
150,3484
21,3665
286,4323
65560,4732
929,5213
113,5479
116,5594
7,6826
28,7647
79,7674
65629,7763
327,7826
245,8205
361,8473
62,8631
92,9014
48,9676
72,9833
70,10466
119,10824
1804,10884
46,10899
1917,11381
45,11488
1797,11811
640,12940
65602,13127
54,13732
57,13739
371,14907
65617,16097
276,16177
7,16254
906,17605
680,18115
110456,18122
78,18745
1932,18771
775,19292
58,19410
65597,19521
65660,19541
532,19687
125,19874
65601,20209
241,20289
111339,20551
685,20731
133,20775
243,20801
163,21146
342,22391
91,23823
21,24630
162,27532
137,28178
66238,29118
65641,29552
85,31831
95,32740
126,34079
202,34824
65755,36111
231,39386
496,41233
65742,41734
129,41874
1,44960
146,45083
367,45104
94,45129
154,45186
143,45473
96,45534
1222,45574
110,45595
99,45605
713,45842
97,45874
600,46175
1172,46590
109,46736
655,46857
596,47020
229,47201
1146,47860
299,48717
65950,48722
112,48745
565,48940
654,49000
139,49026
114,49031
230,49045
263,49212
217,49369
130,49370
1530,49472
132,49488
195,49511
280,49589
277,49756
152,49939
86,49966
1576,50294
384,50429
167,50542
170,50598
127,50632
134,50723
66436,50816
226,50955
308,51101
147,51116
141,51123
161,51159
158,51257
422,51261
138,51353
244,51512
157,51513
65726,51730
238,51910
142,52091
65756,52126
180,52270
210,52306
1952,52326
246,52340
148,52474
193,52491
164,52498
423,52679
112134,52752
209,52778
65718,52941
201,53014
204,53027
66376,53073
194,53110
65709,53352
1797,53363
1793,53412
341,53525
324,53578
178,53593
248,53612
1797,53736
91,53739
222,53741
1807,53756
65570,53760
171,53778
172,53818
175,53827
174,53832
176,53842
240,53855
177,53914
191,53998
179,54008
181,54013
65785,54018
184,54033
189,54037
11,54050
285,54051
1825,101317
535,101473
1831,101488
15,101880
200,102056
65797,102064
391,102593
1467,102881
543,104389
256,104442
537,104476
539,104702
561,104737
1873,105533
260,105846
255,105866
211,106231
66391,106874
702,107084
65705,107263
226,107298
225,107305
189,107579
65801,107647
234,108080
212,109852
213,110019
65939,110606
232,110638
296,110677
218,110787
467,110974
65833,111022
438,111085
66417,111125
65765,111163
1951,111328
322,111590
573,111661
972,112244
236,112253
228,112316
259,112362
336,112365
337,112389
521,112542
311,112847
65769,113422
66028,114764
439,115533
34,115888
65942,116762
210,116917
282,117063
1935,118646
242,118662
144,118794
65779,119233
344,120312
287,120415
1632,120533
65900,120718
312,121134
570,121170
254,121185
169,121933
65788,121937
320,121944
10030,121988
65846,122066
65852,122361
348,122574
78,122649
160,122718
68084,122849
65828,123159
262,123576
65853,123597
377,123603
65803,124337
268,124607
273,124635
65808,125103
66012,125167
101020,125397
290,125586
483,125871
66004,125995
66015,126883
111340,126909
325,128529
358,129566
340,131444
15001,132740
1965,133249
490,134734
608,134744
574,134777
485,134779
536,134787
288,134792
347,134820
401,134828
298,134941
1907,134968
346,135032
180,135056
66319,135218
18,135451
101059,135507
100651,135587
507,135742
362,135743
331,135883
359,136070
395,136113
65839,136363
1054,136601
658,136631
66099,137089
247,137109
66159,137163
1790,137166
309,137186
315,137199
566,137262
624,137267
66292,137351
15005,137359
47,137361
335,137373
318,137380
65866,137406
373,137410
199,137419
65861,137449
550,137461
355,137498
65619,137506
409,137510
65864,137658
1831,137661
410,137677
329,137699
567,137708
333,137774
385,137782
1806,137785
436,137786
66504,137809
552,137854
645,137862
573,137960
680,138026
1823,138081
587,138086
376,138110
615,138153
1074,138180
349,138181
1452,138188
590,138247
397,138249
65904,138251
388,138279
398,138289
66229,138291
1971,138351
3111,138355
386,138384
356,138390
389,138412
3,138413
558,138436
66042,138449
1889,138462
51,138468
65936,138497
1807,138698
721,138699
1684,138704
106,138722
432,138729
427,138782
1945,138786
379,138798
372,138806
68433,138810
65956,138918
110374,138956
1896,138981
3250,138984
65914,139057
65916,139058
442,139062
419,139064
326,139068
65980,139169
411,139229
66227,139234
387,139296
593,139313
393,139317
390,139348
428,139350
421,139368
413,139459
1962,139471
581,139475
1919,139476
1473,139482
66232,139489
66416,139533
978,139555
705,139572
501,139597
429,139609
46,139668
708,139701
28,139720
230,139727
407,139829
65944,139860
66108,139862
548,139866
549,139869
65954,140038
206,140082
578,140085
66943,140201
66251,140222
573,140233
694,140244
692,140262
440,140274
650,140293
424,140415
932,140418
562,140420
426,140422
1917,140423
584,140442
66445,140445
597,140451
908,140497
1961,140498
128,140620
660,142266
434,142270
805,142271
67218,142329
10,142359
1861,142454
494,142499
485,142532
65981,142720
65982,142721
453,142754
110394,142762
448,142780
447,142781
455,142784
65985,142800
65986,142808
65994,142818
65987,142822
65988,142938
65992,142942
66000,142950
481,142959
461,142962
65993,142966
65998,142979
65995,143013
65996,143025
66163,143073
66001,143091
65999,143107
66002,143119
636,143121
66009,143133
66006,143200
325,143224
66025,143283
436,143306
66007,143586
472,143587
66010,143589
66053,143598
66164,143601
65612,143644
66014,143655
32,143674
482,143699
484,143742
240,143745
101014,143751
67181,143799
436,143809
876,144010
789,144021
1832,144050
101033,144200
325,144368
66853,144396
1102,144429
206,144511
495,145047
518,145758
498,145903
66033,145996
588,146011
503,146058
505,146111
236,146296
351,146373
66038,146377
504,146439
66056,146458
515,146460
510,146487
542,146530
508,146536
509,146562
519,146637
66047,146701
514,146758
32,146760
463,146947
66260,146952
516,146953
518,146954
626,146963
734,146992
675,146996
66185,147006
529,147042
66059,147156
66410,147251
312,147579
66062,147621
66411,147660
66064,147779
66066,147782
66366,148167
66067,148253
71684,148255
66069,148423
66397,148470
10020,148526
66377,148564
3466,148635
541,148673
302,148684
540,148696
546,148700
610,148705
619,148711
599,148720
1757,148729
300,148732
144,148745
634,148756
866,148803
763,148839
553,149064
39,149147
556,149184
66093,149258
570,149270
110374,149309
807,149571
66276,149572
559,149662
720,149667
563,149721
785,149791
304,149825
611,150035
101144,150106
1582,150278
742,150415
699,150418
62,150477
66807,150496
66674,150516
731,150565
835,150568
759,150590
575,150594
643,150656
110456,150657
127,150724
582,150729
681,150894
312,150995
602,151135
585,151213
3,151225
616,151270
613,151498
1232,151508
7291,151708
66542,151856
820,152031
66127,152038
666,152065
256,152107
2323,152116
34,152181
111239,152211
859,152356
604,152454
77,152456
609,152463
709,152480
1930,152483
66139,152501
605,152505
612,152514
617,152536
101014,152554
74,152567
657,152603
1583,152620
1584,152621
247,152690
625,152723
690,152724
241,152729
670,152735
630,152741
621,152747
1629,152814
66156,152828
644,152870
662,152875
346,152880
66209,152883
66520,152887
639,152908
66350,152910
66173,152914
631,152916
1843,152922
822,152991
66169,152993
452,152996
703,152999
66398,153004
1961,153048
66178,153061
66426,153066
10,153079
851,153100
131072,153160
1860,153164
754,153177
695,153244
770,153260
706,153296
226,153297
1208,153298
111264,154216
1282,154472
717,154634
112510,154725
312,154950
110822,154954
736,155041
66618,155264
65763,155266
65659,155277
665,155334
4,155355
66199,155517
144,155524
683,155533
664,155541
774,155551
1051,155625
667,155742
994,155757
243,155862
1937,155871
722,155885
89,155886
111651,155887
986,155897
422,155901
66271,155931
1952,155946
9,155976
144,155979
111592,155989
81,155998
66880,156017
66910,156025
684,156164
701,156165
70361,156227
1961,156253
1587,156256
91,156299
1470,156313
813,156321
66356,156368
697,156373
803,156375
66261,156423
798,156432
738,156433
719,156434
166,156443
773,156453
89,156464
743,156473
68442,156478
66259,156483
110147,156519
728,156542
707,156616
66262,156650
4,156655
710,156681
712,156683
441,156698
806,156704
67983,156713
1960,156894
67525,156903
94,156975
66298,156988
110147,157018
66269,157031
816,157128
782,157168
916,157190
66289,157219
66355,157270
769,157293
931,157300
242,157301
744,157304
1915,157305
13,157310
796,157392
423,157407
343,157412
800,157479
1064,157481
787,157482
66367,157503
1094,157515
1832,157528
66312,157546
2002,157581
66282,157617
864,157665
919,157678
420,157698
784,157703
65967,157707
175,157716
1917,157804
110326,157888
752,157947
66837,157960
66304,158088
66315,158089
59,158121
66615,158132
28,158138
209,158167
958,158196
144,158228
2105,158232
794,158370
1336,158372
674,158375
74,158438
1499,158444
66036,158525
66314,158540
837,158543
799,158625
1808,158626
110329,158664
981,158667
992,158676
850,158716
66346,158738
110329,158777
66328,158784
66378,158788
112199,158795
1908,158800
67068,158810
67039,158849
2494,158856
927,158867
1837,158887
20,158902
10029,158905
67067,158912
110178,158937
46,158963
66570,158969
873,159017
795,159028
809,159040
3085,159047
82,159080
1121,159145
66503,159168
801,159171
815,159172
1023,159175
1162,159202
1848,159233
31,159240
1795,159255
9,159261
192,159265
2028,159278
66347,159284
856,159287
66361,159436
937,159490
66577,159520
818,159566
902,159577
1790,159578
66389,159579
66362,159581
66669,159591
1453,159599
887,160292
1945,160293
66865,160295
67200,160309
839,160310
1824,160741
59,160766
69627,160770
1081,161215
68091,161644
378,161646
72,161648
110152,161667
66393,161700
1955,161776
66381,161804
1795,161805
844,161832
747,161844
1368,161921
66408,161938
1943,161943
846,161956
66699,162025
854,162047
1786,162052
14,162053
1792,162054
873,162056
66418,162072
67239,162123
1280,162128
1286,162131
66694,162144
66459,162174
926,162198
236,162220
66466,162226
144,162240
1044,162265
66498,162280
54,162297
865,162314
66420,162315
1137,162328
2454,162329
69,162347
2899,162369
67371,162388
299,162397
66425,162411
65800,162508
66602,162776
66635,162780
1651,162814
15005,162821
55,162835
112122,162875
894,162886
66521,162890
903,162891
241,162895
892,162899
66537,162900
1926,162901
895,162911
95,162926
1036,162932
891,162951
67771,162952
893,162979
934,162980
911,162981
954,162993
852,163049
8,163050
1013,163056
17,163083
69208,163116
272,163135
914,163143
910,163155
1800,163156
1928,163158
43,163186
184,163201
997,163209
1752,163212
915,163254
996,163261
1796,163264
69799,163297
936,163303
917,163340
953,163342
918,163351
933,163356
1273,163369
230,163370
1945,163396
1837,163402
66460,163405
1262,163407
106,163418
1120,163429
940,163445
39,163489
965,163490
1337,163492
944,163530
1003,163570
935,163571
943,163578
942,163581
995,163582
67496,163584
95,163587
1792,163600
1025,163619
1938,163621
979,163625
949,163631
1008,163665
896,163670
109,163699
1799,163705
1823,163713
950,163731
973,163754
110890,163757
1952,163761
1024,163762
1077,163766
1955,163768
987,163774
1823,163791
1007,163804
1421,163810
1960,163824
1961,163828
66499,163848
66546,163852
208,163865
66663,163908
111393,163985
1057,164029
969,164079
1059,164082
240,164169
73,164240
66619,164339
975,164417
1540,164459
976,164462
1045,164464
1926,164465
1061,164467
1075,164468
1516,164484
993,164491
12,164505
694,164529
383,164542
66524,164559
66548,164561
66879,164568
990,164571
696,164581
67031,164610
66996,164618
66726,164626
1089,164633
66649,164637
2072,164645
1155,164766
1294,164769
86,164773
1,164835
66831,164839
1419,164853
1951,164854
1014,164855
165,164858
1,164859
67150,164954
16,164985
66660,164986
22,164994
66583,165001
243,165153
66946,165169
169,165174
1251,165185
1806,165191
1952,165219
1935,165226
217,165229
71,165232
10,165239
1988,165240
1738,165243
2372,165269
1027,165316
1037,165321
72,165434
1028,165449
1887,165458
1954,165485
192,165490
111715,165493
110580,165494
1013,165496
1049,165501
1955,165502
66576,165505
1068,165509
461,165517
47,165526
1050,165531
1107,165536
110580,165561
269,165564
65732,165724
1046,165736
1118,165738
67041,165748
1882,165784
66641,165787
1109,165788
1052,165867
1053,165880
1814,165888
1055,165889
1056,165894
2406,165903
1139,166072
467,166074
1123,166080
436,166097
1592,166113
1945,166117
112171,166451
1129,166664
2890,166706
2294,166708
100766,166710
1073,166713
100766,166744
100769,166750
1930,166841
1792,166844
66614,166847
281,166848
66612,166853
1092,166855
1176,166862
1197,166919
66702,166928
66948,166940
1279,167111
4889,167180
1852,167308
110144,167329
66670,167397
32,167431
110396,167435
110502,167437
67080,167452
34,167495
1906,167497
1192,167512
1517,167514
1098,167519
1880,167520
101114,167524
110147,167529
1296,167532
67953,167549
110234,167563
100766,167564
67082,167599
110227,167603
69,167628
2257,167661
45,167664
66843,167665
44,167666
1223,167669
15,167694
306,167697
3,167705
1353,167706
12,167797
325,167812
1951,167841
1085,167905
1209,167926
89,167931
1153,167936
1585,167943
66,167948
66676,167967
1142,168293
47,168312
2912,168317
66709,168326
1843,168354
1132,168379
73,168435
100767,168444
1149,168542
66671,168561
1526,168565
67089,168567
65951,168580
1354,168585
66784,168590
1315,168607
1476,168609
665,168621
1159,168630
1681,168650
241,168651
2512,168732
1581,168799
65610,168882
2950,168888
1264,168930
70737,168950
71,168965
65881,168984
1186,169069
1919,169078
1198,169100
97,169112
897,169113
1263,169115
1221,169150
245,169181
563,169191
67198,169198
67436,169210
78,169214
1837,169216
19,169243
110556,169281
10029,169317
110150,169321
209,169343
111239,169345
66107,169366
66928,169386
66939,169387
1804,169389
1184,169391
550,169404
1,169416
12,169426
111766,169447
1952,169458
33,169461
15,169464
1515,169474
1926,169481
1255,169483
1930,169489
91,169493
86,169498
2076,169538
361,169539
66731,169568
1939,169575
1939,169578
1199,169586
11,169588
1762,169590
1241,169591
1203,169593
112172,169595
1806,169596
95,169600
1204,169607
1205,169609
1206,169619
1212,169623
422,169631
1867,169644
1239,169645
1234,169648
19,169697
1218,169701
11,169705
1960,169706
5,169708
106,169710
1797,169713
1225,169721
17,169792
1929,169793
1240,169805
1328,169808
66842,169815
1961,169843
1229,169907
1940,169909
1928,169912
1930,169919
1250,169933
166,169978
89,170008
35,170027
91,170039
1383,170056
149,170072
1919,170078
1798,170082
110,170084
1330,170095
66858,170110
1320,170114
166,170159
1795,170163
1930,170164
92,170183
1949,170213
1935,170229
66802,170231
143,170252
1254,170286
1276,170290
1919,170305
54,170320
1305,170342
1341,170353
1985,170355
32,170368
697,170369
483,170370
94,170472
100769,170481
1290,170514
1648,170565
1278,170569
2,170570
67020,170589
159,170592
101106,170594
650,170597
1715,170660
1256,170733
22,170797
1338,170815
1804,170818
110724,170830
1386,170879
73,170890
66827,170915
66013,170923
1281,170941
1289,170988
65647,170991
1867,171017
111592,171019
1516,171033
1292,171077
2007,171082
111396,171083
66862,171087
1302,171097
1364,171189
66834,171315
1754,171320
1437,171321
67116,171364
66952,171369
1879,171378
1348,171579
110749,171601
94,171620
1304,171688
1717,171723
1867,171774
1491,171791
1323,171816
1321,171828
66867,171830
28,171831
5,171833
44,171875
190,171877
101114,171896
247,171897
169,171900
1402,171919
1928,171923
86,171954
97,171970
81,171971
1432,171972
66940,171975
1382,171984
66906,171986
1854,171992
110827,171995
1405,172013
298,172041
1362,172049
67366,172063
1369,172068
1335,172077
110144,172094
112992,172112
111711,172113
66897,172114
1080,172141
1363,172149
1486,172175
1924,172177
3,172179
67155,172195
17,172203
68601,172207
6104,172232
190,172233
448,172285
34,172316
66901,172317
1564,172322
112260,172398
111651,172423
8,172425
66891,172470
2752,172475
1595,172517
271,172520
673,172529
169,172553
110913,172555
272,172568
66923,172620
1373,172630
67157,172649
66932,172684
67026,172685
39,172696
1943,172723
67192,172756
1604,172768
1380,172780
1798,172823
44,172835
1620,172851
14,172862
18,172871
241,172879
3103,172882
1919,172904
1928,172928
1384,172937
106,172939
1389,172952
1760,172953
1409,172960
1917,172962
266,172966
1516,173030
379,173033
1471,173040
1884,173097
1837,173146
1394,173147
112225,173160
66934,173162
50,173165
1613,173179
1842,173198
1399,173204
1400,173208
1401,173211
1615,173221
1695,173228
1661,173305
1447,173306
1406,173325
67222,173326
67381,173337
67370,173338
1417,173349
1496,173370
1837,173373
88,173401
110178,173415
9,173426
52,173432
1704,173434
1423,173436
101112,173444
1877,173450
254,173467
1422,173470
2063,173474
1433,173518
110227,173521
1952,173530
11,173531
1925,173533
112254,173538
19,173546
13,173608
89,173614
1711,173660
1444,173666
1474,173667
1798,173671
1793,173673
1663,173695
111399,173703
18,173731
1920,173734
2,173735
14,173752
22,173771
1594,173785
1938,173815
1930,173834
67094,173857
1919,173859
361,173891
3,173895
1951,173899
1799,173909
66421,174206
573,174379
111065,174382
241,174543
68049,174549
1873,174669
110746,174670
65953,174732
6342,175092
66662,175141
46,175254
821,175313
110,175314
467,175379
4192,175462
68959,175589
1795,175603
569,175608
1590,175613
2291,175671
67466,175688
2926,175789
742,175818
1838,175847
111592,175893
1871,175895
110556,175897
95,175932
15005,175934
922,175941
247,175943
1485,175990
1518,175996
1489,176003
100081,176007
1795,176009
67099,176019
2085,176023
1597,176031
867,176038
365,176048
1970,176061
1497,176062
1759,176071
67044,176075
36,176094
69687,176103
1065,176104
231,176137
110724,176154
1771,176209
111092,176210
67336,176211
696,176226
111651,176237
67303,176240
9,176266
100767,176270
1516,176285
1514,176301
1477,176345
67057,176348
3134,176357
1555,176376
1706,176377
1598,176383
86,176384
983,176389
67758,176403
983,176406
1797,176442
485,176481
2515,176509
67063,176540
67074,176545
72,176550
224,176568
19,176571
2189,176572
65572,176575
9,176580
153,176592
481,176600
110980,176608
1053,176618
67489,176619
67476,176628
1559,176631
243,176635
243,176676
919,176680
1570,176687
459,176693
1547,176731
67107,176732
1898,176733
234,176769
74,176794
1796,176841
112387,176894
68382,176900
65640,176903
2094,176915
110396,176919
110396,176920
67305,176924
67137,176928
450,176930
1920,176941
78,176942
1782,176944
2842,176949
241,176993
1738,176994
1893,177003
299,177017
897,177019
1572,177049
1859,177055
67109,177083
67111,177099
100409,177100
1624,177107
5389,177126
1825,177129
67438,177138
483,177149
1650,177159
2399,177160
4285,177278
2260,177279
350,177280
1606,177285
112276,177292
68335,177294
111715,177299
1934,177313
1649,177326
2038,177340
65548,177353
11,177358
1600,177363
1636,177373
219,177388
1618,177389
1657,177404
111592,177413
1623,177414
1603,177442
32,177458
1804,177461
1720,177473
23,177475
67143,177479
1670,177481
3,177495
21,177509
100767,177519
36,177520
165,177521
1626,177522
1617,177525
67195,177528
280,177533
69204,177549
67730,177553
1882,177568
1678,177569
156,177571
38,177578
1637,177597
2025,177598
448,177600
1675,177604
110827,177605
21,177610
244,177633
452,177644
36,177666
2366,177668
112225,177672
694,177673
896,177683
2554,177690
1642,177692
1819,177712
242,177723
67442,177741
112259,177747
1823,177761
110326,177762
1808,177766
65656,177782
112218,177790
2154,177799
67189,177805
67221,177875
1707,177877
1654,177895
110502,177896
67208,177906
67204,177914
110915,177915
1733,177922
1794,177934
189,177935
67196,177957
67234,177959
67250,177960
67299,177969
2357,177971
67201,177974
3425,177983
101033,177996
325,178022
1820,178023
111340,178029
2089,178031
110502,178032
67236,178042
199,178043
674,178051
1730,178085
449,178086
5,178088
1710,178090
1795,178091
462,178108
2241,178111
251,178115
50,178117
1793,178152
1745,178160
67277,178171
1903,178187
18,178213
1804,178218
19,178224
873,178233
101025,178237
452,178250
111339,178255
1847,178264
101112,178284
1939,178287
1701,178310
1837,178311
67248,178312
1718,178313
1903,178319
67485,178321
1780,178322
112122,178323
67432,178372
67302,178379
696,178392
206,178393
2070,178415
522,178417
67257,178418
237,178424
68651,178425
1447,178461
570,178470
67694,178475
1998,178479
143,178485
1791,178487
68768,178490
70,178509
8,178513
1842,178518
1914,178556
44,178562
111715,178565
1877,178566
1806,178567
67272,178578
1793,178584
112224,178589
2544,178590
436,178600
21,178603
1995,178616
1480,178626
1795,178628
518,178684
112259,178713
3217,178746
240,178750
111083,179051
1796,179516
67450,179527
1569,179537
5,179546
106,179547
256,179551
900,179560
1792,179574
527,179592
234,179605
2491,179613
112254,179616
1954,179636
326,179645
269,179646
67312,179652
3450,179660
110,179663
1817,179665
2420,179668
112508,179677
112134,179685
67855,179686
67886,179692
1878,179696
2096,179698
694,179703
67995,179710
29,179712
101149,179742
1796,179746
95,179757
66303,179778
1824,179783
210,179789
101114,179800
67618,179802
110144,179808
3969,179811
48,179813
1832,179820
111285,179831
650,179842
5,179844
45,179846
52,179847
2255,179855
2209,179856
1929,179860
3037,179875
67581,179891
1843,179896
112218,179897
272,179899
111397,179903
67748,179909
2458,179930
1815,179931
73,179944
21,179954
67396,179956
1715,179971
111339,179972
1843,179973
1831,180174
52,180206
22,180216
110150,180250
78,180283
982,180284
2978,180293
327,180334
110724,180339
1936,180352
242,180359
5,180403
69257,180409
110636,180433
420,180440
1899,180635
2992,180679
70715,180685
1926,180706
689,180708
1039,180714
112427,180717
67367,180729
67369,180740
66683,180746
67416,180749
67876,180759
67869,180789
14,180818
17,180819
68060,180826
306,180894
1924,180903
52,180930
101112,181001
1865,181013
111398,181015
1846,181098
68506,181106
67397,181113
65611,181120
550,181149
267,181175
36,181205
869,181247
100767,181262
1914,181281
13,181291
269,181298
708,181307
1842,181318
1862,181343
1863,181349
67981,181371
2177,181377
77,181379
319,181383
23,181384
312,181402
66297,181404
670,181436
1908,181445
112276,181452
2,181455
72,181456
112259,181457
34,181458
1944,181459
670,181460
67443,181462
112427,181468
111393,181477
67360,181479
1799,181483
68021,181499
1925,181521
112276,181558
217,181559
66,181560
829,181681
68,181694
1813,181698
670,181721
1944,181725
100409,181780
6673,181783
100765,181786
110231,181795
5190,181816
44,181820
21,181872
1916,181879
67738,181910
1028,181917
1982,182001
242,182002
110745,182053
111766,182091
71585,182103
69108,182112
101014,182133
169,182152
1473,182154
423,182156
44,182168
1837,182178
1947,182179
89,182184
1934,182185
1919,182206
1808,182207
97,182209
561,182331
111592,182343
36,182435
112427,182442
240,182493
46,182494
17,182495
21,182521
110930,182528
1951,182617
2408,182621
237,182629
744,182632
503,182677
1972,182681
112259,182688
2210,182689
1944,182691
1807,182694
1930,182695
353,182713
1943,182728
236,182736
36,182743
90,182744
143,182748
88,182761
1996,182818
9,182836
1950,182860
5872,182862
110093,182864
111592,182879
68966,182882
1919,182883
19,182888
237,182896
231,182897
920,182909
2365,182941
2062,182944
111396,183025
66,183068
159,183070
1754,183108
1875,183122
1795,183125
2,183129
2,183130
346,183140
110832,183141
1945,183142
1973,183145
67546,183147
873,183151
896,183187
67545,183188
34,183220
1847,183228
112427,183244
111043,183245
59,183256
67789,183272
65,183277
219,183280
68402,183284
73,183285
1819,183287
2216,183288
67932,183315
38,183332
320,183339
172,183342
169,183346
127,183347
68153,183353
2110,183356
379,183361
69,183365
280,183376
1755,183377
68,183382
2223,183385
74,183389
71,183391
674,183392
13,183394
1819,183395
29,183407
2157,183414
2193,183422
112259,183425
247,183426
10,183427
110,183442
1933,183449
379,183453
206,183454
1920,183460
106,183465
306,183466
1755,183475
1923,183477
1798,183480
144,183483
2049,183490
819,183491
1884,183497
2161,183498
73,183512
10029,183513
1896,183518
113259,183519
479,183520
111399,183524
100888,183526
110890,183530
1799,183540
1937,183544
1802,183545
1795,183546
110313,183549
22,183556
550,183565
1913,183567
2090,183568
34,183569
110500,183573
175,183574
2057,183578
25,183580
110144,183581
111434,183591
742,183593
100424,183596
1832,183597
110502,183606
2644,183632
110636,183640
1571,183641
256,183645
209,183646
5453,183654
2689,183665
280,183666
111974,183671
86,183706
9,183711
160,183714
10020,183722
2478,183736
112224,183741
279,183765
573,183766
1755,183768
1792,183774
6127,183778
127,183780
1908,183781
1794,183789
110,183795
1823,183797
2295,183815
1825,183819
232,183820
68008,183823
1786,183847
260,183853
45,183855
2103,183870
2123,183871
418,183873
1596,183885
1876,183892
2095,183893
68001,183894
67704,183895
73,183898
1035,183899
31,183900
21,183907
10029,183909
72,183916
2115,183921
110741,183924
68054,183925
1893,183926
73,183937
13,183940
433,183945
69177,183955
110316,183965
110374,183966
212,183973
1809,183975
2127,183982
1824,183987
708,183993
920,184010
236,184031
9,184037
650,184040
112828,184065
2374,184069
217,184082
378,184083
294,184084
2184,184085
18,184087
110832,184089
1799,184111
111339,184133
325,184134
1893,184139
820,184143
240,184144
62,184154
232,184167
670,184183
1806,184200
319,184218
112828,184220
271,184222
920,184229
1907,184242
111708,184254
245,184255
897,184261
236,184267
127,184269
65,184271
1825,184273
1926,184274
1945,184282
2188,184285
89,184288
267,184312
2162,184320
68057,184328
206,184331
8,184338
2498,184339
67999,184341
47,184344
1480,184352
48,184392
110150,184397
15019,184417
67772,184422
111651,184431
5,184432
1939,184436
14,184456
896,184457
1944,184466
1934,184467
3,184471
2448,184472
110313,184473
32,184477
1793,184480
325,184482
1960,184484
1960,184501
2203,184502
1793,184515
327,184518
112398,184527
68055,184543
974,184549
219,184575
4,184585
110915,184587
2480,184599
2667,184606
650,184614
1807,184624
101085,184626
1949,184630
247,184635
111140,184643
112606,184664
66353,184703
2453,184706
1807,184707
1940,184714
9,184716
91,184747
13,184749
2248,184750
2370,184753
232,184763
689,184768
1881,184777
294,184781
4088,184789
69978,184816
1480,184836
378,184873
922,184878
325,184881
110770,184895
2407,184901
68652,184927
110569,184935
241,184941
100769,184942
568,184944
325,184949
306,184980
110580,184982
463,184988
1867,184990
1871,185010
48,185020
2927,185061
2354,185064
1871,185072
479,185073
69360,185089
694,185090
2318,185103
113173,185119
1837,185120
191,185122
448,185132
110373,185144
54,185163
2269,185165
111397,185170
1971,185171
45,185172
47,185174
2875,185221
22,185239
66997,185249
112224,185256
67878,185270
319,185316
2007,185349
2801,185394
1952,185405
1943,185422
417,185427
873,185438
111592,186101
1940,186103
14,186116
15,186117
2782,186122
1794,186126
1924,186127
2,186130
95,186132
1952,186135
305,186136
11,186139
1961,186140
1793,186143
1,186146
95,186148
1944,186152
1,186153
1920,186154
8,186156
1,186158
92,186172
1806,186190
1945,186198
9,186200
1792,186238
136,186253
110329,186267
110502,186274
751,186296
67836,186302
1880,186307
47,186345
66,186347
1960,186351
2430,186361
1939,186385
175,186392
13,186395
34,186405
27,186415
1799,186422
12,186450
13,186452
1915,186453
246,186456
81,186494
1908,186503
300,186507
112199,186508
110062,186511
110832,186519
12,186521
3327,186524
67875,186531
70575,186533
112606,186536
12,186537
66022,186539
47,186547
110147,186551
112260,186558
1939,186559
1961,186561
82,186562
1919,186565
36,186569
1954,186572
68494,186581
39,186589
1962,186590
3,186595
1837,186598
72,186627
2344,186645
67894,186646
111592,186648
66449,186650
112828,186666
2830,186672
956,186674
459,186681
472,186682
28,186687
100888,186695
67889,186715
1807,186721
1934,186722
66527,186725
67967,186745
1889,186748
1926,186751
525,186756
68489,186761
254,186769
113147,186776
12,186783
110197,186788
229,186801
1960,186805
812,186812
2562,186823
1795,186832
77,186839
127,186849
68296,186869
78,186876
67029,186890
1796,186905
67911,186912
68038,186939
38,186941
10,186942
39,186961
1909,186982
1879,186990
1881,186993
110147,186998
1880,186999
614,187004
110144,187013
361,187028
111398,187029
1793,187033
110724,187038
74,187042
78,187043
378,187047
674,187051
74,187052
23,187072
68737,187075
94,187077
110144,187083
3038,187084
101121,187093
702,187113
110227,187132
110765,187144
106,187150
1949,187154
2981,187171
68525,187176
2345,187206
1473,187279
1879,187296
1028,187298
219,187324
110745,187335
10029,187339
1806,187347
1028,187350
67954,187366
67959,187415
110231,187457
2436,187478
106,187489
312,187491
3082,187492
312,187533
110101,187589
66,187598
110231,187601
100766,187602
100769,187607
2538,187634
68371,187644
100766,187652
100767,187666
598,187688
48,187702
300,187705
1799,187736
1961,187761
563,187782
1480,187797
68597,187800
1871,187818
192,187858
229,187878
3174,187896
111340,187898
2880,187899
67985,187915
3592,187916
1862,187925
65616,187935
1806,187936
67996,187938
2495,187939
1823,187940
2,187942
72399,187959
2546,187982
70695,187983
68032,187988
573,188005
111974,188017
68059,188025
741,188038
68020,188042
100765,188045
1843,188076
10020,188086
417,188091
110227,188103
917,188107
2531,188128
1477,188130
242,188135
219,188152
28,188154
1795,188155
6147,188157
109,188166
2482,188168
436,188177
2551,188181
169,188182
2489,188196
69990,188206
232,188234
1917,188253
180,188257
2836,188268
217,188270
67856,188274
1960,188278
13,188289
69922,188297
70848,188305
3731,188308
111822,188316
3269,188334
110734,188335
46,188336
1884,188337
2622,188346
22,188350
36,188352
10,188377
680,188383
110456,188386
70,188388
210,188397
159,188399
229,188400
284,188405
68960,188413
1907,188416
68353,188417
1907,188424
399,188427
2547,188428
69262,188430
110231,188484
68118,188487
1951,188490
2564,188506
68496,188522
245,188536
1807,188538
110,188540
22,188545
449,188554
1952,188556
68077,188563
22,188567
1824,188586
8,188599
110569,188600
64,188601
110569,188602
70719,188607
55,188654
1801,188657
2568,188669
101025,188674
1960,188696
68432,188724
231,188727
2567,188762
70851,188763
98,188768
32,188770
112225,188772
2734,188782
1938,188789
1013,188791
4062,188807
4640,188818
76,188823
1815,188824
89,188825
219,188829
361,188831
3,188836
66083,188840
209,188856
2572,188876
449,188879
298,188917
100,188925
68939,188930
1013,188938
18,188942
1824,188943
2585,188949
15001,188950
101085,188955
708,188959
111711,188968
112199,188985
254,188996
111035,189008
472,189018
322,189021
68720,189035
27,189041
10029,189043
68250,189053
1952,189059
166,189061
110915,189065
1795,189067
175,189068
110636,189077
1909,189084
2,189099
25,189117
39,189125
742,189127
110144,189135
1842,189143
1808,189148
1876,189153
110569,189155
481,189156
1943,189157
1793,189160
1951,189163
1960,189165
1961,189167
110227,189169
89,189171
1867,189172
379,189175
1800,189177
100409,189196
121,189206
280,189207
31,189209
68313,189211
77,189217
86,189218
111822,189231
169,189234
2946,189235
44,189242
109,189250
21,189251
101014,189263
100409,189272
121,189278
2,189280
92,189281
1928,189282
1795,189288
46,189296
1884,189300
234,189303
1945,189307
1795,189308
111092,189311
1799,189324
702,189325
1944,189331
21,189332
39,189338
2688,189345
22,189358
319,189383
28,189388
34,189390
110502,189397
2,189403
160,189410
110576,189412
598,189423
1842,189430
272,189431
10029,189433
111974,189436
1871,189437
45,189439
1943,189446
485,189447
1924,189456
112259,189457
479,189459
15,189462
110329,189464
2720,189468
1968,189472
100409,189484
192,189485
1825,189490
1799,189492
142,189498
241,189505
1878,189508
21,189509
2013,189510
1860,189513
919,189544
467,189553
1843,189557
1842,189558
481,189560
3,189561
110062,189576
260,189586
436,189595
2951,189603
4988,189606
576,189607
19,189615
1920,189619
598,189646
418,189655
12,189680
9,189681
1796,189682
1955,189686
1928,189687
461,189690
112260,189691
357,189695
1837,189707
873,189710
247,189712
246,189715
2744,189717
68,189724
7,189725
1790,189727
39,189728
189,189736
1837,189751
68655,189755
1871,189757
1480,189760
1932,189776
897,189779
111993,189780
3306,189795
247,189805
346,189808
837,189809
422,189810
112254,189828
92,189833
1920,189836
741,189849
1861,189857
1795,189860
86,189865
1804,189868
144,189881
2933,189885
1923,189891
112225,189894
1755,189899
1802,189900
52,189908
1926,189909
142,189910
101025,189920
36,189922
6508,189923
110747,189924
327,189930
1903,189936
1914,189938
1848,189942
217,189944
1629,189945
67070,189951
417,189955
244,189958
1516,189961
10,189963
38,190014
224,190015
1039,190024
4587,190031
838,190033
23,190034
315,190059
54,190084
742,190113
1786,190120
91,190122
236,190143
44,190149
15009,190152
240,190156
920,190178
1920,190179
62,190195
1738,190196
101025,190209
3060,190223
1800,190235
1937,190240
175,190243
1961,190247
87,190254
54,190264
479,190283
457,190286
112259,190311
673,190324
78,190362
819,190425
2,190430
1456,190438
1896,190454
1,190456
112199,190457
1456,190459
245,190460
110,190461
111678,190467
71968,190471
300,190474
2985,190481
21,190483
705,190489
110636,190490
299,190491
100409,190494
245,190497
110915,190499
1837,190501
219,190502
3,190504
111082,190508
144,190510
1755,190512
682,190516
1755,190518
71522,190523
1871,190528
57,190530
10,190531
52,190544
69,190547
1906,190549
688,190552
694,190554
110827,190555
1798,190556
696,190558
697,190560
68436,190565
708,190568
111651,190569
31,190572
189,190575
3047,190576
3048,190577
1530,190579
5,190581
1934,190583
243,190584
698,190585
68418,190588
112172,190589
111091,190593
110144,190607
68965,190614
92,190620
110145,190629
1925,190633
896,190634
15005,190635
111235,190648
1880,190653
22,190664
1934,190665
1832,190666
25,190667
306,190669
31,190670
171,190671
614,190674
1934,190682
18,190683
1738,190685
298,190697
306,190716
19,190717
1800,190722
819,190724
111092,190732
10019,190734
25,190738
8,190745
472,190747
3754,190756
327,190761
111239,190765
112885,190780
15,190782
2929,190783
13,190793
192,190799
1896,190807
47,190813
32,190815
300,190821
10,190822
280,190824
109,190852
2893,190854
1819,190868
241,190871
4964,190875
698,190883
1943,190885
131,190915
68499,190918
101112,190919
3253,190931
68475,190937
269,190941
71,190942
1788,190947
1926,190962
69,190972
2956,190976
298,190981
110704,190982
86,190983
15029,190987
121,190995
647,191005
327,191032
101041,191034
236,191043
110770,191044
897,191050
278,191055
38,191066
1796,191076
17,191079
15001,191083
106,191089
1961,191090
100081,191093
2215,191095
5278,191104
920,191105
3510,191106
321,191111
111715,191112
254,191123
68602,191126
111560,191148
312,191151
319,191153
320,191154
1881,191164
68715,191173
1843,191180
229,191198
11,191202
481,191210
463,191222
503,191235
3093,191250
110636,191251
111239,191252
605,191255
2991,191256
5083,191257
607,191263
68490,191327
68502,191330
101148,191331
68512,191372
112345,191377
68503,191379
100409,191388
68849,191389
229,191390
607,191437
70830,191443
101085,191488
112670,191489
2968,191541
68870,191547
68505,191549
68871,191552
73068,191560
22,191566
1893,191589
245,191627
110741,191628
100651,191648
69235,191649
1473,191655
1848,191669
112115,191673
983,191675
2990,191679
1473,191684
325,191687
280,191688
3883,191728
448,191740
300,191783
1473,191814
2995,191819
2998,191827
70648,191834
70649,191841
111674,191843
112392,191847
69243,191906
1473,191910
1475,191915
4204,191921
1475,191979
269,191980
280,191990
111674,191996
1879,192012
1881,192020
568,192026
1878,192041
321,192070
52,192071
110734,192072
52,192073
312,192086
72,192102
1970,192114
673,192119
1842,192122
1796,192123
28,192126
485,192128
1913,192129
100767,192155
111144,192169
237,192202
44,192205
461,192227
1935,192231
10029,192242
111400,192250
1790,192251
112119,192259
1786,192283
28,192302
920,192316
1792,192317
21,192318
31,192321
254,192328
6173,192333
71888,192337
101100,192342
1970,192350
101114,192354
674,192358
1960,192362
1786,192363
50,192365
461,192366
70604,192369
3433,192370
46,192387
1053,192397
110556,192445
23,192448
160,192449
631,192451
1968,192457
110500,192471
88,192473
450,192476
1798,192479
3324,192490
3507,192492
1803,192495
1803,192496
7,192505
66432,192528
3908,192540
1790,192546
687,192548
52,192557
110700,192559
1832,192560
38,192561
36,192563
169,192565
111235,192566
112427,192572
838,192582
206,192587
280,192611
106,192613
65,192615
65566,192616
160,192617
21,192620
67987,192621
1808,192622
13,192624
450,192629
483,192634
1889,192635
110374,192638
10029,192641
68721,192643
169,192645
379,192647
111393,192651
175,192658
15,192660
160,192665
10,192667
12,192678
1796,192679
69221,192688
1934,192695
605,192708
110832,192715
38,192722
72,192725
485,192732
312,192756
66360,192768
52,192774
110770,192778
244,192816
18,192823
1000,192824
237,192838
110915,192840
68830,192841
22,192883
1882,192890
280,192910
280,192930
467,192938
1908,192955
110913,192963
1807,192970
10029,192984
175,192985
224,193001
1808,193011
112259,193013
89,193014
3877,193028
705,193029
1853,193041
485,193057
1795,193061
1808,193062
1944,193073
240,193080
294,193081
240,193082
55,193091
111397,193092
31,193097
169,193098
506,193103
110588,193111
66,193116
77,193123
22,193130
256,193133
744,193143
240,193152
247,193158
236,193165
23,193171
110,193172
1955,193173
896,193177
1934,193182
144,193185
1803,193186
142,193187
688,193188
113704,193191
1862,193195
101020,193201
88,193206
492,193209
25,193211
100409,193222
47,193223
217,193226
682,193234
691,193244
110227,193245
69051,193246
1824,193247
254,193251
254,193254
1785,193264
3361,193267
68766,193276
110197,193277
110227,193278
819,193283
12,193290
1,193301
1971,193302
144,193303
1873,193304
531,193310
165,193312
483,193314
13,193331
112026,193336
44,193337
52,193338
68963,193339
2007,193346
175,193348
101026,193350
175,193352
1798,193357
483,193361
1824,193408
101097,193412
1908,193422
110502,193425
226,193427
9,193429
1906,193440
245,193442
1971,193461
3757,193467
900,193468
483,193469
72,193470
2,193474
1799,193475
13,193476
1961,193504
46,193510
267,193516
1629,193525
229,193528
44,193532
3657,193537
144,193549
3619,193550
66,193554
1954,193557
111144,193561
487,193564
1807,193569
52,193571
100765,193581
34,193584
1876,193602
1804,193613
487,193631
160,193632
2038,193645
1971,193669
110500,193679
110915,193686
100081,193690
3252,193692
112345,193693
199,193695
65637,193697
10029,193698
100765,193714
80,193716
305,193727
100804,193728
321,193739
23,193749
1854,193757
106,193768
127,193771
38,193780
448,193796
1961,193798
127,193804
1893,193835
3964,193839
449,193844
1932,193849
192,193850
27,193851
900,193860
1896,193862
234,193881
1924,193884
36,193886
452,193887
459,193891
100767,193895
36,193896
1799,193900
1917,193910
1936,193931
1940,193932
1949,193939
106,193942
1803,193943
91,193953
144,193956
1962,193957
15,193958
70716,193974
1970,193983
2,194017
1923,194018
234,194020
234,194022
506,194035
165,194050
28,194053
111091,194059
325,194077
110169,194078
3376,194082
267,194083
62,194086
169,194089
100646,194091
111340,194092
1917,194122
69958,194135
1796,194138
422,194146
1923,194148
1755,194149
1961,194150
1465,194163
682,194171
573,194174
1937,194178
74,194196
3380,194200
54,194201
72,194202
68908,194203
200,194216
463,194222
1797,194319
110500,194333
1792,194334
1816,194349
7161,194359
4133,194365
45,194404
110234,194429
272,194431
1951,194510
67361,194528
820,194569
461,194644
113704,194654
110234,194656
191,194665
1955,194678
1813,194717
670,194718
492,194725
820,194726
59,194727
111974,194753
457,194765
110741,194783
1798,194785
1937,194791
109,194806
106,194845
898,194846
65,194847
69295,194851
110227,194876
477,194879
110145,194885
449,194911
110231,194915
1892,194916
463,194924
111264,194927
1799,194932
110839,194934
6908,194947
3,194957
10,194958
1955,194964
70942,194979
1960,194996
1949,194998
97,194999
3645,195001
110109,195010
110,195013
110,195020
1878,195031
166,195033
1932,195036
38,195038
1754,195057
17,195086
393,195090
1893,195096
1944,195124
97,195126
144,195202
1923,195219
113142,195255
379,195256
38,195258
111235,195262
110734,195272
217,195313
66277,195357
3838,195361
247,195363
22,195365
100831,195371
180,195396
1943,195427
1917,195479
112260,195480
4,195481
1930,195519
100409,195586
240,195668
17,195671
480,195687
68,195698
9,195859
45,195864
1813,195873
665,195912
711,196007
66686,196064
7,196072
4154,196142
1032,196143
69755,196145
237,196150
71397,196151
69400,196153
101025,196318
1945,196353
3581,196432
110456,196580
103,196615
1919,196884
47,196889
1715,196905
1936,196916
80,196921
1,196932
111817,196933
1,196934
15015,196940
448,196942
15,196952
1800,196976
1800,196978
920,196983
1349,197012
22,197031
9,197061
1884,197062
110592,197079
175,197083
110556,197117
479,197136
10030,197148
111140,197165
691,197166
1933,197170
1877,197225
506,197226
101026,197240
73,197242
65890,197303
897,197376
38,197439
110854,197441
76,197480
237,197655
1809,197678
1806,197681
1937,197687
1819,197688
110374,197689
691,197716
687,197717
1960,197756
7,197774
1837,197777
573,197781
1795,197785
169,197786
449,197813
101106,197817
695,197819
109,197831
78,197837
697,197838
697,197839
21,197853
97,197883
242,197890
17,197891
1939,197893
696,197911
121,197918
44,197926
1795,197928
1799,197932
5,197937
688,197941
467,197948
1943,197953
240,197965
1578,197973
1924,197975
1843,197981
215,197983
1792,197990
113458,197998
111928,198000
1903,198006
3565,198007
346,198011
159,198019
472,198023
298,198024
1892,198031
1917,198032
110373,198033
1480,198039
436,198040
110749,198046
561,198057
1903,198070
1932,198071
1800,198073
461,198076
45,198079
698,198094
34,198113
175,198118
1906,198129
2,198133
1907,198135
111974,198136
234,198140
22,198141
112122,198142
110839,198143
1877,198145
78,198146
459,198150
1793,198153
112670,198155
1877,198156
111928,198160
472,198164
1824,198175
46,198176
1914,198177
710,198178
1801,198190
1793,198194
28,198196
452,198198
73,198200
32,198202
48,198223
1797,198235
463,198240
1439,198244
3566,198257
6266,198261
110326,198264
1929,198269
1917,198285
1021,198288
234,198329
3340,198330
1795,198331
106,198335
110147,198347
378,198348
1925,198350
1881,198354
688,198355
109,198379
3585,198386
144,198394
19,198414
436,198420
3791,198426
110316,198428
1803,198437
700,198455
244,198474
873,198479
1917,198489
3689,198490
82,198497
23,198504
1898,198511
1887,198513
110770,198517
111285,198543
109,198553
1854,198564
479,198579
110147,198581
673,198584
111678,198589
894,198591
417,198599
110144,198601
1463,198604
457,198614
550,198617
77,198623
77,198624
1854,198630
1867,198631
64,198632
894,198638
237,198640
100081,198641
197,198648
100765,198654
1906,198657
17,198683
1790,198685
110456,198687
112523,198690
361,198692
52,198701
5,198704
69,198705
46,198706
243,198710
479,198715
1,198717
17,198719
298,198731
111678,198751
44,198760
1,198784
1801,198810
1456,198811
69260,198816
13,198817
1923,198825
74,198836
3646,198840
69553,198843
254,198849
110636,198856
200,198857
72,198861
247,198868
272,198899
1746,198900
13,198904
192,198908
110178,198910
69920,198914
149,198927
44,198946
65,198949
481,198950
32,198951
1842,198953
101097,198955
741,198962
260,198964
100766,198970
66192,198971
1831,198977
306,198990
112218,198991
66684,198998
111592,199000
1786,199002
461,199005
837,199010
1930,199011
563,199014
445,199021
445,199023
9,199027
346,199046
423,199047
708,199049
65685,199060
111974,199069
69,199074
1837,199110
214,199118
422,199139
78,199151
1853,199157
111395,199159
1478,199165
1908,199169
70,199170
112409,199173
206,199174
71823,199184
229,199191
65,199195
325,199201
112409,199205
254,199234
27,199248
10020,199254
3920,199258
1475,199260
100409,199266
27,199267
322,199282
110770,199283
1795,199286
212,199287
160,199288
44,199304
111239,199305
110569,199313
110178,199339
487,199347
69307,199352
217,199353
242,199354
69380,199378
1715,199381
118,199383
256,199384
1915,199386
64,199387
101083,199392
5105,199393
1715,199398
1867,199409
171,199413
463,199416
65,199418
294,199419
246,199422
111398,199431
1908,199434
28,199439
1809,199451
226,199456
2007,199467
256,199470
171,199475
38,199487
110831,199490
1853,199493
1944,199499
1,199503
1463,199508
1930,199516
69541,199517
1860,199526
256,199535
66302,199543
236,199550
4061,199554
200,199556
200,199559
481,199561
1907,199568
1880,199569
1530,199574
241,199575
5,199576
450,199577
127,199580
88,199584
72292,199589
112122,199601
10,199602
1932,199620
236,199626
189,199633
674,199641
1569,199647
229,199651
1837,199652
1794,199658
171,199661
674,199663
1876,199667
112885,199669
89,199674
94,199684
112527,199686
110150,199689
240,199715
69329,199726
1516,199729
69970,199735
2,199737
1861,199738
236,199739
1831,199741
1516,199745
1516,199752
873,199761
1837,199763
5,199767
101020,199772
44,199776
110636,199779
110588,199780
100081,199781
320,199792
1867,199800
1803,199815
1853,199823
112116,199827
100888,199829
550,199832
110636,199833
326,199835
543,199836
110556,199845
236,199848
246,199852
231,199861
708,199873
110169,199881
4045,199883
1862,199890
1804,199891
110770,199895
144,199904
100767,199906
100767,199910
1824,199912
48,199914
94,199916
1808,199917
325,199952
14,199960
101103,199964
7285,199986
245,199987
1837,200054
110913,200059
1955,200061
327,200065
5052,200067
232,200073
1873,200086
100765,200094
18,200104
693,200105
327,200106
111766,200107
819,200108
673,200110
247,200113
217,200130
1793,200138
598,200145
2007,200155
1447,200195
1877,200196
1877,200197
112134,200201
101059,200206
69658,200207
15001,200209
127,200210
110502,200212
21,200215
449,200228
650,200231
1795,200260
112139,200275
38,200278
1929,200286
1738,200298
14,200309
37,200312
449,200315
1913,200318
1935,200319
110,200346
110227,200360
69667,200369
1960,200386
237,200387
234,200389
244,200395
12,200411
229,200414
111399,200416
100634,200425
838,200428
232,200429
111239,200433
325,200434
1930,200440
101033,200443
110150,200446
86,200449
241,200454
9,200458
111091,200461
1929,200465
110197,200468
36,200469
1796,200478
1571,200484
270,200485
1803,200486
1786,200488
306,200498
110062,200517
680,200519
1939,200521
5,200525
18,200529
393,200535
10029,200536
280,200542
3921,200574
870,200577
32,200610
1930,200633
34,200641
1842,200646
39,200647
110781,200653
74,200677
479,200678
1929,200689
112171,200693
1940,200697
1908,200698
47,200701
436,200713
1945,200714
1932,200715
217,200726
1951,200746
52,200752
166,200754
1793,200758
1799,200759
744,200773
12,200778
1920,200779
1800,200780
1800,200781
77,200793
110456,200797
1892,200798
1797,200806
91,200807
200,200810
1802,200812
48,200818
1930,200821
1929,200840
89,200841
563,200844
1798,200855
46,200857
110911,200876
6153,200877
46,200881
1893,200888
1949,200895
1934,200900
959,200915
111239,200918
10029,200922
111379,200925
1924,200928
110,200942
73,200949
506,200952
873,200954
280,200962
111560,200965
1819,200966
110576,200968
1754,200980
48,200981
110741,200983
1853,200984
485,201016
5,201024
448,201025
191,201038
1824,201041
45,201042
100081,201043
55,201044
47,201046
48,201049
100424,201051
1808,201061
10029,201066
682,201073
81,201078
2038,201079
420,201081
81,201085
11,201093
4220,201103
110746,201112
110749,201114
55,201117
44,201118
241,201119
229,201136
1809,201138
100765,201141
449,201143
28,201144
1738,201145
70029,201146
462,201149
243,201153
1819,201155
110109,201165
1954,201212
267,201215
10029,201223
165,201227
1801,201240
112398,201243
110913,201257
166,201262
820,201265
819,201266
1757,201268
1446,201269
15005,201271
10029,201290
270,201293
190,201299
896,201301
819,201303
272,201304
1,201305
110915,201313
110374,201325
1823,201326
67500,201327
417,201329
1463,201337
45,201342
36,201343
631,201346
50,201352
696,201353
922,201359
55,201363
110827,201374
110832,201377
483,201379
52,201380
44,201399
1860,201403
65585,201409
1567,201411
570,201418
674,201438
1935,201446
697,201447
666,201451
110231,201452
240,201454
69,201455
1861,201482
445,201484
1796,201491
171,201495
48,201505
12,201508
573,201509
73,201510
518,201512
1939,201514
2,201519
70,201523
1788,201526
200,201529
1837,201530
175,201533
243,201535
1377,201549
1848,201591
101106,201681
65971,201746
506,201815
550,201816
95,201818
111560,201841
483,201858
110500,201860
11,201862
691,201870
111651,201873
111138,201875
1961,201877
72,201878
64,201879
110915,201883
1796,201884
919,201885
2,201887
300,201888
1920,201901
9,201908
11,201911
1746,201914
2,201917
1934,201921
191,201922
165,201925
89,201927
568,201931
237,201939
112134,201940
69766,201941
9,201942
819,201943
819,201944
54,201953
13,201955
1823,201956
112134,201963
320,201965
1182,201966
1516,201967
70175,201971
10029,201982
1837,201988
244,201991
110394,201992
46,201995
64,202002
305,202014
897,202024
14,202033
110913,202040
433,202041
705,202043
1939,202048
1909,202050
110,202052
110329,202053
112218,202054
1472,202058
710,202060
39,202061
70399,202064
110580,202069
111144,202073
698,202075
698,202077
169,202087
485,202088
64,202095
1873,202105
110178,202106
166,202107
1952,202113
485,202115
1908,202117
15005,202123
1795,202125
89,202131
110556,202135
485,202151
111710,202154
31,202157
696,202162
80,202164
73,202166
59,202168
111138,202169
111766,202170
111651,202171
1945,202179
110,202180
298,202182
111065,202184
135,202190
1913,202200
1906,202201
1473,202208
688,202215
696,202220
67061,202225
697,202231
696,202243
111928,202244
417,202259
300,202263
503,202271
29,202276
210,202285
1478,202292
1475,202295
112258,202301
4315,202305
1954,202312
1824,202316
917,202322
10030,202325
231,202330
1013,202331
1465,202332
44,202335
1881,202341
517,202350
21,202371
917,202374
209,202375
101020,202395
69864,202399
70134,202401
1934,202408
110831,202410
1831,202428
32,202429
1447,202436
47,202445
1793,202455
111235,202456
1915,202459
5181,202460
127,202464
1808,202465
744,202474
1825,202475
7,202477
1937,202482
18,202491
52,202493
13,202501
10030,202512
112398,202514
77,202526
1800,202528
1629,202529
15,202532
1933,202533
919,202534
1785,202535
110,202539
1925,202541
1823,202548
417,202551
66,202556
457,202562
563,202594
112791,202603
327,202605
1837,202642
110832,202646
66,202648
9,202651
73,202652
65592,202654
708,202659
1902,202661
576,202662
837,202663
54,202672
272,202673
144,202676
111399,202678
461,202685
1804,202686
100766,202690
86,202693
1925,202695
142,202721
1738,202727
111395,202728
445,202731
245,202746
1474,202748
2055,202749
1896,202750
1145,202756
1938,202771
111339,202778
1028,202780
361,202795
2,202799
231,202801
1,202808
1757,202810
1917,202814
1938,202819
1802,202825
206,202828
44,202848
28,202849
111974,202851
32,202857
695,202858
36,202873
305,202881
10030,202893
269,202896
702,202905
708,202909
1876,202911
711,202932
436,202934
452,202935
144,202940
1843,202944
4582,202959
982,202984
1474,202986
1477,202994
1473,202995
110765,203005
256,203026
1938,203034
5,203038
1806,203042
100804,203043
1945,203048
1945,203059
70138,203067
144,203069
1945,203090
231,203092
423,203095
31,203106
57,203128
1932,203138
1933,203139
15015,203145
550,203159
165,203161
576,203164
917,203176
110832,203177
3,203210
1797,203215
112224,203224
111393,203225
1952,203263
8,203264
11,203265
69,203280
4,203289
121,203292
166,203299
14,203304
110374,203308
110636,203309
112172,203315
1930,203316
112225,203327
1930,203328
17,203331
1798,203348
4,203355
19,203357
896,203362
922,203363
1463,203368
1954,203375
243,203376
573,203377
48,203393
1919,203398
45,203399
112259,203415
1802,203416
1794,203423
94,203428
1819,203435
10032,203439
159,203440
77,203442
1831,203445
1907,203446
4424,203454
111657,203455
69989,203456
576,203457
111657,203458
245,203483
69,203485
23,203486
14,203487
1945,203500
112260,203504
13,203537
29,203544
15,203568
8,203570
7,203574
110178,203590
267,203605
1898,203619
112218,203622
110231,203629
229,203633
110373,203668
467,203688
57,203699
111657,203745
241,203746
110890,203749
1952,203751
144,203756
1896,203757
9,203775
1746,203780
112885,203781
200,203782
1939,203783
38,203793
1933,203809
370,203810
271,203811
70621,203813
1813,203815
1928,203830
503,203833
100424,203835
89,203841
112906,203842
1798,203849
191,203850
111821,203851
4563,203859
101085,203862
206,203864
237,203871
111678,203872
71,203885
232,203886
246,203888
802,203889
240,203890
480,203895
112199,203897
245,203903
1808,203910
112026,203915
1596,203929
110326,203930
1816,203933
12,203965
5087,203966
6795,203971
199,203976
10030,203979
29,203980
101100,203982
1938,204007
32,204024
531,204044
106,204050
111592,204062
47,204077
110374,204078
175,204082
1802,204095
100424,204100
27,204101
64,204105
267,204121
459,204134
110062,204135
1915,204136
271,204152
1715,204156
820,204163
1832,204165
110734,204166
110700,204175
110636,204176
650,204193
64,204196
112122,204213
12,204215
1480,204217
12,204219
346,204222
111239,204226
110913,204227
231,204229
110854,204234
4659,204235
226,204238
217,204240
112276,204242
88,204247
112224,204248
111974,204250
5,204254
65620,204257
237,204259
1808,204276
1960,204277
110062,204280
109,204289
109,204291
15015,204297
1917,204304
485,204307
680,204308
5,204311
1961,204324
1907,204332
229,204346
110714,204347
1786,204348
1843,204350
230,204352
1795,204353
1928,204354
3,204365
1902,204367
741,204372
27,204380
110178,204381
1907,204386
100424,204388
1902,204394
280,204401
5,204411
110,204412
111393,204422
111396,204424
112224,204426
169,204427
38,204436
1816,204442
1792,204444
1938,204445
2007,204449
1861,204450
22,204451
1961,204458
68,204472
15019,204475
17,204485
112409,204488
36,204493
89,204496
10030,204497
1933,204502
1906,204504
36,204515
112254,204517
7,204519
457,204526
666,204528
7,204529
742,204539
320,204542
1955,204554
4682,204555
298,204612
325,204614
111993,204633
1936,204635
169,204637
112172,204638
110374,204639
1447,204644
111678,204652
450,204676
1904,204684
420,204687
111821,204688
74,204690
112218,204691
110150,204692
110500,204701
462,204709
73075,204722
100081,204731
1909,204738
1796,204760
18,204761
1434,204766
1878,204771
598,204776
110704,204778
483,204783
1917,204785
1929,204787
111821,204790
247,204816
59,204819
78,204820
6300,204823
110313,204825
449,204830
234,204838
70400,204841
463,204844
159,204845
184,204854
180,204860
452,204876
1797,204882
219,204883
10,204884
39,204886
110227,204904
674,204908
561,204915
111082,204920
112172,204923
106,204935
1802,204936
100651,204946
243,204963
483,204966
219,204970
1032,204977
271,204985
144,205015
110329,205044
507,205045
112516,205049
110313,205054
665,205068
7,205069
110062,205070
270,205072
1463,205073
242,205083
171,205086
1832,205096
112218,205100
70427,205114
3402,205153
477,205157
1924,205159
112260,205160
1939,205161
1961,205163
110231,205167
48,205175
9,205185
17,205186
1867,205187
224,205188
62,205190
241,205192
219,205193
237,205194
436,205201
101014,205206
711,205210
6391,205212
112122,205225
78,205232
110832,205243
920,205291
232,205330
224,205334
1919,205346
1934,205347
18,205351
18,205352
680,205353
1951,205360
1944,205361
10,205362
206,205363
674,205369
71,205370
232,205386
15005,205391
1909,205401
896,205402
13,205407
70424,205408
15029,205410
485,205431
166,205438
492,205443
110178,205447
165,205451
5,205452
36,205453
110197,205460
110227,205469
206,205498
1930,205502
1876,205510
1887,205524
1035,205525
52,205529
111657,205530
200,205531
1446,205533
1446,205535
9,205540
450,205551
1848,205553
50,205555
110556,205556
110756,205557
1917,205559
110374,205566
1803,205582
1923,205586
25,205588
95,205590
598,205594
12,205596
241,205600
13,205601
110636,205603
673,205618
111706,205630
69,205632
1867,205639
65,205641
39,205654
1842,205659
1848,205663
1799,205670
192,205691
1824,205693
110746,205701
449,205705
232,205711
1746,205726
570,205727
110745,205745
69,205747
1938,205752
171,205753
231,205756
189,205759
127,205818
236,205846
110556,205850
110227,205855
206,205869
1853,205871
101025,205874
111817,205876
169,205878
36,205892
29,205895
5,205897
873,205903
112225,205911
22,205923
71,205929
1837,205934
25,205939
18,205943
65642,205951
101059,205954
1920,205956
111766,205961
101041,205963
237,205965
245,205966
110,205970
378,205973
34,205976
59,205985
7,205988
1,205989
10029,205995
59,205998
900,206003
900,206004
8,206006
1893,206011
819,206018
674,206022
110714,206038
15005,206040
110734,206042
205,206053
45,206058
200,206074
112606,206082
1792,206085
1923,206089
1807,206094
110704,206098
101014,206106
111974,206109
38,206113
1516,206114
1,206115
1943,206126
483,206133
1804,206134
674,206141
1920,206142
36,206145
696,206157
52,206159
52,206160
11,206161
199,206167
1800,206170
31,206198
306,206200
15019,206207
110482,206208
45,206210
1456,206217
243,206225
95,206263
100769,206273
280,206304
224,206310
110831,206311
226,206313
1944,206332
111397,206399
60,206407
112172,206408
1715,206431
65,206436
1816,206440
110329,206463
13,206467
1884,206470
111264,206479
418,206488
1932,206489
110569,206493
111560,206506
1795,206516
1801,206518
110313,206523
299,206530
5,206534
94,206535
91,206536
9,206538
1929,206542
483,206546
68,206553
1929,206561
1934,206562
80,206563
1937,206567
680,206577
10029,206590
110374,206591
710,206598
543,206605
1925,206606
1786,206626
112134,206629
101112,206630
1970,206633
70449,206649
70511,206650
1926,206653
15019,206654
243,207410
687,207427
101104,207428
1793,207429
1793,207430
242,207431
52,207439
110394,207440
52,207441
1970,207444
1795,207448
1053,207454
1572,207455
922,207460
1938,207463
689,207465
9,207467
481,207471
1939,207472
110144,207485
1944,207491
71251,207496
586,207500
920,207502
5695,207510
422,207513
175,207523
165,207531
110227,207537
1475,207544
1474,207546
705,207552
700,207553
700,207554
206,207555
393,207557
705,207558
1915,207559
710,207562
321,207580
687,207581
321,207584
1796,207599
94,207616
111651,207619
1516,207633
71159,207634
15015,207639
232,207640
1960,207645
1793,207646
1896,207651
254,207659
160,207660
687,207669
111139,207675
112906,207676
101121,207679
111592,207684
393,207706
66,207707
1861,207711
1907,207712
1892,207716
113162,207722
1915,207723
245,207725
110406,207727
744,207733
650,207739
110316,207744
1530,207745
110831,207769
614,207780
210,207788
110636,207790
112172,207791
88,207804
1802,207806
1943,207807
68,207824
598,207833
112552,207834
598,207835
696,207858
111065,207860
22,207862
111723,207864
73,207865
112516,207866
8,207872
900,207876
54,207877
31,207887
111379,207892
10029,207894
110197,207898
65609,207903
144,207916
111396,207928
393,207929
200,207936
481,207939
66,207948
1944,207950
1961,207952
159,207954
19,207956
71375,207962
111144,207979
101114,207984
1,207993
242,207997
252,208001
517,208008
110313,208014
101014,208015
232,208017
1914,208018
212,208019
1949,208024
70617,208036
1819,208045
110765,208047
1932,208052
111706,208054
1477,208076
461,208087
483,208093
144,208096
1915,208102
1893,208114
29,208120
47,208128
74,208135
243,208137
45,208141
44,208144
110915,208146
100081,208153
900,208159
873,208160
39,208165
894,208166
322,208169
76,208174
121,208188
234,208230
44,208247
234,208268
305,208290
7,208294
1530,208295
111716,208298
1935,208302
1474,208304
232,208309
820,208316
1813,208323
457,208330
9,208333
77,208335
100765,208339
531,208370
111138,208371
29,208374
29,208375
189,208379
217,208384
69,208418
319,208432
269,208437
1462,208446
112172,208448
11,208450
1843,208451
682,208454
113160,208455
36,208459
12,208461
166,208470
27,208477
1917,208480
191,208498
219,208520
70689,208521
45,208522
112606,208531
1960,208534
111974,208535
1796,208544
1800,208549
91,208559
819,208564
69,208574
708,208577
191,208581
543,208589
10,208594
10,208596
247,208597
5359,208607
25,208615
462,208616
452,208618
243,208620
100831,208621
10,208622
1809,208630
2007,208631
507,208637
452,208638
1908,208670
112224,208676
71716,208696
171,208700
5136,208703
17,208722
71030,208723
1832,208730
7827,208731
357,208752
29,208764
1832,208776
240,208777
1913,208781
245,208782
461,208790
135,208797
110724,208801
89,208806
100767,208808
1940,208812
112254,208816
449,208819
95,208830
219,208834
110569,208856
6778,208861
111817,208865
112259,208869
112393,208885
19,208892
111091,208898
420,208907
70678,208915
1512,208916
112391,208917
5,208920
127,208944
100409,208959
607,208974
503,208984
111674,208987
111674,208988
111674,208995
1794,209024
112392,209027
1788,209039
112393,209040
112393,209053
700,209061
312,209063
112393,209071
110398,209162
543,209193
543,209196
1806,209210
55,209236
71314,209252
1940,209253
1960,209258
111235,209264
1930,209268
1799,209269
65837,209276
112096,209281
457,209289
1907,209316
1884,209317
219,209329
52,209331
112260,209333
312,209346
111400,209359
1909,209371
7728,209381
110316,209385
111091,209411
110746,209413
111086,209417
224,209423
117,209435
631,209443
696,209449
110746,209454
898,209459
3,209475
237,209484
110178,209485
1825,209491
109,209493
69,209499
210,209502
1824,209504
2007,209510
1900,209512
1906,209529
1806,209532
674,209547
112096,209551
112390,209561
70900,209569
6250,209607
5594,209608
112579,209609
1210,209610
110741,209613
52,209620
10020,209621
68,209629
570,209636
50,209637
964,209643
34,209658
280,209669
680,209673
2,209675
210,209691
232,209698
1908,209701
1884,209711
1881,209723
14,209729
122,209740
10,209750
111678,209756
111400,209757
110597,209766
246,209769
1815,209781
1913,209782
111592,209789
144,209816
50,209831
111766,209834
1903,209839
65,209840
169,209844
1,209852
111396,209885
100646,209888
22,209889
110832,209890
481,209892
112427,209893
111264,209911
480,209937
507,209954
819,209957
1825,209958
463,209960
698,209975
294,209979
240,209981
27,209987
38,209990
31,209997
110745,210000
169,210004
1904,210005
112172,210006
32,210007
110197,210020
234,210021
1955,210029
483,210035
165,210042
1790,210044
422,210046
10029,210047
1932,210108
243,210110
169,210111
1798,210112
472,210118
481,210126
111592,210129
112387,210140
607,210142
4,210158
110373,210168
605,210182
112392,210206
111674,210209
393,210212
650,210213
144,210214
112224,210217
503,210236
111239,210237
110197,210238
110329,210241
48,210243
1938,210244
45,210256
234,210257
1799,210258
744,210259
78,210263
10030,210280
7102,210281
13,210282
31,210287
29,210303
110500,210304
165,210314
1952,210317
838,210319
189,210320
1960,210324
100888,210333
21,210347
112259,210352
503,210354
570,210358
682,210361
71567,210363
1786,210368
69,210372
9,210377
160,210380
280,210381
246,210384
1903,210386
9,210389
1920,210392
62,210394
55,210406
1949,210407
1925,210409
47,210413
1915,210423
10,210425
1847,210429
66688,210439
483,210441
100634,210462
66273,210466
1785,210475
209,210482
209,210490
112392,210492
112392,210498
236,210513
23,210514
1889,210520
111766,210523
217,210527
598,210533
110326,210534
896,210537
896,210538
110734,210548
110374,210550
100769,210574
1793,210603
1477,210615
111974,210617
13,210625
1933,210635
1446,210647
110374,210648
461,210665
231,210667
1837,210670
237,210679
1755,210690
573,210695
28,210697
1824,210719
110576,210722
165,210723
80,210724
110765,210726
1053,210736
1439,210742
1053,210743
110147,210761
175,210772
112390,210778
112389,210783
71174,210784
112387,210786
467,210787
112096,210790
1596,210802
72759,210806
111674,210807
32,210822
1904,210826
100081,210831
113147,210858
1746,210859
1746,210863
240,210864
1853,210868
191,210872
9,210896
229,210897
112389,210898
112392,210901
111674,210902
112393,210924
242,210930
111974,210935
673,210947
111821,210956
10,210970
22,210972
112389,210990
607,211006
82,211007
1896,211014
459,211017
256,211048
1028,211059
36,211061
278,211063
1842,211067
479,211068
159,211070
100769,211088
1786,211095
78,211096
1802,211098
68,211099
1843,211110
1798,211117
186,211119
1793,211124
452,211132
1961,211163
112387,211173
192,211174
1013,211176
278,211177
246,211195
1867,211209
573,211214
180,211221
1861,211231
243,211234
69,211239
100888,211241
23,211256
101084,211263
1876,211265
598,211267
1877,211269
101085,211270
101085,211272
1934,211282
165,211293
100767,211294
69,211300
200,211302
100769,211308
1968,211314
1746,211320
110770,211321
45,211325
65,211329
110832,211348
110374,211354
219,211358
111091,211362
112172,211368
631,211378
65,211381
1823,211382
449,211385
44,211393
112225,211394
1815,211398
873,211408
433,211415
112116,211422
100831,211460
10020,211461
1807,211463
101105,211499
5,211506
11,211511
95,211513
11,211514
206,211515
477,211522
15012,211527
82,211536
110831,211556
1746,211557
477,211565
241,211575
461,211591
110109,211592
1804,211594
10,211595
10,211597
110915,211608
254,211618
121,211623
1887,211672
110197,211691
111235,211702
180,211707
15015,211732
111239,211736
165,211738
492,211742
111235,211745
110197,211746
28,211748
1819,211784
112224,211785
135,211792
111395,211793
71036,211814
100424,211818
110500,211820
110592,211825
100424,211826
159,211831
71062,211839
110482,211840
159,211845
27,211850
10029,211856
27,211859
28,211862
898,211864
506,211870
36,211872
27,211875
10029,211879
172,211880
503,211881
172,211887
159,211891
550,211893
169,211899
25,211901
900,211903
110502,211907
327,211908
110197,211911
1825,211915
983,211927
17,211928
7320,211937
1831,211952
110197,211954
1802,211966
487,211974
423,211978
36,211988
36,211990
492,211991
112172,211999
1936,212006
1819,212023
110569,212035
66,212040
819,212045
1884,212060
101151,212065
111398,212066
101104,212067
111398,212075
244,212083
135,212090
25,212096
1939,212099
838,212106
100424,212114
229,212120
110724,212121
9,212125
192,212126
320,212137
110745,212138
55,212152
111715,212156
110482,212158
1738,212161
111560,212169
480,212183
242,212187
112172,212188
10029,212190
36,212192
450,212196
10030,212197
1837,212198
480,212208
245,212210
100409,212212
237,212213
1876,212214
422,212223
112116,212225
1930,212228
237,212229
111395,212232
294,212240
503,212242
485,212243
22,212245
111235,212247
25,212249
175,212251
2007,212253
39,212267
245,212269
219,212273
1794,212300
32,212321
71373,212335
917,212338
111239,212340
110765,212346
1819,212350
101105,212351
576,212352
212,212365
567,212369
487,212385
80,212388
111092,212398
74,212401
110374,212404
100888,212405
1473,212408
110144,212409
1943,212419
89,212420
71,212428
1474,212430
983,212435
983,212438
1893,212442
44,212443
110915,212445
110915,212446
38,212449
1951,212454
5854,212456
112523,212457
45,212459
457,212462
1629,212470
243,212476
294,212483
1919,212484
21,212491
1923,212492
111395,212511
82,212515
217,212519
982,212532
101149,212536
6015,212541
88,212560
1785,212573
696,212594
243,212602
100081,212607
1738,212608
74,212613
55,212616
1794,212620
21,212622
461,212623
1832,212625
112172,212626
680,212632
112791,212645
17,212678
12,212680
12,212682
112260,212683
694,212687
69,212692
695,212712
110147,212715
694,212718
111716,212721
22,212722
111065,212723
236,212729
111144,212732
111083,212736
111398,212737
1896,212747
111393,212753
838,212763
36,212772
461,212785
1474,212792
4,212803
687,212807
44,212814
32,212823
111393,212830
1935,212833
231,212878
819,212883
64,212886
111065,212888
13,212911
111766,212923
680,212932
236,212933
294,212947
15019,212948
682,212949
697,212958
254,212973
6284,212976
166,212977
1516,212978
507,212980
112427,212989
110,212992
607,213007
379,213021
896,213051
10031,213061
1788,213089
607,213090
242,213092
112224,213093
111396,213094
112254,213105
1596,213106
110576,213110
111239,213117
4,213120
5886,213132
169,213134
44,213135
65,213136
1792,213149
1896,213150
312,213160
1797,213201
1889,213203
111139,213206
111083,213211
2013,213228
110456,213242
113459,213271
111397,213280
112224,213281
18,213296
209,213301
1823,213313
10029,213317
81,213318
897,213321
44,213328
483,213331
1823,213334
1439,213337
101025,213338
109,213339
21,213345
1738,213349
111928,213355
614,213367
72,213368
111395,213369
267,213380
212,213388
110556,213400
111091,213404
9,213413
742,213414
1938,213417
445,213421
112508,213423
112885,213428
101088,213432
1819,213446
111091,213449
113173,213464
111399,213488
109,213490
111928,213491
306,213502
298,213512
573,213516
378,213526
269,213527
417,213537
1887,213557
100831,213559
69,213565
142,213569
1923,213570
1861,213577
4501,213578
111711,213581
237,213582
101097,213591
101097,213597
711,213612
711,213613
711,213614
15029,213620
110975,213629
21,213648
1,213653
1,213654
1808,213668
91,213670
5,213671
5,213673
11,213686
11,213687
11,213688
11,213689
11,213692
11,213693
1960,213694
11,213695
11,213697
95,213698
19,213699
696,213719
269,213725
110234,213732
8,213737
110704,213745
1889,213751
111138,213763
922,213777
922,213778
744,213795
8,213798
10019,213801
702,213813
45,213829
65,213839
1465,213864
231,213868
271,213871
598,213874
1938,213894
1876,213899
665,213917
110588,213922
2038,213938
1949,213948
100767,213954
110227,213955
2,213956
111706,213974
101102,213979
112528,213984
71398,213985
112528,213987
71447,213990
112528,213991
101112,214000
101100,214004
111722,214005
101102,214006
1878,214014
101102,214015
101102,214021
101102,214025
101102,214030
231,214031
112526,214038
112528,214039
1960,214040
71396,214043
112526,214046
101100,214047
112992,214053
112903,214054
112527,214076
71414,214091
70297,214093
71402,214094
64,214097
819,214099
101106,214106
71421,214110
112528,214124
101104,214130
1032,214132
101104,214135
1970,214136
71604,214140
112903,214146
101104,214164
101101,214169
101106,214185
101103,214187
71417,214190
112934,214193
101103,214195
71419,214196
111723,214197
71429,214198
112528,214199
71444,214201
71565,214206
1896,214207
101104,214208
101099,214209
101103,214214
112527,214226
110980,214313
71431,214314
234,214323
71460,214329
112992,214330
101103,214332
112579,214339
112579,214341
112528,214343
101100,214350
101100,214354
112579,214355
112523,214356
111722,214360
111723,214364
112579,214366
71452,214367
110781,214369
112579,214371
71455,214372
111592,214373
101102,214376
111722,214378
101103,214379
71472,214380
112992,214383
101100,214384
5940,214386
101104,214392
112528,214393
111722,214394
101099,214395
71479,214407
236,214408
15029,214409
101084,214410
112528,214417
1853,214434
450,214436
111722,214445
112709,214447
111723,214462
110147,214463
112578,214473
71474,214477
112578,214480
71482,214483
101101,214488
71500,214489
101104,214491
112523,214492
71485,214493
112523,214495
65932,214506
71483,214507
71497,214508
111723,214510
71486,214515
71506,214518
112527,214533
111723,214534
111723,214536
101105,214545
101104,214547
101105,214550
1896,214553
101103,214572
112992,214575
101083,214584
71504,214585
101112,214594
101100,214601
7459,214603
1032,214605
101100,214606
101106,214607
71541,214608
112992,214611
71857,214615
1572,214621
110741,214639
573,214644
111019,214660
112409,214661
111019,214665
111019,214668
111713,214669
110093,214671
418,214679
224,214680
1939,214682
1879,214763
110395,214766
110144,214770
66653,214771
110395,214776
111327,214817
1938,214876
1755,214877
110746,214882
112254,214906
69,214907
110975,214911
110975,214913
112992,214918
112531,214922
110827,214929
449,214930
110093,214933
110704,214944
64,214947
1738,214949
472,214955
71785,214957
111716,214965
111706,214969
240,214977
110093,214980
467,214983
110093,214988
69,214991
111706,214993
240,214997
71570,214998
111716,215013
111716,215015
110398,215023
1028,215042
101088,215049
110394,215050
110394,215051
110394,215057
110394,215060
1879,215061
112527,215067
111706,215069
110396,215070
6040,215071
110396,215076
6055,215079
111140,215083
110313,215084
71587,215089
101121,215103
112885,215107
689,215111
1013,215112
1013,215113
71577,215130
71588,215143
55,215144
112670,215145
1867,215148
111706,215149
1896,215151
111706,215155
110394,215157
66672,215159
111710,215165
71596,215169
71590,215170
111722,215176
6058,215177
71787,215180
101088,215182
573,215183
71696,215192
1013,215199
72199,215239
1788,215247
101085,215254
110093,215259
111140,215266
111022,215270
110822,215275
111043,215283
6253,215292
110913,215302
472,215314
10,215316
312,215322
481,215330
101083,215331
101083,215332
48,215333
69,215334
110145,215336
101105,215338
110406,215351
1876,215353
1877,215358
110734,215361
1925,215374
68,215380
13,215383
112075,215384
294,215388
57,215391
665,215399
919,215400
112409,215401
94,215403
1924,215408
110502,215417
80,215420
110636,215422
110913,215430
112225,215433
1797,215437
31,215441
113720,215443
48,215466
59,215477
247,215480
111082,215492
110745,215502
110234,215510
820,215540
110770,215556
598,215559
1934,215561
1808,215562
5,215565
673,215568
1808,215570
13,215590
322,215598
100646,215618
1754,215638
21,215639
463,215644
149,215649
1968,215650
1892,215665
47,215689
7433,215695
73,215698
59,215699
1795,215700
567,215703
13,215716
39,215751
17,215758
226,215760
1035,215792
66,215798
144,215818
1797,215855
95,215864
1809,215892
95,215914
232,215927
32,215930
1516,215938
272,215940
1976,215942
65551,215959
320,215965
492,215968
76,215969
231,215970
71711,215982
110395,215985
101084,215993
101084,215998
110747,216003
101084,216005
1013,216013
72147,216015
111715,216018
110580,216019
101083,216020
101083,216036
110741,216037
1028,216050
110580,216054
1877,216055
112409,216065
54,216071
112409,216072
112409,216079
67028,216097
665,216102
72039,216138
1746,216139
66,216150
110374,216158
111822,216181
73083,216182
25,216186
1930,216190
467,216194
922,216239
69,216247
503,216255
1944,216265
18,216266
9,216267
29,216275
232,216280
160,216283
230,216295
110588,216297
110145,216302
10,216320
10,216322
680,216334
241,216349
10029,216354
171,216377
234,216380
110700,216387
69,216388
229,216393
1879,216396
820,216408
111974,216409
46,216410
673,216428
109,216433
1788,216435
1896,216437
110832,216447
236,216449
1892,216451
1960,216453
1960,216459
212,216463
422,216464
1877,216466
1954,216467
112528,216476
111592,216477
13,216478
894,216479
1793,216481
378,216482
1793,216483
1793,216484
1793,216485
192,216486
531,216493
25,216497
25,216498
25,216503
110197,216507
1879,216520
1842,216523
112225,216534
160,216535
234,216547
1516,216549
111821,216570
461,216605
561,216627
1786,216633
46,216655
72136,216662
65563,216665
382,216692
101084,216700
67495,216701
1013,216706
506,216709
242,216728
144,216744
1788,216750
243,216755
1906,216774
237,216778
7,216794
7,216795
242,216796
199,216799
71481,216801
110374,216816
378,216834
650,216981
45,217007
4,217191
1882,217201
894,217203
111928,217217
674,217242
232,217287
237,217391
229,217584
650,217585
110109,217597
15005,217605
113157,217639
113157,217646
71824,217647
166,217648
101150,217649
65691,217650
73006,217653
95,217699
111678,217714
39,217729
111821,217730
47,217731
1938,217758
506,217787
1887,217802
110405,217807
1878,217813
4,217825
6358,217844
269,217845
112606,217852
450,217877
680,217940
101105,217998
110395,218191
1913,218212
1813,218292
23,218339
1960,218343
106,218359
112579,218464
113160,218471
689,218540
1952,218576
1793,218587
101083,218621
217,218623
472,218662
69,218667
72145,218687
111723,218727
55,218743
1917,218744
10,218745
10,218746
110832,218880
1862,218887
112791,218976
101102,218981
1893,218988
101097,219087
691,219120
110975,219145
101100,219158
111723,219160
110404,219167
100634,219174
1896,219181
110313,219216
88,219259
67176,219285
267,219409
1808,219411
112934,219413
1465,219447
10030,219449
1877,219455
298,219466
3,219467
55,219469
2239,219470
110316,219471
9,219482
111716,219487
110395,219491
433,219510
6389,219514
112533,219521
1013,219525
112992,219527
111723,219546
1848,219549
111022,219553
112578,219555
1906,219566
1853,219571
1896,219576
674,219581
1738,219582
110374,219584
110556,219591
226,219604
5,219605
111715,219617
101088,219623
101088,219625
479,219637
110145,219647
206,219655
192,219661
1815,219668
101088,219670
112904,219678
74,219680
21,219683
111138,219684
483,219688
6644,219690
71,219693
72854,219708
481,219712
112526,219717
55,219721
47,219726
1847,219727
463,219728
462,219730
18,219732
1530,219733
417,219736
605,219743
665,219754
209,219755
1837,219758
1873,219762
666,219765
100831,219777
110770,219779
614,219780
680,219781
1939,219785
101103,219787
74,219789
110326,219792
1920,219795
1932,219803
111140,219806
69,219809
1903,219813
100766,219825
243,219836
100831,219837
101106,219861
110714,219864
568,219879
110093,219881
112606,219886
101105,219903
101105,219904
29,219907
68971,219909
101083,219931
449,219932
1853,219933
111722,219942
81,219948
111715,219949
45,219957
110227,219962
1896,219978
110374,219985
50,219998
1920,220008
2,220014
110326,220029
1804,220031
1884,220035
1794,220038
3,220045
19,220059
55,220064
1938,220071
570,220084
1824,220085
111044,220087
325,220089
1934,220090
39,220093
100634,220118
110704,220122
2038,220127
50,220152
32,220165
1819,220172
13,220175
110109,220177
110831,220191
10,220196
463,220334
244,220348
112096,220356
1877,220358
111592,220380
573,220383
166,220414
212,220421
101085,220429
237,220432
244,220433
1823,220440
112398,220461
45,220464
39,220475
39,220477
64,220479
192,220488
54,220489
52,220513
112934,220522
1786,220569
873,220570
111091,220587
111239,220620
95,220633
110704,220637
481,220638
449,220640
650,220650
10,220654
36,220658
1801,220659
22,220671
1908,220673
110062,220684
10020,220685
1800,220697
687,220700
29,220708
110396,220715
1843,220720
110395,220726
237,220772
670,220782
10029,220785
702,220787
245,220793
112579,220805
72,220833
674,220837
1928,220862
72,220876
159,220878
240,220883
219,220886
1867,220889
1800,220894
111395,220897
436,220900
112276,220905
229,220908
45,220915
112389,220919
10020,220921
34,220925
112606,220934
127,220943
702,220969
319,220970
112172,220971
112958,221000
110694,221018
1516,221024
110704,221095
15,221106
247,221120
95,221125
457,221144
1795,221149
1920,221167
1837,221168
62,221177
237,221178
171,221201
88,221203
705,221206
112992,221235
110406,221250
1924,221251
110977,221266
1799,221269
705,221274
1793,221282
110854,221286
101101,221312
78,221322
226,221323
52,221331
44,221339
18,221354
9,221358
232,221367
112579,221378
112992,221382
110832,221422
31,221425
110746,221428
236,221433
705,221443
260,221452
112528,221461
101102,221463
1478,221467
1478,221475
1794,221479
101099,221480
112578,221481
1925,221486
23,221491
1920,221499
111139,221503
691,221505
503,221518
246,221521
1893,221540
100769,221551
920,221552
101103,221558
101101,221569
72671,221577
112992,221582
674,221584
94,221600
711,221603
711,221605
1738,221618
1876,221619
101112,221622
72220,221624
112828,221625
72355,221627
299,221631
1877,221634
243,221639
112139,221648
1475,221651
1867,221653
111139,221656
234,221660
920,221665
1842,221695
112828,221696
143,221697
598,221701
598,221702
1939,221705
689,221711
111651,221713
100325,221714
59,221740
234,221743
237,221750
325,221752
34,221753
110765,221789
1035,221794
22,221838
36,221860
1920,221887
110724,221891
52,221893
1909,221895
234,221907
66247,221911
1913,221919
463,221923
1786,221924
1862,221926
256,221944
232,221969
144,221982
101101,221984
1903,221986
110147,221992
670,221994
423,222007
112670,222018
256,222024
54,222041
46,222060
1871,222102
346,222114
72328,222124
1871,222148
101020,222151
237,222152
199,222153
2,222156
666,222158
29,222163
919,222165
1465,222215
68053,222226
1904,222262
36,222331
898,222352
110915,222355
34,222357
101105,222358
1893,222364
321,222369
54,222372
81,222387
66993,222393
18,222396
18,222420
112670,222428
1887,222457
232,222461
1794,222462
1932,222463
461,222464
110714,222467
34,222469
1913,222475
31,222484
112172,222485
492,222486
199,222488
34,222492
34,222493
39,222501
243,222509
110396,222511
101102,222535
110588,222546
32,222558
450,222571
346,222583
1900,222597
1795,222634
1882,222643
922,222665
112119,222671
897,222685
112115,222691
191,222692
112115,222697
110765,222698
1039,222715
1039,222738
503,222774
112409,222775
36,222825
7,222836
111379,222838
744,222843
1629,222844
236,222875
246,222900
127,222916
112606,222926
573,222943
110313,222947
55,222952
113147,222959
1938,222970
1909,222994
101025,222995
1924,223004
190,223010
459,223033
325,223046
459,223056
110109,223058
234,223061
110093,223065
1877,223066
94,223069
1944,223082
111396,223083
1932,223085
1794,223104
110749,223113
100634,223115
72294,223122
101033,223124
72667,223132
44,223137
15009,223142
1832,223143
175,223146
110169,223147
894,223151
742,223154
175,223188
483,223197
742,223199
234,223214
111560,223223
110093,223243
101085,223245
111710,223247
110398,223249
1754,223263
19,223264
1854,223266
579,223268
21,223271
110576,223282
1919,223283
1530,223284
112552,223288
44,223293
101014,223320
47,223329
15001,223332
10029,223334
111092,223370
241,223372
127,223381
7088,223422
15009,223427
15009,223429
66218,223441
112276,223445
110231,223457
110109,223458
1807,223473
110756,223479
110404,223495
110404,223498
66,223508
62,223510
1738,223511
1843,223524
110500,223537
614,223557
74,223568
100831,223576
110062,223578
110580,223593
112172,223595
112172,223596
57,223597
110482,223603
1968,223607
448,223608
72649,223615
10020,223623
112391,223629
101105,223637
110197,223652
110839,223659
111821,223672
110500,223678
34,223686
100634,223689
1906,223690
1447,223694
39,223697
112526,223721
101041,223726
1803,223727
1971,223730
111716,223734
101026,223736
445,223744
180,223746
110636,223755
23,223756
38,223765
110745,223779
245,223790
234,223816
485,223823
112904,223845
46,223848
666,223862
209,223867
10030,223885
1473,223896
294,223898
1824,223904
88,223916
14,223922
229,223926
1961,223941
1932,223953
232,223957
200,223959
1898,223966
65644,223997
110839,224003
110704,224009
110704,224010
1792,224013
46,224031
219,224032
110398,224065
1786,224067
226,224069
1900,224075
28,224090
110329,224091
1887,224095
1028,224103
110093,224104
1935,224110
1893,224116
1960,224130
101105,224142
1903,224158
483,224179
506,224180
247,224185
1925,224189
1053,224235
1939,224238
1906,224242
110178,224250
112670,224254
236,224293
8,224294
481,224297
1871,224302
22,224308
452,224309
820,224313
45,224316
111657,224319
175,224324
110831,224327
111710,224330
237,224334
898,224335
506,224349
65542,224365
1898,224376
112398,224378
112526,224388
100765,224394
112526,224407
234,224411
550,224432
433,224436
111091,224438
28,224440
110326,224442
110326,224444
2038,224455
229,224456
240,224458
110580,224459
110580,224461
1925,224494
247,224505
101084,224510
110580,224524
2,224525
1900,224537
1853,224540
111710,224542
45,224566
110150,224574
479,224600
34,224662
112172,224665
101025,224724
100766,224741
1823,224756
326,224774
205,224789
298,224792
110734,224805
110734,224808
219,224810
110093,224817
57,224826
111091,224836
1909,224841
100888,224869
299,224875
74,224882
70,224883
112510,224885
242,224890
234,224891
483,224911
192,224925
112409,224933
1788,224936
272,224940
1,224956
819,224964
674,224967
232,224970
38,224980
461,224981
570,224982
244,224986
192,224987
1848,225014
242,225018
1032,225021
7,225024
52,225034
64,225050
111239,225075
1819,225084
89,225100
1915,225114
897,225117
64,225120
149,225125
73,225146
65,225151
243,225161
1738,225173
479,225193
112392,225198
479,225201
22,225206
244,225261
1792,225279
1843,225332
1860,225344
457,225352
101100,225356
18,225361
1800,225363
294,225368
191,225375
19,225387
110395,225389
112172,225402
101025,225403
199,225430
110556,225439
1843,225440
89,225441
111327,225455
1039,225475
88,225476
110062,225507
73,225508
231,225530
5,225539
1816,225541
112254,225557
70,225584
1877,225590
483,225591
18,225625
112172,225632
1799,225650
110500,225654
111678,225659
110781,225664
100888,225673
113259,225680
212,225685
89,225694
69,225711
69,225712
73,225713
101083,225714
95,225719
503,225730
417,225731
171,225735
1831,225758
112224,225759
19,225769
175,225784
1,225785
10,225811
111396,225834
29,225849
68,225859
1832,225864
1860,225868
100424,225875
59,225934
543,225939
1053,225945
217,225950
256,225955
18,225998
18,225999
1571,226012
1794,226093
1951,226102
45,226108
65,226110
112259,226116
22,226129
1971,226174
112389,226181
111144,226203
1819,226205
480,226206
110580,226226
112903,226228
101088,226246
44,226267
110770,226268
1893,226278
55,226289
112523,226290
219,226295
112606,226299
234,226370
1876,226377
568,226378
110406,226379
1474,226380
72625,226397
72708,226407
112224,226408
112904,226419
321,226430
573,226456
300,226506
111035,226516
674,226517
710,226536
18,226537
1913,226539
112903,226542
101099,226543
66119,226545
326,226553
1913,226572
112579,226576
393,226583
110374,226601
110765,226617
1887,226626
191,226627
112579,226646
982,226651
72660,226659
111239,226686
10029,226706
247,226710
110500,226711
112903,226723
241,226753
111328,226757
110456,226789
673,226790
64,226791
72681,226797
111716,226798
312,226851
1913,226853
224,226861
86,226866
694,226874
67183,226928
321,227050
110714,227106
112903,227143
72996,227149
674,227150
101104,227153
112934,227159
112934,227163
112903,227164
112934,227170
112528,227175
112934,227179
1013,227215
73037,227216
210,227222
110915,227223
101114,227227
1893,227230
1960,227234
111821,227235
379,227236
101083,227274
101083,227275
112579,227289
467,227290
172,227370
111327,227394
101106,227398
112130,227418
73060,227443
236,227476
1917,227498
920,227509
506,227511
110406,227528
1877,227535
236,227536
1896,227539
245,227557
111091,227562
66629,227592
433,227603
1906,227622
52,227628
1903,227633
300,227638
300,227642
110373,227656
70,227667
83,227675
299,227685
898,227700
110911,227705
54,227732
101102,227740
111092,227766
111708,227772
1478,227788
110404,227798
111086,227802
1876,227803
110822,227813
1881,227817
110395,227823
325,227831
44,227832
702,227835
112199,227866
1757,227871
73,227877
561,227880
112934,227886
234,227890
111379,227897
1873,227898
241,227928
110197,227932
94,227974
1968,227976
1832,227978
111139,227985
450,227990
1909,228017
920,228092
226,228093
112670,228101
1477,228173
111715,228179
111395,228210
240,228221
36,228245
66074,228249
52,228251
100325,228261
72,228294
1,228295
100325,228312
1968,228326
10029,228336
80,228348
232,228349
232,228352
680,228353
59,228357
112259,228382
614,228386
110569,228388
1955,228408
299,228454
1478,228503
64,228509
1837,228514
1456,228519
234,228589
110770,228593
1832,228595
573,228600
111674,228610
169,228614
1738,228618
1800,228637
1903,228644
29,228645
1801,228658
100634,228666
1962,228668
100767,228674
1802,228685
7,228687
1907,228702
169,228717
112391,228752
321,228757
101106,228761
112526,228770
614,228774
1896,228782
110374,228786
112391,228794
312,228802
232,228804
483,228813
1932,228829
100409,228835
487,228861
650,228873
110576,228897
66,228898
378,228908
379,228932
47,228941
110704,228962
518,228967
1500,228971
111560,228980
112391,229023
242,229037
110827,229038
111817,229043
107,229051
101020,229056
159,229066
169,229071
269,229083
110152,229084
112122,229093
1902,229104
229,229107
101102,229108
159,229109
682,229138
44,229148
172,229171
112172,229172
160,229173
896,229260
900,229261
472,229270
1832,229271
172,229284
10032,229317
110831,229332
894,229336
7,229350
36,229354
100888,229359
2457,229380
101104,229381
73353,229384
2,229401
1447,229436
111817,229450
110373,229460
665,229475
666,229494
15012,229517
462,229518
236,229522
378,229542
10020,229556
191,229558
110396,229575
199,229582
25,229584
741,229596
518,229601
111560,229608
32,229610
320,229620
110832,229624
111592,229641
1788,229647
100766,229653
15019,229654
101100,229658
64,229670
110839,229677
12,229681
1896,229683
25,229702
1819,229704
1902,229711
254,229733
111592,229739
112425,229748
23,229752
503,229755
23,229756
110234,229773
100769,229784
15019,229790
111674,229810
111235,229819
244,229824
110915,229857
200,229868
110404,229872
1898,229890
1924,229895
467,229896
100651,229897
32,229906
110822,229909
1944,229914
100424,229923
567,229927
111817,229942
1808,229948
113157,229949
111139,229996
598,230012
2013,230015
72,230020
708,230021
1902,230036
110839,230037
1823,230043
101033,230072
1039,230086
45,230139
1746,230144
10019,230150
101099,230308
112225,230557
52,230558
110822,230560
166,230583
48,230613
101020,230623
383,230666
598,230672
55,230681
922,230682
741,230685
210,230686
111043,230740
1867,230750
234,230767
44,230800
190,230817
234,230824
741,230835
111239,230855
110456,230857
1796,230890
89,230899
112934,230906
112172,230928
112409,230934
1813,230969
111091,230976
110395,230977
744,230988
110329,230991
111974,231022
112218,231030
9,231033
172,231056
234,231119
450,231123
472,231128
224,231132
111592,231138
110062,231166
27,231197
1824,231205
72,231226
1809,231236
1788,231240
48,231242
100831,231280
72,231362
254,231366
111091,231392
234,231394
110714,231433
74,231443
113173,231488
101099,231495
143,231498
100325,231533
101099,231563
101099,231571
452,231601
110227,231638
322,231650
111723,231667
67090,231668
73024,231672
111393,231678
112578,231706
101033,231728
175,231745
1902,231754
100634,231823
1824,231834
101100,231868
31,231874
73040,231885
110581,231891
110765,231911
52,231917
100767,231927
1945,231929
1795,231943
420,231966
101112,231972
111138,231997
101104,232004
112934,232005
101106,232076
112828,232080
15019,232090
34,232097
219,232117
101104,232125
67977,232128
100766,232145
101100,232171
112130,232177
420,232209
1877,232240
1843,232291
111092,232294
112516,232296
110831,232327
110741,232340
111713,232342
111713,232344
73190,232346
1837,232363
111575,232365
73042,232369
111575,232371
73053,232373
112345,232376
111239,232377
111575,232379
111575,232380
111575,232382
101106,232395
110591,232406
1053,232440
112906,232441
112836,232447
73064,232451
101149,232454
112836,232461
111730,232464
111575,232466
101150,232467
112836,232469
73090,232473
112836,232478
112836,232505
101150,232507
7551,232512
111710,232516
101088,232546
112906,232561
73081,232568
112906,232573
101145,232577
65,232580
101145,232581
101144,232590
112345,232596
66944,232602
112093,232608
113157,232610
112093,232620
101149,232622
112115,232626
73097,232640
1795,232656
1539,232657
59,232665
111708,232670
175,232671
73089,232685
113160,232695
73091,232706
73114,232718
73092,232722
73096,232724
113160,232728
113160,232730
101144,232736
73338,232739
73098,232740
73100,232742
101151,232750
73139,232752
1952,232759
689,232761
112836,232768
112093,232800
110395,232801
461,232805
112906,232820
113157,232823
1477,232831
110231,232841
112345,232860
113160,232861
101149,232872
73125,232874
112444,232875
260,232883
111821,232900
5,232901
95,232905
101145,232908
111575,232909
113160,232919
101150,232926
113160,232929
69106,232954
112093,232968
113162,232991
1477,232997
111708,233029
101145,233055
1867,233074
112670,233085
100646,233096
28,233097
31,233125
111239,233135
111730,233140
101151,233145
67004,233149
110231,233157
86,233165
100769,233219
111730,233226
240,233241
17,233289
100765,233290
32,233305
1928,233310
10029,233314
112199,233400
244,233413
22,233419
111239,233443
1860,233470
378,233486
1847,233556
1806,233601
169,233608
1860,233631
23,233728
73,233729
73,233730
22,233731
112934,233781
112218,233840
112172,233880
896,233884
1794,233934
680,233965
7,234045
229,234078
598,234128
100765,234161
1915,234195
245,234196
100769,234212
1896,234226
267,234236
506,234278
506,234282
506,234283
100325,234298
111043,234355
503,234380
503,234387
531,234413
492,234416
110197,234418
237,234437
66679,234458
112670,234463
15001,234489
1917,234496
312,234566
518,234618
518,234621
219,234642
110854,234667
1902,234668
820,234678
65,234710
110839,234731
1569,234747
101148,234748
614,234750
244,234762
110854,234763
110832,234769
1968,234770
111264,234776
25,234777
110714,234781
2038,234785
110714,234788
100888,234789
212,234824
19,234826
110329,234827
100769,234857
110482,234874
1908,234889
1715,234912
1715,234913
74,234924
481,234930
36,234945
10019,234957
112508,234975
192,234989
10020,234993
110405,235047
110405,235049
1861,235093
1913,235154
111092,235169
44,235205
112172,235207
112172,235209
243,235213
47,235215
236,235225
112584,235228
112903,235234
112171,235239
110398,235258
54,235295
80,235320
112075,235322
112791,235328
52,235332
69,235333
68,235353
44,235378
52,235379
1738,235381
1881,235386
110832,235398
15009,235419
5,235450
461,235466
10020,235485
11,235496
110704,235521
2708,235552
312,235564
1813,235565
243,235623
112606,235626
1943,235700
1832,235800
234,235828
52,235889
54,235916
1824,235939
45,235942
479,235961
483,235971
245,236037
110101,236044
111239,236217
452,236301
1861,236304
52,236308
10019,236353
73,236454
212,236461
73,236496
100831,236508
217,236512
66,236513
29,236533
1867,236573
1860,236578
111393,236626
210,236629
598,236632
1896,236639
452,236692
59,236697
73,236723
175,236787
1843,236805
62,236813
321,236821
240,236837
62,236944
101114,237042
110147,237043
1039,237105
112906,237164
45,237181
112528,237244
112528,237246
111592,237247
55,237294
518,237313
744,237315
113458,237353
113458,237364
894,237420
112093,237429
112670,237445
10031,237456
106,237471
245,237502
1861,237515
100831,237522
232,237527
236,237532
112171,237538
171,237540
47,237544
506,237602
34,237647
226,237678
689,237682
7,237683
73340,237779
101147,237780
2707,237797
111730,237799
674,237804
111678,238114
101150,238137
483,238225
919,238263
200,238282
25,238321
149,238450
240,238461
110169,238486
110592,238559
7828,238561
110700,238599
112172,238618
100424,238619
492,238631
110592,238642
110592,238643
110588,238647
110591,238649
110741,238655
323,238657
73371,238658
507,238666
550,238667
507,238668
165,238670
10029,238675
111379,238684
7867,238685
111379,238694
111379,238699
561,238717
110694,238784
110694,238785
110694,238798
507,238802
666,238830
47,238847
1909,238851
1035,238858
598,238862
10031,238867
1807,238868
463,238900
492,238936
550,238949
22,238973
110694,238981
110588,238984
113720,239156
73,239210
483,239212
110704,239233
112508,239237
100769,239296
9,239305
23,239323
1530,239324
69,239329
112172,239340
65676,239417
69,239441
236,239486
21,239492
11,239512
44,239550
110588,239567
32,239571
1530,239589
47,239613
479,239614
234,239641
1867,239651
1871,239656
112172,239686
110592,239690
1923,239693
110101,239715
110101,239721
110588,239724
171,239776
192,239795
52,239807
73,239817
166,239909
236,239923
100767,239938
1896,239949
100409,240027
483,240125
461,240149
9,240171
212,240257
573,240289
111434,240314
200,240360
47,240361
110714,240410
236,240459
449,240529
110832,240588
110147,240662
